target	formula_rank	alloc_n	alloc_m	alloc_p	source	s3_code
8x8x8	343	2,2,2,2	2,2,2,2	2,2,2,2	8x8x8	0
8x8x9	407	2,2,2,2	2,2,2,2	2,2,2,3	8x8x9	0
8x8x10	455	2,2,2,2	2,2,2,2	2,2,3,3	8x8x10	0
8x8x11	511	2,2,2,2	2,2,2,2	2,3,3,3	8x8x11	0
8x8x12	539	2,2,2,2	2,2,2,2	3,3,3,3	8x8x12	0
8x8x13	587	2,2,2,2	2,2,2,2	3,3,3,4	8x8x13	0
8x8x14	623	2,2,2,2	2,2,2,2	3,3,4,4	8x8x14	0
8x8x15	665	2,2,2,2	2,2,2,2	3,4,4,4	8x8x15	0
8x8x16	686	2,2,2,2	2,2,2,2	4,4,4,4	8x8x16	0
8x8x17	750	2,2,2,2	2,2,2,2	4,4,4,5	8x8x17	0
8x8x18	798	2,2,2,2	2,2,2,2	4,4,5,5	8x8x18	0
8x8x19	854	2,2,2,2	2,2,2,2	4,5,5,5	8x8x19	0
8x8x20	882	2,2,2,2	2,2,2,2	5,5,5,5	8x8x20	0
8x8x21	930	2,2,2,2	2,2,2,2	5,5,5,6	8x8x21	0
8x8x22	966	2,2,2,2	2,2,2,2	5,5,6,6	8x8x22	0
8x8x23	1008	2,2,2,2	2,2,2,2	5,6,6,6	8x8x23	0
8x8x24	1029	2,2,2,2	2,2,2,2	6,6,6,6	8x8x24	0
8x8x25	1093	2,2,2,2	2,2,2,2	6,6,6,7	8x8x25	0
8x8x26	1141	2,2,2,2	2,2,2,2	6,6,7,7	8x8x26	0
8x8x27	1197	2,2,2,2	2,2,2,2	6,7,7,7	8x8x27	0
8x8x28	1225	2,2,2,2	2,2,2,2	7,7,7,7	8x8x28	0
8x8x29	1273	2,2,2,2	2,2,2,2	7,7,7,8	8x8x29	0
8x8x30	1309	2,2,2,2	2,2,2,2	7,7,8,8	8x8x30	0
8x8x31	1351	2,2,2,2	2,2,2,2	7,8,8,8	8x8x31	0
8x8x32	1372	2,2,2,2	2,2,2,2	8,8,8,8	8x8x32	0
8x9x9	471	2,2,2,2	2,2,2,3	2,2,2,3	8x9x9	0
8x9x10	519	2,2,2,2	2,2,2,3	2,2,3,3	8x9x10	0
8x9x11	575	2,2,2,2	2,2,2,3	2,3,3,3	8x9x11	0
8x9x12	603	2,2,2,2	2,2,2,3	3,3,3,3	8x9x12	0
8x9x13	659	3,3,3,4	2,2,2,2	2,3,2,2	13x8x9	1
8x9x14	703	2,2,2,2	2,2,2,3	3,4,3,4	8x9x14	0
8x9x15	753	2,2,2,2	2,2,3,2	4,4,4,3	8x9x15	0
8x9x16	782	2,2,2,2	2,2,2,3	4,4,4,4	8x9x16	0
8x9x17	850	4,4,4,5	2,2,2,2	2,3,2,2	17x8x9	1
8x9x18	902	2,2,2,2	2,2,2,3	4,5,4,5	8x9x18	0
8x9x19	962	2,2,2,2	2,2,3,2	5,5,5,4	8x9x19	0
8x9x20	994	2,2,2,2	2,2,2,3	5,5,5,5	8x9x20	0
8x9x21	1050	5,5,5,6	2,2,2,2	2,3,2,2	21x8x9	1
8x9x22	1094	2,2,2,2	2,2,2,3	5,6,5,6	8x9x22	0
8x9x23	1144	2,2,2,2	2,2,3,2	6,6,6,5	8x9x23	0
8x9x24	1173	2,2,2,2	2,2,2,3	6,6,6,6	8x9x24	0
8x9x25	1241	6,6,6,7	2,2,2,2	2,3,2,2	25x8x9	1
8x9x26	1293	2,2,2,2	2,2,2,3	6,7,6,7	8x9x26	0
8x9x27	1353	2,2,2,2	2,2,3,2	7,7,7,6	8x9x27	0
8x9x28	1385	2,2,2,2	2,2,2,3	7,7,7,7	8x9x28	0
8x9x29	1441	7,7,7,8	2,2,2,2	2,3,2,2	29x8x9	1
8x9x30	1485	2,2,2,2	2,2,2,3	7,8,7,8	8x9x30	0
8x9x31	1535	2,2,2,2	2,2,3,2	8,8,8,7	8x9x31	0
8x9x32	1564	2,2,2,2	2,2,2,3	8,8,8,8	8x9x32	0
8x10x10	567	2,2,2,2	2,2,3,3	2,2,3,3	8x10x10	0
8x10x11	623	2,2,2,2	2,2,3,3	2,3,3,3	8x10x11	0
8x10x12	651	2,2,2,2	2,2,3,3	3,3,3,3	8x10x12	0
8x10x13	715	2,2,2,2	2,3,2,3	3,3,3,4	8x10x13	0
8x10x14	763	2,2,2,2	2,3,2,3	3,4,3,4	8x10x14	0
8x10x15	823	2,2,2,2	2,2,3,3	4,4,4,3	8x10x15	0
8x10x16	854	2,2,2,2	2,2,3,3	4,4,4,4	8x10x16	0
8x10x17	926	2,2,2,2	2,3,2,3	4,4,4,5	8x10x17	0
8x10x18	980	2,2,2,2	2,3,2,3	4,5,4,5	8x10x18	0
8x10x19	1045	2,2,2,2	2,2,3,3	5,5,5,4	8x10x19	0
8x10x20	1078	2,2,2,2	2,2,3,3	5,5,5,5	8x10x20	0
8x10x21	1142	2,2,2,2	2,3,2,3	5,5,5,6	8x10x21	0
8x10x22	1190	2,2,2,2	2,3,2,3	5,6,5,6	8x10x22	0
8x10x23	1250	2,2,2,2	2,2,3,3	6,6,6,5	8x10x23	0
8x10x24	1281	2,2,2,2	2,2,3,3	6,6,6,6	8x10x24	0
8x10x25	1353	2,2,2,2	2,3,2,3	6,6,6,7	8x10x25	0
8x10x26	1407	2,2,2,2	2,3,2,3	6,7,6,7	8x10x26	0
8x10x27	1472	2,2,2,2	2,2,3,3	7,7,7,6	8x10x27	0
8x10x28	1505	2,2,2,2	2,2,3,3	7,7,7,7	8x10x28	0
8x10x29	1569	2,2,2,2	2,3,2,3	7,7,7,8	8x10x29	0
8x10x30	1617	2,2,2,2	2,3,2,3	7,8,7,8	8x10x30	0
8x10x31	1677	2,2,2,2	2,2,3,3	8,8,8,7	8x10x31	0
8x10x32	1708	2,2,2,2	2,2,3,3	8,8,8,8	8x10x32	0
8x11x11	679	2,2,2,2	2,3,3,3	2,3,3,3	8x11x11	0
8x11x12	707	2,2,2,2	2,3,3,3	3,3,3,3	8x11x12	0
8x11x13	779	2,2,2,2	2,3,3,3	3,4,3,3	8x11x13	0
8x11x14	837	2,2,2,2	2,3,3,3	3,4,3,4	8x11x14	0
8x11x15	903	2,2,2,2	2,3,3,3	3,4,4,4	8x11x15	0
8x11x16	938	2,2,2,2	2,3,3,3	4,4,4,4	8x11x16	0
8x11x17	1014	2,2,2,2	2,3,3,3	4,5,4,4	8x11x17	0
8x11x18	1073	2,2,2,2	2,3,3,3	4,5,4,5	8x11x18	0
8x11x19	1141	2,2,2,2	2,3,3,3	4,5,5,5	8x11x19	0
8x11x20	1176	2,2,2,2	2,3,3,3	5,5,5,5	8x11x20	0
8x11x21	1248	2,2,2,2	2,3,3,3	5,6,5,5	8x11x21	0
8x11x22	1306	2,2,2,2	2,3,3,3	5,6,5,6	8x11x22	0
8x11x23	1372	2,2,2,2	2,3,3,3	5,6,6,6	8x11x23	0
8x11x24	1407	2,2,2,2	2,3,3,3	6,6,6,6	8x11x24	0
8x11x25	1483	2,2,2,2	2,3,3,3	6,7,6,6	8x11x25	0
8x11x26	1542	2,2,2,2	2,3,3,3	6,7,6,7	8x11x26	0
8x11x27	1610	2,2,2,2	2,3,3,3	6,7,7,7	8x11x27	0
8x11x28	1645	2,2,2,2	2,3,3,3	7,7,7,7	8x11x28	0
8x11x29	1717	2,2,2,2	2,3,3,3	7,8,7,7	8x11x29	0
8x11x30	1775	2,2,2,2	2,3,3,3	7,8,7,8	8x11x30	0
8x11x31	1841	2,2,2,2	2,3,3,3	7,8,8,8	8x11x31	0
8x11x32	1876	2,2,2,2	2,3,3,3	8,8,8,8	8x11x32	0
8x12x12	735	2,2,2,2	3,3,3,3	3,3,3,3	8x12x12	0
8x12x13	815	2,2,2,2	3,3,3,3	3,3,3,4	8x12x13	0
8x12x14	875	2,2,2,2	3,3,3,3	3,3,4,4	8x12x14	0
8x12x15	945	2,2,2,2	3,3,3,3	3,4,4,4	8x12x15	0
8x12x16	980	2,2,2,2	3,3,3,3	4,4,4,4	8x12x16	0
8x12x17	1060	2,2,2,2	3,3,3,3	4,4,4,5	8x12x17	0
8x12x18	1120	2,2,2,2	3,3,3,3	4,4,5,5	8x12x18	0
8x12x19	1190	2,2,2,2	3,3,3,3	4,5,5,5	8x12x19	0
8x12x20	1225	2,2,2,2	3,3,3,3	5,5,5,5	8x12x20	0
8x12x21	1305	2,2,2,2	3,3,3,3	5,5,5,6	8x12x21	0
8x12x22	1365	2,2,2,2	3,3,3,3	5,5,6,6	8x12x22	0
8x12x23	1435	2,2,2,2	3,3,3,3	5,6,6,6	8x12x23	0
8x12x24	1470	2,2,2,2	3,3,3,3	6,6,6,6	8x12x24	0
8x12x25	1550	2,2,2,2	3,3,3,3	6,6,6,7	8x12x25	0
8x12x26	1610	2,2,2,2	3,3,3,3	6,6,7,7	8x12x26	0
8x12x27	1680	2,2,2,2	3,3,3,3	6,7,7,7	8x12x27	0
8x12x28	1715	2,2,2,2	3,3,3,3	7,7,7,7	8x12x28	0
8x12x29	1795	2,2,2,2	3,3,3,3	7,7,7,8	8x12x29	0
8x12x30	1855	2,2,2,2	3,3,3,3	7,7,8,8	8x12x30	0
8x12x31	1925	2,2,2,2	3,3,3,3	7,8,8,8	8x12x31	0
8x12x32	1960	2,2,2,2	3,3,3,3	8,8,8,8	8x12x32	0
8x13x13	899	3,3,3,4	3,4,3,3	2,2,2,2	13x13x8	3
8x13x14	963	2,2,2,2	3,3,3,4	3,4,3,4	8x13x14	0
8x13x15	1037	2,2,2,2	3,3,4,3	4,4,4,3	8x13x15	0
8x13x16	1076	2,2,2,2	3,3,3,4	4,4,4,4	8x13x16	0
8x13x17	1164	4,4,4,5	2,2,2,2	3,4,3,3	17x8x13	1
8x13x18	1232	2,2,2,2	3,3,3,4	4,5,4,5	8x13x18	0
8x13x19	1310	2,2,2,2	3,3,4,3	5,5,5,4	8x13x19	0
8x13x20	1353	2,2,2,2	3,3,3,4	5,5,5,5	8x13x20	0
8x13x21	1437	5,5,5,6	2,2,2,2	3,4,3,3	21x8x13	1
8x13x22	1501	2,2,2,2	3,3,3,4	5,6,5,6	8x13x22	0
8x13x23	1575	2,2,2,2	3,3,4,3	6,6,6,5	8x13x23	0
8x13x24	1614	2,2,2,2	3,3,3,4	6,6,6,6	8x13x24	0
8x13x25	1698	6,6,6,7	2,2,2,2	3,4,3,3	25x8x13	1
8x13x26	1762	2,2,2,2	3,3,3,4	6,7,6,7	8x13x26	0
8x13x27	1836	2,2,2,2	3,3,4,3	7,7,7,6	8x13x27	0
8x13x28	1875	2,2,2,2	3,3,3,4	7,7,7,7	8x13x28	0
8x13x29	1959	7,7,7,8	2,2,2,2	3,4,3,3	29x8x13	1
8x13x30	2023	2,2,2,2	3,3,3,4	7,8,7,8	8x13x30	0
8x13x31	2097	2,2,2,2	3,3,4,3	8,8,8,7	8x13x31	0
8x13x32	2136	2,2,2,2	3,3,3,4	8,8,8,8	8x13x32	0
8x14x14	1029	2,2,2,2	3,4,3,4	3,4,3,4	8x14x14	0
8x14x15	1108	2,2,2,2	3,3,4,4	4,4,4,3	8x14x15	0
8x14x16	1148	2,2,2,2	3,3,4,4	4,4,4,4	8x14x16	0
8x14x17	1244	2,2,2,2	3,4,3,4	4,4,4,5	8x14x17	0
8x14x18	1316	2,2,2,2	3,4,3,4	4,5,4,5	8x14x18	0
8x14x19	1404	2,2,2,2	3,3,4,4	5,5,5,4	8x14x19	0
8x14x20	1449	2,2,2,2	3,3,4,4	5,5,5,5	8x14x20	0
8x14x21	1537	2,2,2,2	3,4,3,4	5,5,5,6	8x14x21	0
8x14x22	1603	2,2,2,2	3,4,3,4	5,6,5,6	8x14x22	0
8x14x23	1682	2,2,2,2	3,3,4,4	6,6,6,5	8x14x23	0
8x14x24	1722	2,2,2,2	3,3,4,4	6,6,6,6	8x14x24	0
8x14x25	1810	2,2,2,2	3,4,3,4	6,6,6,7	8x14x25	0
8x14x26	1876	2,2,2,2	3,4,3,4	6,7,6,7	8x14x26	0
8x14x27	1955	2,2,2,2	3,3,4,4	7,7,7,6	8x14x27	0
8x14x28	1995	2,2,2,2	3,3,4,4	7,7,7,7	8x14x28	0
8x14x29	2083	2,2,2,2	3,4,3,4	7,7,7,8	8x14x29	0
8x14x30	2149	2,2,2,2	3,4,3,4	7,8,7,8	8x14x30	0
8x14x31	2228	2,2,2,2	3,3,4,4	8,8,8,7	8x14x31	0
8x14x32	2268	2,2,2,2	3,3,4,4	8,8,8,8	8x14x32	0
8x15x15	1190	2,2,2,2	3,4,4,4	3,4,4,4	8x15x15	0
8x15x16	1232	2,2,2,2	3,4,4,4	4,4,4,4	8x15x16	0
8x15x17	1336	2,2,2,2	3,4,4,4	4,5,4,4	8x15x17	0
8x15x18	1418	2,2,2,2	3,4,4,4	4,5,4,5	8x15x18	0
8x15x19	1512	2,2,2,2	3,4,4,4	4,5,5,5	8x15x19	0
8x15x20	1561	2,2,2,2	3,4,4,4	5,5,5,5	8x15x20	0
8x15x21	1653	2,2,2,2	3,4,4,4	5,6,5,5	8x15x21	0
8x15x22	1724	2,2,2,2	3,4,4,4	5,6,5,6	8x15x22	0
8x15x23	1806	2,2,2,2	3,4,4,4	5,6,6,6	8x15x23	0
8x15x24	1848	2,2,2,2	3,4,4,4	6,6,6,6	8x15x24	0
8x15x25	1940	2,2,2,2	3,4,4,4	6,7,6,6	8x15x25	0
8x15x26	2011	2,2,2,2	3,4,4,4	6,7,6,7	8x15x26	0
8x15x27	2093	2,2,2,2	3,4,4,4	6,7,7,7	8x15x27	0
8x15x28	2135	2,2,2,2	3,4,4,4	7,7,7,7	8x15x28	0
8x15x29	2227	2,2,2,2	3,4,4,4	7,8,7,7	8x15x29	0
8x15x30	2298	2,2,2,2	3,4,4,4	7,8,7,8	8x15x30	0
8x15x31	2380	2,2,2,2	3,4,4,4	7,8,8,8	8x15x31	0
8x15x32	2422	2,2,2,2	3,4,4,4	8,8,8,8	8x15x32	0
8x16x16	1274	2,2,2,2	4,4,4,4	4,4,4,4	8x16x16	0
8x16x17	1386	2,2,2,2	4,4,4,4	4,4,4,5	8x16x17	0
8x16x18	1470	2,2,2,2	4,4,4,4	4,4,5,5	8x16x18	0
8x16x19	1568	2,2,2,2	4,4,4,4	4,5,5,5	8x16x19	0
8x16x20	1617	2,2,2,2	4,4,4,4	5,5,5,5	8x16x20	0
8x16x21	1713	2,2,2,2	4,4,4,4	5,5,5,6	8x16x21	0
8x16x22	1785	2,2,2,2	4,4,4,4	5,5,6,6	8x16x22	0
8x16x23	1869	2,2,2,2	4,4,4,4	5,6,6,6	8x16x23	0
8x16x24	1911	2,2,2,2	4,4,4,4	6,6,6,6	8x16x24	0
8x16x25	2007	2,2,2,2	4,4,4,4	6,6,6,7	8x16x25	0
8x16x26	2079	2,2,2,2	4,4,4,4	6,6,7,7	8x16x26	0
8x16x27	2163	2,2,2,2	4,4,4,4	6,7,7,7	8x16x27	0
8x16x28	2205	2,2,2,2	4,4,4,4	7,7,7,7	8x16x28	0
8x16x29	2301	2,2,2,2	4,4,4,4	7,7,7,8	8x16x29	0
8x16x30	2373	2,2,2,2	4,4,4,4	7,7,8,8	8x16x30	0
8x16x31	2457	2,2,2,2	4,4,4,4	7,8,8,8	8x16x31	0
8x16x32	2499	2,2,2,2	4,4,4,4	8,8,8,8	8x16x32	0
8x17x17	1498	2,2,2,2	4,4,4,5	4,4,4,5	8x17x17	0
8x17x18	1582	2,2,2,2	4,4,4,5	4,4,5,5	8x17x18	0
8x17x19	1680	2,2,2,2	4,4,4,5	4,5,5,5	8x17x19	0
8x17x20	1729	2,2,2,2	4,4,4,5	5,5,5,5	8x17x20	0
8x17x21	1829	5,5,5,6	2,2,2,2	4,5,4,4	21x8x17	1
8x17x22	1905	2,2,2,2	4,4,4,5	5,6,5,6	8x17x22	0
8x17x23	1993	2,2,2,2	4,4,5,4	6,6,6,5	8x17x23	0
8x17x24	2039	2,2,2,2	4,4,4,5	6,6,6,6	8x17x24	0
8x17x25	2143	6,6,6,7	2,2,2,2	4,5,4,4	25x8x17	1
8x17x26	2223	2,2,2,2	4,4,4,5	6,7,6,7	8x17x26	0
8x17x27	2315	2,2,2,2	4,4,5,4	7,7,7,6	8x17x27	0
8x17x28	2365	2,2,2,2	4,4,4,5	7,7,7,7	8x17x28	0
8x17x29	2469	7,7,7,8	2,2,2,2	4,5,4,4	29x8x17	1
8x17x30	2549	2,2,2,2	4,4,4,5	7,8,7,8	8x17x30	0
8x17x31	2641	2,2,2,2	4,4,5,4	8,8,8,7	8x17x31	0
8x17x32	2691	2,2,2,2	4,4,4,5	8,8,8,8	8x17x32	0
8x18x18	1666	2,2,2,2	4,4,5,5	4,4,5,5	8x18x18	0
8x18x19	1764	2,2,2,2	4,4,5,5	4,5,5,5	8x18x19	0
8x18x20	1813	2,2,2,2	4,4,5,5	5,5,5,5	8x18x20	0
8x18x21	1917	2,2,2,2	4,5,4,5	5,5,5,6	8x18x21	0
8x18x22	1995	2,2,2,2	4,5,4,5	5,6,5,6	8x18x22	0
8x18x23	2088	2,2,2,2	4,4,5,5	6,6,6,5	8x18x23	0
8x18x24	2135	2,2,2,2	4,4,5,5	6,6,6,6	8x18x24	0
8x18x25	2247	2,2,2,2	4,5,4,5	6,6,6,7	8x18x25	0
8x18x26	2331	2,2,2,2	4,5,4,5	6,7,6,7	8x18x26	0
8x18x27	2433	2,2,2,2	4,4,5,5	7,7,7,6	8x18x27	0
8x18x28	2485	2,2,2,2	4,4,5,5	7,7,7,7	8x18x28	0
8x18x29	2597	2,2,2,2	4,5,4,5	7,7,7,8	8x18x29	0
8x18x30	2681	2,2,2,2	4,5,4,5	7,8,7,8	8x18x30	0
8x18x31	2783	2,2,2,2	4,4,5,5	8,8,8,7	8x18x31	0
8x18x32	2835	2,2,2,2	4,4,5,5	8,8,8,8	8x18x32	0
8x19x19	1862	2,2,2,2	4,5,5,5	4,5,5,5	8x19x19	0
8x19x20	1911	2,2,2,2	4,5,5,5	5,5,5,5	8x19x20	0
8x19x21	2019	2,2,2,2	4,5,5,5	5,6,5,5	8x19x21	0
8x19x22	2102	2,2,2,2	4,5,5,5	5,6,5,6	8x19x22	0
8x19x23	2198	2,2,2,2	4,5,5,5	5,6,6,6	8x19x23	0
8x19x24	2247	2,2,2,2	4,5,5,5	6,6,6,6	8x19x24	0
8x19x25	2367	2,2,2,2	4,5,5,5	6,7,6,6	8x19x25	0
8x19x26	2461	2,2,2,2	4,5,5,5	6,7,6,7	8x19x26	0
8x19x27	2569	2,2,2,2	4,5,5,5	6,7,7,7	8x19x27	0
8x19x28	2625	2,2,2,2	4,5,5,5	7,7,7,7	8x19x28	0
8x19x29	2745	2,2,2,2	4,5,5,5	7,8,7,7	8x19x29	0
8x19x30	2839	2,2,2,2	4,5,5,5	7,8,7,8	8x19x30	0
8x19x31	2947	2,2,2,2	4,5,5,5	7,8,8,8	8x19x31	0
8x19x32	3003	2,2,2,2	4,5,5,5	8,8,8,8	8x19x32	0
8x20x20	1960	2,2,2,2	5,5,5,5	5,5,5,5	8x20x20	0
8x20x21	2072	2,2,2,2	5,5,5,5	5,5,5,6	8x20x21	0
8x20x22	2156	2,2,2,2	5,5,5,5	5,5,6,6	8x20x22	0
8x20x23	2254	2,2,2,2	5,5,5,5	5,6,6,6	8x20x23	0
8x20x24	2303	2,2,2,2	5,5,5,5	6,6,6,6	8x20x24	0
8x20x25	2431	2,2,2,2	5,5,5,5	6,6,6,7	8x20x25	0
8x20x26	2527	2,2,2,2	5,5,5,5	6,6,7,7	8x20x26	0
8x20x27	2639	2,2,2,2	5,5,5,5	6,7,7,7	8x20x27	0
8x20x28	2695	2,2,2,2	5,5,5,5	7,7,7,7	8x20x28	0
8x20x29	2823	2,2,2,2	5,5,5,5	7,7,7,8	8x20x29	0
8x20x30	2919	2,2,2,2	5,5,5,5	7,7,8,8	8x20x30	0
8x20x31	3031	2,2,2,2	5,5,5,5	7,8,8,8	8x20x31	0
8x20x32	3087	2,2,2,2	5,5,5,5	8,8,8,8	8x20x32	0
8x21x21	2192	5,5,5,6	5,6,5,5	2,2,2,2	21x21x8	3
8x21x22	2284	2,2,2,2	5,5,5,6	5,6,5,6	8x21x22	0
8x21x23	2390	2,2,2,2	5,5,6,5	6,6,6,5	8x21x23	0
8x21x24	2447	2,2,2,2	5,5,5,6	6,6,6,6	8x21x24	0
8x21x25	2583	6,6,6,7	2,2,2,2	5,6,5,5	25x8x21	1
8x21x26	2687	2,2,2,2	5,5,5,6	6,7,6,7	8x21x26	0
8x21x27	2807	2,2,2,2	5,5,6,5	7,7,7,6	8x21x27	0
8x21x28	2871	2,2,2,2	5,5,5,6	7,7,7,7	8x21x28	0
8x21x29	3003	7,7,7,8	2,2,2,2	5,6,5,5	29x8x21	1
8x21x30	3103	2,2,2,2	5,5,5,6	7,8,7,8	8x21x30	0
8x21x31	3219	2,2,2,2	5,5,6,5	8,8,8,7	8x21x31	0
8x21x32	3279	2,2,2,2	5,5,5,6	8,8,8,8	8x21x32	0
8x22x22	2380	2,2,2,2	5,6,5,6	5,6,5,6	8x22x22	0
8x22x23	2496	2,2,2,2	5,5,6,6	6,6,6,5	8x22x23	0
8x22x24	2555	2,2,2,2	5,5,6,6	6,6,6,6	8x22x24	0
8x22x25	2699	2,2,2,2	5,6,5,6	6,6,6,7	8x22x25	0
8x22x26	2807	2,2,2,2	5,6,5,6	6,7,6,7	8x22x26	0
8x22x27	2937	2,2,2,2	5,5,6,6	7,7,7,6	8x22x27	0
8x22x28	3003	2,2,2,2	5,5,6,6	7,7,7,7	8x22x28	0
8x22x29	3139	2,2,2,2	5,6,5,6	7,7,7,8	8x22x29	0
8x22x30	3241	2,2,2,2	5,6,5,6	7,8,7,8	8x22x30	0
8x22x31	3362	2,2,2,2	5,5,6,6	8,8,8,7	8x22x31	0
8x22x32	3423	2,2,2,2	5,5,6,6	8,8,8,8	8x22x32	0
8x23x23	2618	2,2,2,2	5,6,6,6	5,6,6,6	8x23x23	0
8x23x24	2681	2,2,2,2	5,6,6,6	6,6,6,6	8x23x24	0
8x23x25	2833	2,2,2,2	5,6,6,6	6,7,6,6	8x23x25	0
8x23x26	2951	2,2,2,2	5,6,6,6	6,7,6,7	8x23x26	0
8x23x27	3087	2,2,2,2	5,6,6,6	6,7,7,7	8x23x27	0
8x23x28	3157	2,2,2,2	5,6,6,6	7,7,7,7	8x23x28	0
8x23x29	3297	2,2,2,2	5,6,6,6	7,8,7,7	8x23x29	0
8x23x30	3404	2,2,2,2	5,6,6,6	7,8,7,8	8x23x30	0
8x23x31	3528	2,2,2,2	5,6,6,6	7,8,8,8	8x23x31	0
8x23x32	3591	2,2,2,2	5,6,6,6	8,8,8,8	8x23x32	0
8x24x24	2744	2,2,2,2	6,6,6,6	6,6,6,6	8x24x24	0
8x24x25	2904	2,2,2,2	6,6,6,6	6,6,6,7	8x24x25	0
8x24x26	3024	2,2,2,2	6,6,6,6	6,6,7,7	8x24x26	0
8x24x27	3164	2,2,2,2	6,6,6,6	6,7,7,7	8x24x27	0
8x24x28	3234	2,2,2,2	6,6,6,6	7,7,7,7	8x24x28	0
8x24x29	3378	2,2,2,2	6,6,6,6	7,7,7,8	8x24x29	0
8x24x30	3486	2,2,2,2	6,6,6,6	7,7,8,8	8x24x30	0
8x24x31	3612	2,2,2,2	6,6,6,6	7,8,8,8	8x24x31	0
8x24x32	3675	2,2,2,2	6,6,6,6	8,8,8,8	8x24x32	0
8x25x25	3064	2,2,2,2	6,6,6,7	6,6,6,7	8x25x25	0
8x25x26	3184	2,2,2,2	6,6,6,7	6,6,7,7	8x25x26	0
8x25x27	3324	2,2,2,2	6,6,6,7	6,7,7,7	8x25x27	0
8x25x28	3394	2,2,2,2	6,6,6,7	7,7,7,7	8x25x28	0
8x25x29	3550	7,7,7,8	2,2,2,2	6,7,6,6	29x8x25	1
8x25x30	3670	2,2,2,2	6,6,6,7	7,8,7,8	8x25x30	0
8x25x31	3808	2,2,2,2	6,6,7,6	8,8,8,7	8x25x31	0
8x25x32	3883	2,2,2,2	6,6,6,7	8,8,8,8	8x25x32	0
8x26x26	3304	2,2,2,2	6,6,7,7	6,6,7,7	8x26x26	0
8x26x27	3444	2,2,2,2	6,6,7,7	6,7,7,7	8x26x27	0
8x26x28	3514	2,2,2,2	6,6,7,7	7,7,7,7	8x26x28	0
8x26x29	3682	2,2,2,2	6,7,6,7	7,7,7,8	8x26x29	0
8x26x30	3808	2,2,2,2	6,7,6,7	7,8,7,8	8x26x30	0
8x26x31	3961	2,2,2,2	6,6,7,7	8,8,8,7	8x26x31	0
8x26x32	4039	2,2,2,2	6,6,7,7	8,8,8,8	8x26x32	0
8x27x27	3584	2,2,2,2	6,7,7,7	6,7,7,7	8x27x27	0
8x27x28	3654	2,2,2,2	6,7,7,7	7,7,7,7	8x27x28	0
8x27x29	3834	2,2,2,2	6,7,7,7	7,8,7,7	8x27x29	0
8x27x30	3975	2,2,2,2	6,7,7,7	7,8,7,8	8x27x30	0
8x27x31	4137	2,2,2,2	6,7,7,7	7,8,8,8	8x27x31	0
8x27x32	4221	2,2,2,2	6,7,7,7	8,8,8,8	8x27x32	0
8x28x28	3724	2,2,2,2	7,7,7,7	7,7,7,7	8x28x28	0
8x28x29	3916	2,2,2,2	7,7,7,7	7,7,7,8	8x28x29	0
8x28x30	4060	2,2,2,2	7,7,7,7	7,7,8,8	8x28x30	0
8x28x31	4228	2,2,2,2	7,7,7,7	7,8,8,8	8x28x31	0
8x28x32	4312	2,2,2,2	7,7,7,7	8,8,8,8	8x28x32	0
8x29x29	4108	2,2,2,2	7,7,7,8	7,7,7,8	8x29x29	0
8x29x30	4252	2,2,2,2	7,7,7,8	7,7,8,8	8x29x30	0
8x29x31	4420	2,2,2,2	7,7,7,8	7,8,8,8	8x29x31	0
8x29x32	4504	2,2,2,2	7,7,7,8	8,8,8,8	8x29x32	0
8x30x30	4396	2,2,2,2	7,7,8,8	7,7,8,8	8x30x30	0
8x30x31	4564	2,2,2,2	7,7,8,8	7,8,8,8	8x30x31	0
8x30x32	4648	2,2,2,2	7,7,8,8	8,8,8,8	8x30x32	0
8x31x31	4732	2,2,2,2	7,8,8,8	7,8,8,8	8x31x31	0
8x31x32	4816	2,2,2,2	7,8,8,8	8,8,8,8	8x31x32	0
8x32x32	4900	2,2,2,2	8,8,8,8	8,8,8,8	8x32x32	0
9x9x9	539	2,2,2,3	2,3,2,2	2,3,2,2	9x9x9	0
9x9x10	591	2,2,2,3	2,3,2,2	2,3,2,3	9x9x10	0
9x9x11	651	2,2,2,3	2,3,2,2	3,3,2,3	9x9x11	0
9x9x12	683	2,2,2,3	2,3,2,2	3,3,3,3	9x9x12	0
9x9x13	748	2,2,2,3	2,3,2,2	3,4,3,3	9x9x13	0
9x9x14	797	2,2,2,3	2,3,2,2	3,4,3,4	9x9x14	0
9x9x15	854	2,2,3,2	3,2,2,2	4,3,4,4	9x9x15	0
9x9x16	890	2,2,2,3	2,3,2,2	4,4,4,4	9x9x16	0
9x9x17	964	2,2,2,3	2,3,2,2	4,5,4,4	9x9x17	0
9x9x18	1020	2,2,2,3	2,3,2,2	4,5,4,5	9x9x18	0
9x9x19	1085	2,2,3,2	3,2,2,2	5,4,5,5	9x9x19	0
9x9x20	1122	2,2,2,3	2,3,2,2	5,5,5,5	9x9x20	0
9x9x21	1187	2,2,2,3	2,3,2,2	5,6,5,5	9x9x21	0
9x9x22	1236	2,2,2,3	2,3,2,2	5,6,5,6	9x9x22	0
9x9x23	1293	2,2,3,2	3,2,2,2	6,5,6,6	9x9x23	0
9x9x24	1329	2,2,2,3	2,3,2,2	6,6,6,6	9x9x24	0
9x9x25	1403	2,2,2,3	2,3,2,2	6,7,6,6	9x9x25	0
9x9x26	1459	2,2,2,3	2,3,2,2	6,7,6,7	9x9x26	0
9x9x27	1524	2,2,3,2	3,2,2,2	7,6,7,7	9x9x27	0
9x9x28	1561	2,2,2,3	2,3,2,2	7,7,7,7	9x9x28	0
9x9x29	1627	2,2,2,3	2,3,2,2	7,8,7,7	9x9x29	0
9x9x30	1677	2,2,2,3	2,3,2,2	7,8,7,8	9x9x30	0
9x9x31	1735	2,2,3,2	3,2,2,2	8,7,8,8	9x9x31	0
9x9x32	1772	2,2,2,3	2,3,2,2	8,8,8,8	9x9x32	0
9x10x10	647	2,2,2,3	2,3,2,3	2,3,2,3	9x10x10	0
9x10x11	711	2,2,2,3	2,3,2,3	3,3,2,3	9x10x11	0
9x10x12	747	2,2,2,3	2,3,2,3	3,3,3,3	9x10x12	0
9x10x13	817	2,2,2,3	2,3,2,3	3,4,3,3	9x10x13	0
9x10x14	871	2,2,2,3	2,3,2,3	3,4,3,4	9x10x14	0
9x10x15	937	2,2,3,2	3,2,3,2	4,3,4,4	9x10x15	0
9x10x16	974	2,2,2,3	2,3,2,3	4,4,4,4	9x10x16	0
9x10x17	1052	2,2,2,3	2,3,2,3	4,5,4,4	9x10x17	0
9x10x18	1112	2,2,2,3	2,3,2,3	4,5,4,5	9x10x18	0
9x10x19	1183	2,2,3,2	3,2,3,2	5,4,5,5	9x10x19	0
9x10x20	1222	2,2,2,3	2,3,2,3	5,5,5,5	9x10x20	0
9x10x21	1292	2,2,2,3	2,3,2,3	5,6,5,5	9x10x21	0
9x10x22	1346	2,2,2,3	2,3,2,3	5,6,5,6	9x10x22	0
9x10x23	1412	2,2,3,2	3,2,3,2	6,5,6,6	9x10x23	0
9x10x24	1449	2,2,2,3	2,3,2,3	6,6,6,6	9x10x24	0
9x10x25	1527	2,2,2,3	2,3,2,3	6,7,6,6	9x10x25	0
9x10x26	1587	2,2,2,3	2,3,2,3	6,7,6,7	9x10x26	0
9x10x27	1658	2,2,3,2	3,2,3,2	7,6,7,7	9x10x27	0
9x10x28	1697	2,2,2,3	2,3,2,3	7,7,7,7	9x10x28	0
9x10x29	1769	2,2,2,3	2,3,2,3	7,8,7,7	9x10x29	0
9x10x30	1825	2,2,2,3	2,3,2,3	7,8,7,8	9x10x30	0
9x10x31	1893	2,2,3,2	3,2,3,2	8,7,8,8	9x10x31	0
9x10x32	1932	2,2,2,3	2,3,2,3	8,8,8,8	9x10x32	0
9x11x11	779	2,3,3,3	3,3,2,3	2,2,2,3	11x11x9	3
9x11x12	819	3,3,3,3	2,2,3,2	3,3,3,2	12x9x11	1
9x11x13	896	3,3,4,3	3,2,2,2	3,2,3,3	13x9x11	1
9x11x14	959	4,3,4,3	2,2,3,2	3,3,3,2	14x9x11	1
9x11x15	1032	2,3,3,3	4,4,3,4	2,2,2,3	11x15x9	2
9x11x16	1070	4,4,4,4	2,2,3,2	3,3,3,2	16x9x11	1
9x11x17	1153	4,4,5,4	3,2,2,2	3,2,3,3	17x9x11	1
9x11x18	1219	5,4,5,4	2,2,3,2	3,3,3,2	18x9x11	1
9x11x19	1295	2,3,3,3	5,5,4,5	2,2,2,3	11x19x9	2
9x11x20	1336	5,5,5,5	2,2,3,2	3,3,3,2	20x9x11	1
9x11x21	1413	5,5,6,5	3,2,2,2	3,2,3,3	21x9x11	1
9x11x22	1476	6,5,6,5	2,2,3,2	3,3,3,2	22x9x11	1
9x11x23	1549	2,3,3,3	6,6,5,6	2,2,2,3	11x23x9	2
9x11x24	1587	6,6,6,6	2,2,3,2	3,3,3,2	24x9x11	1
9x11x25	1670	6,6,7,6	3,2,2,2	3,2,3,3	25x9x11	1
9x11x26	1736	7,6,7,6	2,2,3,2	3,3,3,2	26x9x11	1
9x11x27	1812	2,3,3,3	7,7,6,7	2,2,2,3	11x27x9	2
9x11x28	1853	7,7,7,7	2,2,3,2	3,3,3,2	28x9x11	1
9x11x29	1933	7,7,8,7	3,2,2,2	3,2,3,3	29x9x11	1
9x11x30	1999	8,7,8,7	2,2,3,2	3,3,3,2	30x9x11	1
9x11x31	2075	2,3,3,3	8,8,7,8	2,2,2,3	11x31x9	2
9x11x32	2116	8,8,8,8	2,2,3,2	3,3,3,2	32x9x11	1
9x12x12	863	2,2,2,3	3,3,3,3	3,3,3,3	9x12x12	0
9x12x13	947	2,2,2,3	3,3,3,3	3,4,3,3	9x12x13	0
9x12x14	1011	2,2,2,3	3,3,3,3	3,4,3,4	9x12x14	0
9x12x15	1085	2,2,3,2	3,3,3,3	4,3,4,4	9x12x15	0
9x12x16	1124	2,2,2,3	3,3,3,3	4,4,4,4	9x12x16	0
9x12x17	1212	2,2,2,3	3,3,3,3	4,5,4,4	9x12x17	0
9x12x18	1280	2,2,2,3	3,3,3,3	4,5,4,5	9x12x18	0
9x12x19	1358	2,2,3,2	3,3,3,3	5,4,5,5	9x12x19	0
9x12x20	1401	2,2,2,3	3,3,3,3	5,5,5,5	9x12x20	0
9x12x21	1485	2,2,2,3	3,3,3,3	5,6,5,5	9x12x21	0
9x12x22	1549	2,2,2,3	3,3,3,3	5,6,5,6	9x12x22	0
9x12x23	1623	2,2,3,2	3,3,3,3	6,5,6,6	9x12x23	0
9x12x24	1662	2,2,2,3	3,3,3,3	6,6,6,6	9x12x24	0
9x12x25	1750	2,2,2,3	3,3,3,3	6,7,6,6	9x12x25	0
9x12x26	1818	2,2,2,3	3,3,3,3	6,7,6,7	9x12x26	0
9x12x27	1896	2,2,3,2	3,3,3,3	7,6,7,7	9x12x27	0
9x12x28	1939	2,2,2,3	3,3,3,3	7,7,7,7	9x12x28	0
9x12x29	2027	2,2,2,3	3,3,3,3	7,8,7,7	9x12x29	0
9x12x30	2095	2,2,2,3	3,3,3,3	7,8,7,8	9x12x30	0
9x12x31	2173	2,2,3,2	3,3,3,3	8,7,8,8	9x12x31	0
9x12x32	2216	2,2,2,3	3,3,3,3	8,8,8,8	9x12x32	0
9x13x13	1038	2,2,2,3	3,4,3,3	3,4,3,3	9x13x13	0
9x13x14	1107	2,2,2,3	3,4,3,3	3,4,3,4	9x13x14	0
9x13x15	1187	2,2,3,2	4,3,3,3	4,3,4,4	9x13x15	0
9x13x16	1232	2,2,2,3	3,4,3,3	4,4,4,4	9x13x16	0
9x13x17	1330	2,2,2,3	3,4,3,3	4,5,4,4	9x13x17	0
9x13x18	1404	2,2,2,3	3,4,3,3	4,5,4,5	9x13x18	0
9x13x19	1490	2,2,3,2	4,3,3,3	5,4,5,5	9x13x19	0
9x13x20	1541	2,2,2,3	3,4,3,3	5,5,5,5	9x13x20	0
9x13x21	1630	2,2,2,3	3,4,3,3	5,6,5,5	9x13x21	0
9x13x22	1697	2,2,2,3	3,4,3,3	5,6,5,6	9x13x22	0
9x13x23	1775	2,2,3,2	4,3,3,3	6,5,6,6	9x13x23	0
9x13x24	1818	2,2,2,3	3,4,3,3	6,6,6,6	9x13x24	0
9x13x25	1913	2,2,2,3	3,4,3,3	6,7,6,6	9x13x25	0
9x13x26	1986	2,2,2,3	3,4,3,3	6,7,6,7	9x13x26	0
9x13x27	2070	2,2,3,2	4,3,3,3	7,6,7,7	9x13x27	0
9x13x28	2119	2,2,2,3	3,4,3,3	7,7,7,7	9x13x28	0
9x13x29	2213	2,2,2,3	3,4,3,3	7,8,7,7	9x13x29	0
9x13x30	2285	2,2,2,3	3,4,3,3	7,8,7,8	9x13x30	0
9x13x31	2368	2,2,3,2	4,3,3,3	8,7,8,8	9x13x31	0
9x13x32	2416	2,2,2,3	3,4,3,3	8,8,8,8	9x13x32	0
9x14x14	1181	2,2,2,3	3,4,3,4	3,4,3,4	9x14x14	0
9x14x15	1268	2,2,3,2	4,3,4,3	4,3,4,4	9x14x15	0
9x14x16	1316	2,2,2,3	3,4,3,4	4,4,4,4	9x14x16	0
9x14x17	1420	2,2,2,3	3,4,3,4	4,5,4,4	9x14x17	0
9x14x18	1500	2,2,2,3	3,4,3,4	4,5,4,5	9x14x18	0
9x14x19	1596	2,2,3,2	4,3,4,3	5,4,5,5	9x14x19	0
9x14x20	1649	2,2,2,3	3,4,3,4	5,5,5,5	9x14x20	0
9x14x21	1741	2,2,2,3	3,4,3,4	5,6,5,5	9x14x21	0
9x14x22	1811	2,2,2,3	3,4,3,4	5,6,5,6	9x14x22	0
9x14x23	1894	2,2,3,2	4,3,4,3	6,5,6,6	9x14x23	0
9x14x24	1938	2,2,2,3	3,4,3,4	6,6,6,6	9x14x24	0
9x14x25	2038	2,2,2,3	3,4,3,4	6,7,6,6	9x14x25	0
9x14x26	2116	2,2,2,3	3,4,3,4	6,7,6,7	9x14x26	0
9x14x27	2207	2,2,3,2	4,3,4,3	7,6,7,7	9x14x27	0
9x14x28	2259	2,2,2,3	3,4,3,4	7,7,7,7	9x14x28	0
9x14x29	2357	2,2,2,3	3,4,3,4	7,8,7,7	9x14x29	0
9x14x30	2433	2,2,2,3	3,4,3,4	7,8,7,8	9x14x30	0
9x14x31	2522	2,2,3,2	4,3,4,3	8,7,8,8	9x14x31	0
9x14x32	2572	2,2,2,3	3,4,3,4	8,8,8,8	9x14x32	0
9x15x15	1361	3,4,4,4	4,4,3,4	2,2,2,3	15x15x9	3
9x15x16	1412	4,4,4,4	2,2,3,2	4,4,4,3	16x9x15	1
9x15x17	1524	4,4,5,4	3,2,2,2	4,3,4,4	17x9x15	1
9x15x18	1614	5,4,5,4	2,2,3,2	4,4,4,3	18x9x15	1
9x15x19	1718	3,4,4,4	5,5,4,5	2,2,2,3	15x19x9	2
9x15x20	1773	5,5,5,5	2,2,3,2	4,4,4,3	20x9x15	1
9x15x21	1869	5,5,6,5	3,2,2,2	4,3,4,4	21x9x15	1
9x15x22	1944	6,5,6,5	2,2,3,2	4,4,4,3	22x9x15	1
9x15x23	2031	3,4,4,4	6,6,5,6	2,2,2,3	15x23x9	2
9x15x24	2076	6,6,6,6	2,2,3,2	4,4,4,3	24x9x15	1
9x15x25	2182	6,6,7,6	3,2,2,2	4,3,4,4	25x9x15	1
9x15x26	2267	7,6,7,6	2,2,3,2	4,4,4,3	26x9x15	1
9x15x27	2364	3,4,4,4	7,7,6,7	2,2,2,3	15x27x9	2
9x15x28	2419	7,7,7,7	2,2,3,2	4,4,4,3	28x9x15	1
9x15x29	2522	7,7,8,7	3,2,2,2	4,3,4,4	29x9x15	1
9x15x30	2604	8,7,8,7	2,2,3,2	4,4,4,3	30x9x15	1
9x15x31	2698	3,4,4,4	8,8,7,8	2,2,2,3	15x31x9	2
9x15x32	2750	8,8,8,8	2,2,3,2	4,4,4,3	32x9x15	1
9x16x16	1466	2,2,2,3	4,4,4,4	4,4,4,4	9x16x16	0
9x16x17	1586	2,2,2,3	4,4,4,4	4,5,4,4	9x16x17	0
9x16x18	1678	2,2,2,3	4,4,4,4	4,5,4,5	9x16x18	0
9x16x19	1784	2,2,3,2	4,4,4,4	5,4,5,5	9x16x19	0
9x16x20	1841	2,2,2,3	4,4,4,4	5,5,5,5	9x16x20	0
9x16x21	1941	2,2,2,3	4,4,4,4	5,6,5,5	9x16x21	0
9x16x22	2017	2,2,2,3	4,4,4,4	5,6,5,6	9x16x22	0
9x16x23	2105	2,2,3,2	4,4,4,4	6,5,6,6	9x16x23	0
9x16x24	2151	2,2,2,3	4,4,4,4	6,6,6,6	9x16x24	0
9x16x25	2263	2,2,2,3	4,4,4,4	6,7,6,6	9x16x25	0
9x16x26	2351	2,2,2,3	4,4,4,4	6,7,6,7	9x16x26	0
9x16x27	2451	2,2,3,2	4,4,4,4	7,6,7,7	9x16x27	0
9x16x28	2509	2,2,2,3	4,4,4,4	7,7,7,7	9x16x28	0
9x16x29	2617	2,2,2,3	4,4,4,4	7,8,7,7	9x16x29	0
9x16x30	2701	2,2,2,3	4,4,4,4	7,8,7,8	9x16x30	0
9x16x31	2797	2,2,3,2	4,4,4,4	8,7,8,8	9x16x31	0
9x16x32	2851	2,2,2,3	4,4,4,4	8,8,8,8	9x16x32	0
9x17x17	1708	2,2,2,3	4,5,4,4	4,5,4,4	9x17x17	0
9x17x18	1802	2,2,2,3	4,5,4,4	4,5,4,5	9x17x18	0
9x17x19	1910	2,2,3,2	5,4,4,4	5,4,5,5	9x17x19	0
9x17x20	1969	2,2,2,3	4,5,4,4	5,5,5,5	9x17x20	0
9x17x21	2076	2,2,2,3	4,5,4,4	5,6,5,5	9x17x21	0
9x17x22	2157	2,2,2,3	4,5,4,4	5,6,5,6	9x17x22	0
9x17x23	2251	2,2,3,2	5,4,4,4	6,5,6,6	9x17x23	0
9x17x24	2303	2,2,2,3	4,5,4,4	6,6,6,6	9x17x24	0
9x17x25	2424	2,2,2,3	4,5,4,4	6,7,6,6	9x17x25	0
9x17x26	2517	2,2,2,3	4,5,4,4	6,7,6,7	9x17x26	0
9x17x27	2624	2,2,3,2	5,4,4,4	7,6,7,7	9x17x27	0
9x17x28	2689	2,2,2,3	4,5,4,4	7,7,7,7	9x17x28	0
9x17x29	2807	2,2,2,3	4,5,4,4	7,8,7,7	9x17x29	0
9x17x30	2897	2,2,2,3	4,5,4,4	7,8,7,8	9x17x30	0
9x17x31	3001	2,2,3,2	5,4,4,4	8,7,8,8	9x17x31	0
9x17x32	3063	2,2,2,3	4,5,4,4	8,8,8,8	9x17x32	0
9x18x18	1898	2,2,2,3	4,5,4,5	4,5,4,5	9x18x18	0
9x18x19	2008	2,2,3,2	5,4,5,4	5,4,5,5	9x18x19	0
9x18x20	2069	2,2,2,3	4,5,4,5	5,5,5,5	9x18x20	0
9x18x21	2181	2,2,2,3	4,5,4,5	5,6,5,5	9x18x21	0
9x18x22	2267	2,2,2,3	4,5,4,5	5,6,5,6	9x18x22	0
9x18x23	2368	2,2,3,2	5,4,5,4	6,5,6,6	9x18x23	0
9x18x24	2423	2,2,2,3	4,5,4,5	6,6,6,6	9x18x24	0
9x18x25	2549	2,2,2,3	4,5,4,5	6,7,6,6	9x18x25	0
9x18x26	2647	2,2,2,3	4,5,4,5	6,7,6,7	9x18x26	0
9x18x27	2763	2,2,3,2	5,4,5,4	7,6,7,7	9x18x27	0
9x18x28	2829	2,2,2,3	4,5,4,5	7,7,7,7	9x18x28	0
9x18x29	2953	2,2,2,3	4,5,4,5	7,8,7,7	9x18x29	0
9x18x30	3049	2,2,2,3	4,5,4,5	7,8,7,8	9x18x30	0
9x18x31	3163	2,2,3,2	5,4,5,4	8,7,8,8	9x18x31	0
9x18x32	3227	2,2,2,3	4,5,4,5	8,8,8,8	9x18x32	0
9x19x19	2120	4,5,5,5	5,5,4,5	2,2,2,3	19x19x9	3
9x19x20	2183	5,5,5,5	2,2,3,2	5,5,5,4	20x9x19	1
9x19x21	2301	5,5,6,5	3,2,2,2	5,4,5,5	21x9x19	1
9x19x22	2394	6,5,6,5	2,2,3,2	5,5,5,4	22x9x19	1
9x19x23	2501	4,5,5,5	6,6,5,6	2,2,2,3	19x23x9	2
9x19x24	2559	6,6,6,6	2,2,3,2	5,5,5,4	24x9x19	1
9x19x25	2692	6,6,7,6	3,2,2,2	5,4,5,5	25x9x19	1
9x19x26	2799	7,6,7,6	2,2,3,2	5,5,5,4	26x9x19	1
9x19x27	2922	4,5,5,5	7,7,6,7	2,2,2,3	19x27x9	2
9x19x28	2989	7,7,7,7	2,2,3,2	5,5,5,4	28x9x19	1
9x19x29	3121	7,7,8,7	3,2,2,2	5,4,5,5	29x9x19	1
9x19x30	3227	8,7,8,7	2,2,3,2	5,5,5,4	30x9x19	1
9x19x31	3349	4,5,5,5	8,8,7,8	2,2,2,3	19x31x9	2
9x19x32	3415	8,8,8,8	2,2,3,2	5,5,5,4	32x9x19	1
9x20x20	2248	2,2,2,3	5,5,5,5	5,5,5,5	9x20x20	0
9x20x21	2372	2,2,2,3	5,5,5,5	5,6,5,5	9x20x21	0
9x20x22	2468	2,2,2,3	5,5,5,5	5,6,5,6	9x20x22	0
9x20x23	2578	2,2,3,2	5,5,5,5	6,5,6,6	9x20x23	0
9x20x24	2639	2,2,2,3	5,5,5,5	6,6,6,6	9x20x24	0
9x20x25	2779	2,2,2,3	5,5,5,5	6,7,6,6	9x20x25	0
9x20x26	2887	2,2,2,3	5,5,5,5	6,7,6,7	9x20x26	0
9x20x27	3011	2,2,3,2	5,5,5,5	7,6,7,7	9x20x27	0
9x20x28	3079	2,2,2,3	5,5,5,5	7,7,7,7	9x20x28	0
9x20x29	3219	2,2,2,3	5,5,5,5	7,8,7,7	9x20x29	0
9x20x30	3327	2,2,2,3	5,5,5,5	7,8,7,8	9x20x30	0
9x20x31	3451	2,2,3,2	5,5,5,5	8,7,8,8	9x20x31	0
9x20x32	3519	2,2,2,3	5,5,5,5	8,8,8,8	9x20x32	0
9x21x21	2508	2,2,2,3	5,6,5,5	5,6,5,5	9x21x21	0
9x21x22	2612	2,2,2,3	5,6,5,5	5,6,5,6	9x21x22	0
9x21x23	2732	2,2,3,2	6,5,5,5	6,5,6,6	9x21x23	0
9x21x24	2803	2,2,2,3	5,6,5,5	6,6,6,6	9x21x24	0
9x21x25	2954	2,2,2,3	5,6,5,5	6,7,6,6	9x21x25	0
9x21x26	3069	2,2,2,3	5,6,5,5	6,7,6,7	9x21x26	0
9x21x27	3202	2,2,3,2	6,5,5,5	7,6,7,7	9x21x27	0
9x21x28	3279	2,2,2,3	5,6,5,5	7,7,7,7	9x21x28	0
9x21x29	3424	2,2,2,3	5,6,5,5	7,8,7,7	9x21x29	0
9x21x30	3535	2,2,2,3	5,6,5,5	7,8,7,8	9x21x30	0
9x21x31	3663	2,2,3,2	6,5,5,5	8,7,8,8	9x21x31	0
9x21x32	3735	2,2,2,3	5,6,5,5	8,8,8,8	9x21x32	0
9x22x22	2724	2,2,2,3	5,6,5,6	5,6,5,6	9x22x22	0
9x22x23	2856	2,2,3,2	6,5,6,5	6,5,6,6	9x22x23	0
9x22x24	2931	2,2,2,3	5,6,5,6	6,6,6,6	9x22x24	0
9x22x25	3089	2,2,2,3	5,6,5,6	6,7,6,6	9x22x25	0
9x22x26	3211	2,2,2,3	5,6,5,6	6,7,6,7	9x22x26	0
9x22x27	3355	2,2,3,2	6,5,6,5	7,6,7,7	9x22x27	0
9x22x28	3435	2,2,2,3	5,6,5,6	7,7,7,7	9x22x28	0
9x22x29	3583	2,2,2,3	5,6,5,6	7,8,7,7	9x22x29	0
9x22x30	3697	2,2,2,3	5,6,5,6	7,8,7,8	9x22x30	0
9x22x31	3830	2,2,3,2	6,5,6,5	8,7,8,8	9x22x31	0
9x22x32	3903	2,2,2,3	5,6,5,6	8,8,8,8	9x22x32	0
9x23x23	2998	5,6,6,6	6,6,5,6	2,2,2,3	23x23x9	3
9x23x24	3077	6,6,6,6	2,2,3,2	6,6,6,5	24x9x23	1
9x23x25	3244	6,6,7,6	3,2,2,2	6,5,6,6	25x9x23	1
9x23x26	3377	7,6,7,6	2,2,3,2	6,6,6,5	26x9x23	1
9x23x27	3530	5,6,6,6	7,7,6,7	2,2,2,3	23x27x9	2
9x23x28	3613	7,7,7,7	2,2,3,2	6,6,6,5	28x9x23	1
9x23x29	3765	7,7,8,7	3,2,2,2	6,5,6,6	29x9x23	1
9x23x30	3884	8,7,8,7	2,2,3,2	6,6,6,5	30x9x23	1
9x23x31	4021	5,6,6,6	8,8,7,8	2,2,2,3	23x31x9	2
9x23x32	4095	8,8,8,8	2,2,3,2	6,6,6,5	32x9x23	1
9x24x24	3160	2,2,2,3	6,6,6,6	6,6,6,6	9x24x24	0
9x24x25	3336	2,2,2,3	6,6,6,6	6,7,6,6	9x24x25	0
9x24x26	3472	2,2,2,3	6,6,6,6	6,7,6,7	9x24x26	0
9x24x27	3628	2,2,3,2	6,6,6,6	7,6,7,7	9x24x27	0
9x24x28	3714	2,2,2,3	6,6,6,6	7,7,7,7	9x24x28	0
9x24x29	3870	2,2,2,3	6,6,6,6	7,8,7,7	9x24x29	0
9x24x30	3990	2,2,2,3	6,6,6,6	7,8,7,8	9x24x30	0
9x24x31	4128	2,2,3,2	6,6,6,6	8,7,8,8	9x24x31	0
9x24x32	4203	2,2,2,3	6,6,6,6	8,8,8,8	9x24x32	0
9x25x25	3513	2,2,2,3	6,7,6,6	6,7,6,6	9x25x25	0
9x25x26	3650	2,2,2,3	6,7,6,6	6,7,6,7	9x25x26	0
9x25x27	3807	2,2,3,2	7,6,6,6	7,6,7,7	9x25x27	0
9x25x28	3894	2,2,2,3	6,7,6,6	7,7,7,7	9x25x28	0
9x25x29	4067	2,2,2,3	6,7,6,6	7,8,7,7	9x25x29	0
9x25x30	4198	2,2,2,3	6,7,6,6	7,8,7,8	9x25x30	0
9x25x31	4350	2,2,3,2	7,6,6,6	8,7,8,8	9x25x31	0
9x25x32	4439	2,2,2,3	6,7,6,6	8,8,8,8	9x25x32	0
9x26x26	3788	2,2,2,3	6,7,6,7	6,7,6,7	9x26x26	0
9x26x27	3946	2,2,3,2	7,6,7,6	7,6,7,7	9x26x27	0
9x26x28	4034	2,2,2,3	6,7,6,7	7,7,7,7	9x26x28	0
9x26x29	4218	2,2,2,3	6,7,6,7	7,8,7,7	9x26x29	0
9x26x30	4360	2,2,2,3	6,7,6,7	7,8,7,8	9x26x30	0
9x26x31	4529	2,2,3,2	7,6,7,6	8,7,8,8	9x26x31	0
9x26x32	4623	2,2,2,3	6,7,6,7	8,8,8,8	9x26x32	0
9x27x27	4105	6,7,7,7	7,7,6,7	2,2,2,3	27x27x9	3
9x27x28	4194	7,7,7,7	2,2,3,2	7,7,7,6	28x9x27	1
9x27x29	4392	7,7,8,7	3,2,2,2	7,6,7,7	29x9x27	1
9x27x30	4551	8,7,8,7	2,2,3,2	7,7,7,6	30x9x27	1
9x27x31	4734	6,7,7,7	8,8,7,8	2,2,2,3	27x31x9	2
9x27x32	4833	8,8,8,8	2,2,3,2	7,7,7,6	32x9x27	1
9x28x28	4284	2,2,2,3	7,7,7,7	7,7,7,7	9x28x28	0
9x28x29	4496	2,2,2,3	7,7,7,7	7,8,7,7	9x28x29	0
9x28x30	4660	2,2,2,3	7,7,7,7	7,8,7,8	9x28x30	0
9x28x31	4848	2,2,3,2	7,7,7,7	8,7,8,8	9x28x31	0
9x28x32	4952	2,2,2,3	7,7,7,7	8,8,8,8	9x28x32	0
9x29x29	4709	2,2,2,3	7,8,7,7	7,8,7,7	9x29x29	0
9x29x30	4874	2,2,2,3	7,8,7,7	7,8,7,8	9x29x30	0
9x29x31	5063	2,2,3,2	8,7,7,7	8,7,8,8	9x29x31	0
9x29x32	5168	2,2,2,3	7,8,7,7	8,8,8,8	9x29x32	0
9x30x30	5040	2,2,2,3	7,8,7,8	7,8,7,8	9x30x30	0
9x30x31	5230	2,2,3,2	8,7,8,7	8,7,8,8	9x30x31	0
9x30x32	5336	2,2,2,3	7,8,7,8	8,8,8,8	9x30x32	0
9x31x31	5421	7,8,8,8	8,8,7,8	2,2,2,3	31x31x9	3
9x31x32	5528	8,8,8,8	2,2,3,2	8,8,8,7	32x9x31	1
9x32x32	5636	2,2,2,3	8,8,8,8	8,8,8,8	9x32x32	0
10x10x10	707	2,3,2,3	2,3,2,3	2,3,2,3	10x10x10	0
10x10x11	779	2,3,2,3	2,3,2,3	2,3,3,3	10x10x11	0
10x10x12	819	2,3,2,3	2,3,2,3	3,3,3,3	10x10x12	0
10x10x13	895	2,3,2,3	2,3,2,3	3,3,3,4	10x10x13	0
10x10x14	952	2,3,2,3	2,3,2,3	3,4,3,4	10x10x14	0
10x10x15	1026	2,3,2,3	2,3,2,3	3,4,4,4	10x10x15	0
10x10x16	1064	2,3,2,3	2,3,2,3	4,4,4,4	10x10x16	0
10x10x17	1148	2,3,2,3	2,3,2,3	4,4,4,5	10x10x17	0
10x10x18	1211	2,3,2,3	2,3,2,3	4,5,4,5	10x10x18	0
10x10x19	1289	2,3,2,3	2,3,2,3	4,5,5,5	10x10x19	0
10x10x20	1330	2,3,2,3	2,3,2,3	5,5,5,5	10x10x20	0
10x10x21	1406	2,3,2,3	2,3,2,3	5,5,5,6	10x10x21	0
10x10x22	1463	2,3,2,3	2,3,2,3	5,6,5,6	10x10x22	0
10x10x23	1537	2,3,2,3	2,3,2,3	5,6,6,6	10x10x23	0
10x10x24	1575	2,3,2,3	2,3,2,3	6,6,6,6	10x10x24	0
10x10x25	1659	2,3,2,3	2,3,2,3	6,6,6,7	10x10x25	0
10x10x26	1722	2,3,2,3	2,3,2,3	6,7,6,7	10x10x26	0
10x10x27	1800	2,3,2,3	2,3,2,3	6,7,7,7	10x10x27	0
10x10x28	1841	2,3,2,3	2,3,2,3	7,7,7,7	10x10x28	0
10x10x29	1921	2,3,2,3	2,3,2,3	7,7,7,8	10x10x29	0
10x10x30	1981	2,3,2,3	2,3,2,3	7,8,7,8	10x10x30	0
10x10x31	2059	2,3,2,3	2,3,2,3	7,8,8,8	10x10x31	0
10x10x32	2100	2,3,2,3	2,3,2,3	8,8,8,8	10x10x32	0
10x11x11	863	2,3,2,3	2,3,3,3	2,3,3,3	10x11x11	0
10x11x12	911	2,3,2,3	2,3,3,3	3,3,3,3	10x11x12	0
10x11x13	993	2,3,2,3	2,3,3,3	3,4,3,3	10x11x13	0
10x11x14	1058	2,3,2,3	2,3,3,3	3,4,3,4	10x11x14	0
10x11x15	1135	2,3,2,3	2,3,3,3	3,4,4,4	10x11x15	0
10x11x16	1175	2,3,2,3	2,3,3,3	4,4,4,4	10x11x16	0
10x11x17	1265	2,3,2,3	2,3,3,3	4,5,4,4	10x11x17	0
10x11x18	1335	2,3,2,3	2,3,3,3	4,5,4,5	10x11x18	0
10x11x19	1419	2,3,2,3	2,3,3,3	4,5,5,5	10x11x19	0
10x11x20	1464	2,3,2,3	2,3,3,3	5,5,5,5	10x11x20	0
10x11x21	1546	2,3,2,3	2,3,3,3	5,6,5,5	10x11x21	0
10x11x22	1611	2,3,2,3	2,3,3,3	5,6,5,6	10x11x22	0
10x11x23	1688	2,3,2,3	2,3,3,3	5,6,6,6	10x11x23	0
10x11x24	1728	2,3,2,3	2,3,3,3	6,6,6,6	10x11x24	0
10x11x25	1818	2,3,2,3	2,3,3,3	6,7,6,6	10x11x25	0
10x11x26	1888	2,3,2,3	2,3,3,3	6,7,6,7	10x11x26	0
10x11x27	1972	2,3,2,3	2,3,3,3	6,7,7,7	10x11x27	0
10x11x28	2017	2,3,2,3	2,3,3,3	7,7,7,7	10x11x28	0
10x11x29	2105	2,3,2,3	2,3,3,3	7,8,7,7	10x11x29	0
10x11x30	2175	2,3,2,3	2,3,3,3	7,8,7,8	10x11x30	0
10x11x31	2259	2,3,2,3	2,3,3,3	7,8,8,8	10x11x31	0
10x11x32	2304	2,3,2,3	2,3,3,3	8,8,8,8	10x11x32	0
10x12x12	959	2,2,3,3	3,3,3,3	3,3,3,3	10x12x12	0
10x12x13	1047	2,3,2,3	3,3,3,3	3,3,3,4	10x12x13	0
10x12x14	1113	2,3,2,3	3,3,3,3	3,4,3,4	10x12x14	0
10x12x15	1192	2,2,3,3	3,3,3,3	4,3,4,4	10x12x15	0
10x12x16	1232	2,2,3,3	3,3,3,3	4,4,4,4	10x12x16	0
10x12x17	1328	2,3,2,3	3,3,3,3	4,4,4,5	10x12x17	0
10x12x18	1400	2,3,2,3	3,3,3,3	4,5,4,5	10x12x18	0
10x12x19	1488	2,2,3,3	3,3,3,3	5,4,5,5	10x12x19	0
10x12x20	1533	2,2,3,3	3,3,3,3	5,5,5,5	10x12x20	0
10x12x21	1621	2,3,2,3	3,3,3,3	5,5,5,6	10x12x21	0
10x12x22	1687	2,3,2,3	3,3,3,3	5,6,5,6	10x12x22	0
10x12x23	1766	2,2,3,3	3,3,3,3	6,5,6,6	10x12x23	0
10x12x24	1806	2,2,3,3	3,3,3,3	6,6,6,6	10x12x24	0
10x12x25	1902	2,3,2,3	3,3,3,3	6,6,6,7	10x12x25	0
10x12x26	1974	2,3,2,3	3,3,3,3	6,7,6,7	10x12x26	0
10x12x27	2062	2,2,3,3	3,3,3,3	7,6,7,7	10x12x27	0
10x12x28	2107	2,2,3,3	3,3,3,3	7,7,7,7	10x12x28	0
10x12x29	2203	2,3,2,3	3,3,3,3	7,7,7,8	10x12x29	0
10x12x30	2275	2,3,2,3	3,3,3,3	7,8,7,8	10x12x30	0
10x12x31	2363	2,2,3,3	3,3,3,3	8,7,8,8	10x12x31	0
10x12x32	2408	2,2,3,3	3,3,3,3	8,8,8,8	10x12x32	0
10x13x13	1143	3,3,3,4	3,4,3,3	2,3,2,3	13x13x10	3
10x13x14	1217	2,3,2,3	3,3,3,4	3,4,3,4	10x13x14	0
10x13x15	1304	3,2,3,2	3,3,4,3	4,4,4,3	10x13x15	0
10x13x16	1352	2,3,2,3	3,3,3,4	4,4,4,4	10x13x16	0
10x13x17	1456	4,4,4,5	2,3,2,3	3,4,3,3	17x10x13	1
10x13x18	1536	2,3,2,3	3,3,3,4	4,5,4,5	10x13x18	0
10x13x19	1632	3,2,3,2	3,3,4,3	5,5,5,4	10x13x19	0
10x13x20	1685	2,3,2,3	3,3,3,4	5,5,5,5	10x13x20	0
10x13x21	1777	5,5,5,6	2,3,2,3	3,4,3,3	21x10x13	1
10x13x22	1847	2,3,2,3	3,3,3,4	5,6,5,6	10x13x22	0
10x13x23	1930	3,2,3,2	3,3,4,3	6,6,6,5	10x13x23	0
10x13x24	1974	2,3,2,3	3,3,3,4	6,6,6,6	10x13x24	0
10x13x25	2078	6,6,6,7	2,3,2,3	3,4,3,3	25x10x13	1
10x13x26	2158	2,3,2,3	3,3,3,4	6,7,6,7	10x13x26	0
10x13x27	2254	3,2,3,2	3,3,4,3	7,7,7,6	10x13x27	0
10x13x28	2307	2,3,2,3	3,3,3,4	7,7,7,7	10x13x28	0
10x13x29	2409	7,7,7,8	2,3,2,3	3,4,3,3	29x10x13	1
10x13x30	2487	2,3,2,3	3,3,3,4	7,8,7,8	10x13x30	0
10x13x31	2581	3,2,3,2	3,3,4,3	8,8,8,7	10x13x31	0
10x13x32	2632	2,3,2,3	3,3,3,4	8,8,8,8	10x13x32	0
10x14x14	1295	2,3,2,3	3,4,3,4	3,4,3,4	10x14x14	0
10x14x15	1391	2,3,2,3	3,4,3,4	3,4,4,4	10x14x15	0
10x14x16	1442	2,3,2,3	3,4,3,4	4,4,4,4	10x14x16	0
10x14x17	1554	2,3,2,3	3,4,3,4	4,4,4,5	10x14x17	0
10x14x18	1638	2,3,2,3	3,4,3,4	4,5,4,5	10x14x18	0
10x14x19	1744	2,3,2,3	3,4,3,4	4,5,5,5	10x14x19	0
10x14x20	1799	2,3,2,3	3,4,3,4	5,5,5,5	10x14x20	0
10x14x21	1895	2,3,2,3	3,4,3,4	5,5,5,6	10x14x21	0
10x14x22	1967	2,3,2,3	3,4,3,4	5,6,5,6	10x14x22	0
10x14x23	2055	2,3,2,3	3,4,3,4	5,6,6,6	10x14x23	0
10x14x24	2100	2,3,2,3	3,4,3,4	6,6,6,6	10x14x24	0
10x14x25	2212	2,3,2,3	3,4,3,4	6,6,6,7	10x14x25	0
10x14x26	2296	2,3,2,3	3,4,3,4	6,7,6,7	10x14x26	0
10x14x27	2401	2,3,2,3	3,4,3,4	6,7,7,7	10x14x27	0
10x14x28	2457	2,3,2,3	3,4,3,4	7,7,7,7	10x14x28	0
10x14x29	2565	2,3,2,3	3,4,3,4	7,7,7,8	10x14x29	0
10x14x30	2646	2,3,2,3	3,4,3,4	7,8,7,8	10x14x30	0
10x14x31	2747	2,3,2,3	3,4,3,4	7,8,8,8	10x14x31	0
10x14x32	2800	2,3,2,3	3,4,3,4	8,8,8,8	10x14x32	0
10x15x15	1496	2,3,2,3	3,4,4,4	3,4,4,4	10x15x15	0
10x15x16	1553	2,3,2,3	3,4,4,4	4,4,4,4	10x15x16	0
10x15x17	1673	2,3,2,3	3,4,4,4	4,5,4,4	10x15x17	0
10x15x18	1767	2,3,2,3	3,4,4,4	4,5,4,5	10x15x18	0
10x15x19	1879	2,3,2,3	3,4,4,4	4,5,5,5	10x15x19	0
10x15x20	1938	2,3,2,3	3,4,4,4	5,5,5,5	10x15x20	0
10x15x21	2038	2,3,2,3	3,4,4,4	5,6,5,5	10x15x21	0
10x15x22	2115	2,3,2,3	3,4,4,4	5,6,5,6	10x15x22	0
10x15x23	2206	2,3,2,3	3,4,4,4	5,6,6,6	10x15x23	0
10x15x24	2253	2,3,2,3	3,4,4,4	6,6,6,6	10x15x24	0
10x15x25	2373	2,3,2,3	3,4,4,4	6,7,6,6	10x15x25	0
10x15x26	2466	2,3,2,3	3,4,4,4	6,7,6,7	10x15x26	0
10x15x27	2580	2,3,2,3	3,4,4,4	6,7,7,7	10x15x27	0
10x15x28	2642	2,3,2,3	3,4,4,4	7,7,7,7	10x15x28	0
10x15x29	2756	2,3,2,3	3,4,4,4	7,8,7,7	10x15x29	0
10x15x30	2844	2,3,2,3	3,4,4,4	7,8,7,8	10x15x30	0
10x15x31	2951	2,3,2,3	3,4,4,4	7,8,8,8	10x15x31	0
10x15x32	3008	2,3,2,3	3,4,4,4	8,8,8,8	10x15x32	0
10x16x16	1610	2,2,3,3	4,4,4,4	4,4,4,4	10x16x16	0
10x16x17	1738	2,3,2,3	4,4,4,4	4,4,4,5	10x16x17	0
10x16x18	1834	2,3,2,3	4,4,4,4	4,5,4,5	10x16x18	0
10x16x19	1950	2,2,3,3	4,4,4,4	5,4,5,5	10x16x19	0
10x16x20	2009	2,2,3,3	4,4,4,4	5,5,5,5	10x16x20	0
10x16x21	2113	2,3,2,3	4,4,4,4	5,5,5,6	10x16x21	0
10x16x22	2191	2,3,2,3	4,4,4,4	5,6,5,6	10x16x22	0
10x16x23	2284	2,2,3,3	4,4,4,4	6,5,6,6	10x16x23	0
10x16x24	2331	2,2,3,3	4,4,4,4	6,6,6,6	10x16x24	0
10x16x25	2459	2,3,2,3	4,4,4,4	6,6,6,7	10x16x25	0
10x16x26	2555	2,3,2,3	4,4,4,4	6,7,6,7	10x16x26	0
10x16x27	2675	2,2,3,3	4,4,4,4	7,6,7,7	10x16x27	0
10x16x28	2737	2,2,3,3	4,4,4,4	7,7,7,7	10x16x28	0
10x16x29	2857	2,3,2,3	4,4,4,4	7,7,7,8	10x16x29	0
10x16x30	2947	2,3,2,3	4,4,4,4	7,8,7,8	10x16x30	0
10x16x31	3058	2,2,3,3	4,4,4,4	8,7,8,8	10x16x31	0
10x16x32	3115	2,2,3,3	4,4,4,4	8,8,8,8	10x16x32	0
10x17x17	1870	2,3,2,3	4,4,4,5	4,4,4,5	10x17x17	0
10x17x18	1970	2,3,2,3	4,4,4,5	4,5,4,5	10x17x18	0
10x17x19	2090	2,3,2,3	4,4,4,5	4,5,5,5	10x17x19	0
10x17x20	2153	2,3,2,3	4,4,4,5	5,5,5,5	10x17x20	0
10x17x21	2265	5,5,5,6	2,3,2,3	4,5,4,4	21x10x17	1
10x17x22	2351	2,3,2,3	4,4,4,5	5,6,5,6	10x17x22	0
10x17x23	2452	3,2,3,2	4,4,5,4	6,6,6,5	10x17x23	0
10x17x24	2507	2,3,2,3	4,4,4,5	6,6,6,6	10x17x24	0
10x17x25	2641	6,6,6,7	2,3,2,3	4,5,4,4	25x10x17	1
10x17x26	2743	2,3,2,3	4,4,4,5	6,7,6,7	10x17x26	0
10x17x27	2869	3,2,3,2	4,4,5,4	7,7,7,6	10x17x27	0
10x17x28	2937	2,3,2,3	4,4,4,5	7,7,7,7	10x17x28	0
10x17x29	3065	7,7,7,8	2,3,2,3	4,5,4,4	29x10x17	1
10x17x30	3163	2,3,2,3	4,4,4,5	7,8,7,8	10x17x30	0
10x17x31	3282	3,2,3,2	4,4,5,4	8,8,8,7	10x17x31	0
10x17x32	3347	2,3,2,3	4,4,4,5	8,8,8,8	10x17x32	0
10x18x18	2072	2,3,2,3	4,5,4,5	4,5,4,5	10x18x18	0
10x18x19	2196	2,3,2,3	4,5,4,5	4,5,5,5	10x18x19	0
10x18x20	2261	2,3,2,3	4,5,4,5	5,5,5,5	10x18x20	0
10x18x21	2381	2,3,2,3	4,5,4,5	5,5,5,6	10x18x21	0
10x18x22	2471	2,3,2,3	4,5,4,5	5,6,5,6	10x18x22	0
10x18x23	2581	2,3,2,3	4,5,4,5	5,6,6,6	10x18x23	0
10x18x24	2639	2,3,2,3	4,5,4,5	6,6,6,6	10x18x24	0
10x18x25	2779	2,3,2,3	4,5,4,5	6,6,6,7	10x18x25	0
10x18x26	2884	2,3,2,3	4,5,4,5	6,7,6,7	10x18x26	0
10x18x27	3018	2,3,2,3	4,5,4,5	6,7,7,7	10x18x27	0
10x18x28	3087	2,3,2,3	4,5,4,5	7,7,7,7	10x18x28	0
10x18x29	3223	2,3,2,3	4,5,4,5	7,7,7,8	10x18x29	0
10x18x30	3325	2,3,2,3	4,5,4,5	7,8,7,8	10x18x30	0
10x18x31	3454	2,3,2,3	4,5,4,5	7,8,8,8	10x18x31	0
10x18x32	3521	2,3,2,3	4,5,4,5	8,8,8,8	10x18x32	0
10x19x19	2326	2,3,2,3	4,5,5,5	4,5,5,5	10x19x19	0
10x19x20	2395	2,3,2,3	4,5,5,5	5,5,5,5	10x19x20	0
10x19x21	2523	2,3,2,3	4,5,5,5	5,6,5,5	10x19x21	0
10x19x22	2622	2,3,2,3	4,5,5,5	5,6,5,6	10x19x22	0
10x19x23	2741	2,3,2,3	4,5,5,5	5,6,6,6	10x19x23	0
10x19x24	2805	2,3,2,3	4,5,5,5	6,6,6,6	10x19x24	0
10x19x25	2951	2,3,2,3	4,5,5,5	6,7,6,6	10x19x25	0
10x19x26	3064	2,3,2,3	4,5,5,5	6,7,6,7	10x19x26	0
10x19x27	3201	2,3,2,3	4,5,5,5	6,7,7,7	10x19x27	0
10x19x28	3272	2,3,2,3	4,5,5,5	7,7,7,7	10x19x28	0
10x19x29	3416	2,3,2,3	4,5,5,5	7,8,7,7	10x19x29	0
10x19x30	3528	2,3,2,3	4,5,5,5	7,8,7,8	10x19x30	0
10x19x31	3663	2,3,2,3	4,5,5,5	7,8,8,8	10x19x31	0
10x19x32	3734	2,3,2,3	4,5,5,5	8,8,8,8	10x19x32	0
10x20x20	2464	2,2,3,3	5,5,5,5	5,5,5,5	10x20x20	0
10x20x21	2600	2,3,2,3	5,5,5,5	5,5,5,6	10x20x21	0
10x20x22	2702	2,3,2,3	5,5,5,5	5,6,5,6	10x20x22	0
10x20x23	2827	2,2,3,3	5,5,5,5	6,5,6,6	10x20x23	0
10x20x24	2891	2,2,3,3	5,5,5,5	6,6,6,6	10x20x24	0
10x20x25	3043	2,3,2,3	5,5,5,5	6,6,6,7	10x20x25	0
10x20x26	3157	2,3,2,3	5,5,5,5	6,7,6,7	10x20x26	0
10x20x27	3296	2,2,3,3	5,5,5,5	7,6,7,7	10x20x27	0
10x20x28	3367	2,2,3,3	5,5,5,5	7,7,7,7	10x20x28	0
10x20x29	3519	2,3,2,3	5,5,5,5	7,7,7,8	10x20x29	0
10x20x30	3633	2,3,2,3	5,5,5,5	7,8,7,8	10x20x30	0
10x20x31	3772	2,2,3,3	5,5,5,5	8,7,8,8	10x20x31	0
10x20x32	3843	2,2,3,3	5,5,5,5	8,8,8,8	10x20x32	0
10x21x21	2748	5,5,5,6	5,6,5,5	2,3,2,3	21x21x10	3
10x21x22	2862	2,3,2,3	5,5,5,6	5,6,5,6	10x21x22	0
10x21x23	2999	3,2,3,2	5,5,6,5	6,6,6,5	10x21x23	0
10x21x24	3075	2,3,2,3	5,5,5,6	6,6,6,6	10x21x24	0
10x21x25	3237	6,6,6,7	2,3,2,3	5,6,5,5	25x10x21	1
10x21x26	3361	2,3,2,3	5,5,5,6	6,7,6,7	10x21x26	0
10x21x27	3510	3,2,3,2	5,5,6,5	7,7,7,6	10x21x27	0
10x21x28	3591	2,3,2,3	5,5,5,6	7,7,7,7	10x21x28	0
10x21x29	3747	7,7,7,8	2,3,2,3	5,6,5,5	29x10x21	1
10x21x30	3865	2,3,2,3	5,5,5,6	7,8,7,8	10x21x30	0
10x21x31	4008	3,2,3,2	5,5,6,5	8,8,8,7	10x21x31	0
10x21x32	4083	2,3,2,3	5,5,5,6	8,8,8,8	10x21x32	0
10x22x22	2982	2,3,2,3	5,6,5,6	5,6,5,6	10x22x22	0
10x22x23	3133	2,3,2,3	5,6,5,6	5,6,6,6	10x22x23	0
10x22x24	3213	2,3,2,3	5,6,5,6	6,6,6,6	10x22x24	0
10x22x25	3385	2,3,2,3	5,6,5,6	6,6,6,7	10x22x25	0
10x22x26	3514	2,3,2,3	5,6,5,6	6,7,6,7	10x22x26	0
10x22x27	3675	2,3,2,3	5,6,5,6	6,7,7,7	10x22x27	0
10x22x28	3759	2,3,2,3	5,6,5,6	7,7,7,7	10x22x28	0
10x22x29	3919	2,3,2,3	5,6,5,6	7,7,7,8	10x22x29	0
10x22x30	4039	2,3,2,3	5,6,5,6	7,8,7,8	10x22x30	0
10x22x31	4187	2,3,2,3	5,6,5,6	7,8,8,8	10x22x31	0
10x22x32	4263	2,3,2,3	5,6,5,6	8,8,8,8	10x22x32	0
10x23x23	3296	2,3,2,3	5,6,6,6	5,6,6,6	10x23x23	0
10x23x24	3384	2,3,2,3	5,6,6,6	6,6,6,6	10x23x24	0
10x23x25	3566	2,3,2,3	5,6,6,6	6,7,6,6	10x23x25	0
10x23x26	3707	2,3,2,3	5,6,6,6	6,7,6,7	10x23x26	0
10x23x27	3877	2,3,2,3	5,6,6,6	6,7,7,7	10x23x27	0
10x23x28	3967	2,3,2,3	5,6,6,6	7,7,7,7	10x23x28	0
10x23x29	4131	2,3,2,3	5,6,6,6	7,8,7,7	10x23x29	0
10x23x30	4256	2,3,2,3	5,6,6,6	7,8,7,8	10x23x30	0
10x23x31	4407	2,3,2,3	5,6,6,6	7,8,8,8	10x23x31	0
10x23x32	4485	2,3,2,3	5,6,6,6	8,8,8,8	10x23x32	0
10x24x24	3472	2,2,3,3	6,6,6,6	6,6,6,6	10x24x24	0
10x24x25	3664	2,3,2,3	6,6,6,6	6,6,6,7	10x24x25	0
10x24x26	3808	2,3,2,3	6,6,6,6	6,7,6,7	10x24x26	0
10x24x27	3984	2,2,3,3	6,6,6,6	7,6,7,7	10x24x27	0
10x24x28	4074	2,2,3,3	6,6,6,6	7,7,7,7	10x24x28	0
10x24x29	4242	2,3,2,3	6,6,6,6	7,7,7,8	10x24x29	0
10x24x30	4368	2,3,2,3	6,6,6,6	7,8,7,8	10x24x30	0
10x24x31	4521	2,2,3,3	6,6,6,6	8,7,8,8	10x24x31	0
10x24x32	4599	2,2,3,3	6,6,6,6	8,8,8,8	10x24x32	0
10x25x25	3858	2,3,2,3	6,6,6,7	6,6,6,7	10x25x25	0
10x25x26	4004	2,3,2,3	6,6,6,7	6,7,6,7	10x25x26	0
10x25x27	4182	2,3,2,3	6,6,6,7	6,7,7,7	10x25x27	0
10x25x28	4274	2,3,2,3	6,6,6,7	7,7,7,7	10x25x28	0
10x25x29	4458	7,7,7,8	2,3,2,3	6,7,6,6	29x10x25	1
10x25x30	4600	2,3,2,3	6,6,6,7	7,8,7,8	10x25x30	0
10x25x31	4769	3,2,3,2	6,6,7,6	8,8,8,7	10x25x31	0
10x25x32	4863	2,3,2,3	6,6,6,7	8,8,8,8	10x25x32	0
10x26x26	4151	2,3,2,3	6,7,6,7	6,7,6,7	10x26x26	0
10x26x27	4331	2,3,2,3	6,7,6,7	6,7,7,7	10x26x27	0
10x26x28	4424	2,3,2,3	6,7,6,7	7,7,7,7	10x26x28	0
10x26x29	4624	2,3,2,3	6,7,6,7	7,7,7,8	10x26x29	0
10x26x30	4774	2,3,2,3	6,7,6,7	7,8,7,8	10x26x30	0
10x26x31	4962	2,3,2,3	6,7,6,7	7,8,8,8	10x26x31	0
10x26x32	5061	2,3,2,3	6,7,6,7	8,8,8,8	10x26x32	0
10x27x27	4514	2,3,2,3	6,7,7,7	6,7,7,7	10x27x27	0
10x27x28	4609	2,3,2,3	6,7,7,7	7,7,7,7	10x27x28	0
10x27x29	4825	2,3,2,3	6,7,7,7	7,8,7,7	10x27x29	0
10x27x30	4994	2,3,2,3	6,7,7,7	7,8,7,8	10x27x30	0
10x27x31	5197	2,3,2,3	6,7,7,7	7,8,8,8	10x27x31	0
10x27x32	5306	2,3,2,3	6,7,7,7	8,8,8,8	10x27x32	0
10x28x28	4704	2,2,3,3	7,7,7,7	7,7,7,7	10x28x28	0
10x28x29	4936	2,3,2,3	7,7,7,7	7,7,7,8	10x28x29	0
10x28x30	5110	2,3,2,3	7,7,7,7	7,8,7,8	10x28x30	0
10x28x31	5323	2,2,3,3	7,7,7,7	8,7,8,8	10x28x31	0
10x28x32	5432	2,2,3,3	7,7,7,7	8,8,8,8	10x28x32	0
10x29x29	5170	2,3,2,3	7,7,7,8	7,7,7,8	10x29x29	0
10x29x30	5346	2,3,2,3	7,7,7,8	7,8,7,8	10x29x30	0
10x29x31	5561	2,3,2,3	7,7,7,8	7,8,8,8	10x29x31	0
10x29x32	5672	2,3,2,3	7,7,7,8	8,8,8,8	10x29x32	0
10x30x30	5523	2,3,2,3	7,8,7,8	7,8,7,8	10x30x30	0
10x30x31	5740	2,3,2,3	7,8,7,8	7,8,8,8	10x30x31	0
10x30x32	5852	2,3,2,3	7,8,7,8	8,8,8,8	10x30x32	0
10x31x31	5960	2,3,2,3	7,8,8,8	7,8,8,8	10x31x31	0
10x31x32	6074	2,3,2,3	7,8,8,8	8,8,8,8	10x31x32	0
10x32x32	6188	2,2,3,3	8,8,8,8	8,8,8,8	10x32x32	0
11x11x11	959	2,3,3,3	2,3,3,3	2,3,3,3	11x11x11	0
11x11x12	1015	2,3,3,3	2,3,3,3	3,3,3,3	11x11x12	0
11x11x13	1105	3,3,4,3	3,2,3,3	3,2,3,3	13x11x11	3
11x11x14	1173	2,3,3,3	2,3,3,3	3,4,3,4	11x11x14	0
11x11x15	1253	2,3,3,3	2,3,3,3	3,4,4,4	11x11x15	0
11x11x16	1295	2,3,3,3	2,3,3,3	4,4,4,4	11x11x16	0
11x11x17	1395	2,3,3,3	3,3,2,3	4,4,4,5	11x11x17	0
11x11x18	1471	2,3,3,3	2,3,3,3	4,5,4,5	11x11x18	0
11x11x19	1561	2,3,3,3	2,3,3,3	4,5,5,5	11x11x19	0
11x11x20	1610	2,3,3,3	2,3,3,3	5,5,5,5	11x11x20	0
11x11x21	1700	5,5,6,5	3,2,3,3	3,2,3,3	21x11x11	3
11x11x22	1768	2,3,3,3	2,3,3,3	5,6,5,6	11x11x22	0
11x11x23	1848	2,3,3,3	2,3,3,3	5,6,6,6	11x11x23	0
11x11x24	1890	2,3,3,3	2,3,3,3	6,6,6,6	11x11x24	0
11x11x25	1990	2,3,3,3	3,3,2,3	6,6,6,7	11x11x25	0
11x11x26	2066	2,3,3,3	2,3,3,3	6,7,6,7	11x11x26	0
11x11x27	2156	2,3,3,3	2,3,3,3	6,7,7,7	11x11x27	0
11x11x28	2205	2,3,3,3	2,3,3,3	7,7,7,7	11x11x28	0
11x11x29	2305	2,3,3,3	3,3,2,3	7,7,7,8	11x11x29	0
11x11x30	2381	2,3,3,3	2,3,3,3	7,8,7,8	11x11x30	0
11x11x31	2471	2,3,3,3	2,3,3,3	7,8,8,8	11x11x31	0
11x11x32	2520	2,3,3,3	2,3,3,3	8,8,8,8	11x11x32	0
11x12x12	1071	2,3,3,3	3,3,3,3	3,3,3,3	11x12x12	0
11x12x13	1163	2,3,3,3	3,3,3,3	3,3,3,4	11x12x13	0
11x12x14	1234	2,3,3,3	3,3,3,3	3,3,4,4	11x12x14	0
11x12x15	1316	2,3,3,3	3,3,3,3	3,4,4,4	11x12x15	0
11x12x16	1358	2,3,3,3	3,3,3,3	4,4,4,4	11x12x16	0
11x12x17	1462	2,3,3,3	3,3,3,3	4,4,4,5	11x12x17	0
11x12x18	1544	2,3,3,3	3,3,3,3	4,4,5,5	11x12x18	0
11x12x19	1638	2,3,3,3	3,3,3,3	4,5,5,5	11x12x19	0
11x12x20	1687	2,3,3,3	3,3,3,3	5,5,5,5	11x12x20	0
11x12x21	1779	2,3,3,3	3,3,3,3	5,5,5,6	11x12x21	0
11x12x22	1850	2,3,3,3	3,3,3,3	5,5,6,6	11x12x22	0
11x12x23	1932	2,3,3,3	3,3,3,3	5,6,6,6	11x12x23	0
11x12x24	1974	2,3,3,3	3,3,3,3	6,6,6,6	11x12x24	0
11x12x25	2078	2,3,3,3	3,3,3,3	6,6,6,7	11x12x25	0
11x12x26	2160	2,3,3,3	3,3,3,3	6,6,7,7	11x12x26	0
11x12x27	2254	2,3,3,3	3,3,3,3	6,7,7,7	11x12x27	0
11x12x28	2303	2,3,3,3	3,3,3,3	7,7,7,7	11x12x28	0
11x12x29	2407	2,3,3,3	3,3,3,3	7,7,7,8	11x12x29	0
11x12x30	2489	2,3,3,3	3,3,3,3	7,7,8,8	11x12x30	0
11x12x31	2583	2,3,3,3	3,3,3,3	7,8,8,8	11x12x31	0
11x12x32	2632	2,3,3,3	3,3,3,3	8,8,8,8	11x12x32	0
11x13x13	1265	3,3,4,3	4,3,3,3	3,2,3,3	13x13x11	3
11x13x14	1346	3,4,3,4	2,3,3,3	3,4,3,3	14x11x13	1
11x13x15	1439	3,4,4,4	3,3,2,3	3,3,3,4	15x11x13	1
11x13x16	1490	4,4,4,4	2,3,3,3	3,4,3,3	16x11x13	1
11x13x17	1602	3,3,4,3	5,4,4,4	3,2,3,3	13x17x11	2
11x13x18	1692	4,5,4,5	2,3,3,3	3,4,3,3	18x11x13	1
11x13x19	1796	4,5,5,5	3,3,2,3	3,3,3,4	19x11x13	1
11x13x20	1851	5,5,5,5	2,3,3,3	3,4,3,3	20x11x13	1
11x13x21	1947	3,3,4,3	6,5,5,5	3,2,3,3	13x21x11	2
11x13x22	2022	5,6,5,6	2,3,3,3	3,4,3,3	22x11x13	1
11x13x23	2109	5,6,6,6	3,3,2,3	3,3,3,4	23x11x13	1
11x13x24	2154	6,6,6,6	2,3,3,3	3,4,3,3	24x11x13	1
11x13x25	2268	3,3,4,3	7,6,6,6	3,2,3,3	13x25x11	2
11x13x26	2360	6,7,6,7	2,3,3,3	3,4,3,3	26x11x13	1
11x13x27	2466	6,7,7,7	3,3,2,3	3,3,3,4	27x11x13	1
11x13x28	2523	7,7,7,7	2,3,3,3	3,4,3,3	28x11x13	1
11x13x29	2634	3,3,4,3	8,7,7,7	3,2,3,3	13x29x11	2
11x13x30	2723	7,8,7,8	2,3,3,3	3,4,3,3	30x11x13	1
11x13x31	2826	7,8,8,8	3,3,2,3	3,3,3,4	31x11x13	1
11x13x32	2880	8,8,8,8	2,3,3,3	3,4,3,3	32x11x13	1
11x14x14	1433	2,3,3,3	3,4,3,4	3,4,3,4	11x14x14	0
11x14x15	1538	2,3,3,3	3,4,3,4	3,4,4,4	11x14x15	0
11x14x16	1595	2,3,3,3	3,4,3,4	4,4,4,4	11x14x16	0
11x14x17	1715	2,3,3,3	3,4,3,4	4,4,4,5	11x14x17	0
11x14x18	1809	2,3,3,3	3,4,3,4	4,5,4,5	11x14x18	0
11x14x19	1921	2,3,3,3	3,4,3,4	4,5,5,5	11x14x19	0
11x14x20	1980	2,3,3,3	3,4,3,4	5,5,5,5	11x14x20	0
11x14x21	2080	2,3,3,3	3,4,3,4	5,5,5,6	11x14x21	0
11x14x22	2157	2,3,3,3	3,4,3,4	5,6,5,6	11x14x22	0
11x14x23	2248	2,3,3,3	3,4,3,4	5,6,6,6	11x14x23	0
11x14x24	2295	2,3,3,3	3,4,3,4	6,6,6,6	11x14x24	0
11x14x25	2419	2,3,3,3	3,4,3,4	6,6,6,7	11x14x25	0
11x14x26	2517	2,3,3,3	3,4,3,4	6,7,6,7	11x14x26	0
11x14x27	2634	2,3,3,3	3,4,3,4	6,7,7,7	11x14x27	0
11x14x28	2698	2,3,3,3	3,4,3,4	7,7,7,7	11x14x28	0
11x14x29	2816	2,3,3,3	3,4,3,4	7,7,7,8	11x14x29	0
11x14x30	2909	2,3,3,3	3,4,3,4	7,8,7,8	11x14x30	0
11x14x31	3019	2,3,3,3	3,4,3,4	7,8,8,8	11x14x31	0
11x14x32	3078	2,3,3,3	3,4,3,4	8,8,8,8	11x14x32	0
11x15x15	1652	2,3,3,3	3,4,4,4	3,4,4,4	11x15x15	0
11x15x16	1715	2,3,3,3	3,4,4,4	4,4,4,4	11x15x16	0
11x15x17	1846	2,3,3,3	4,4,3,4	4,4,4,5	11x15x17	0
11x15x18	1947	2,3,3,3	3,4,4,4	4,5,4,5	11x15x18	0
11x15x19	2065	2,3,3,3	3,4,4,4	4,5,5,5	11x15x19	0
11x15x20	2128	2,3,3,3	3,4,4,4	5,5,5,5	11x15x20	0
11x15x21	2234	5,5,6,5	3,2,3,3	4,3,4,4	21x11x15	1
11x15x22	2314	2,3,3,3	3,4,4,4	5,6,5,6	11x15x22	0
11x15x23	2408	2,3,3,3	3,4,4,4	5,6,6,6	11x15x23	0
11x15x24	2457	2,3,3,3	3,4,4,4	6,6,6,6	11x15x24	0
11x15x25	2594	2,3,3,3	4,4,3,4	6,6,6,7	11x15x25	0
11x15x26	2702	2,3,3,3	3,4,4,4	6,7,6,7	11x15x26	0
11x15x27	2828	2,3,3,3	3,4,4,4	6,7,7,7	11x15x27	0
11x15x28	2898	2,3,3,3	3,4,4,4	7,7,7,7	11x15x28	0
11x15x29	3026	4,3,4,4	8,7,7,7	3,2,3,3	15x29x11	2
11x15x30	3125	2,3,3,3	3,4,4,4	7,8,7,8	11x15x30	0
11x15x31	3241	2,3,3,3	3,4,4,4	7,8,8,8	11x15x31	0
11x15x32	3304	2,3,3,3	3,4,4,4	8,8,8,8	11x15x32	0
11x16x16	1778	2,3,3,3	4,4,4,4	4,4,4,4	11x16x16	0
11x16x17	1914	2,3,3,3	4,4,4,4	4,4,4,5	11x16x17	0
11x16x18	2020	2,3,3,3	4,4,4,4	4,4,5,5	11x16x18	0
11x16x19	2142	2,3,3,3	4,4,4,4	4,5,5,5	11x16x19	0
11x16x20	2205	2,3,3,3	4,4,4,4	5,5,5,5	11x16x20	0
11x16x21	2313	2,3,3,3	4,4,4,4	5,5,5,6	11x16x21	0
11x16x22	2396	2,3,3,3	4,4,4,4	5,5,6,6	11x16x22	0
11x16x23	2492	2,3,3,3	4,4,4,4	5,6,6,6	11x16x23	0
11x16x24	2541	2,3,3,3	4,4,4,4	6,6,6,6	11x16x24	0
11x16x25	2685	2,3,3,3	4,4,4,4	6,6,6,7	11x16x25	0
11x16x26	2801	2,3,3,3	4,4,4,4	6,6,7,7	11x16x26	0
11x16x27	2933	2,3,3,3	4,4,4,4	6,7,7,7	11x16x27	0
11x16x28	3003	2,3,3,3	4,4,4,4	7,7,7,7	11x16x28	0
11x16x29	3135	2,3,3,3	4,4,4,4	7,7,7,8	11x16x29	0
11x16x30	3240	2,3,3,3	4,4,4,4	7,7,8,8	11x16x30	0
11x16x31	3360	2,3,3,3	4,4,4,4	7,8,8,8	11x16x31	0
11x16x32	3423	2,3,3,3	4,4,4,4	8,8,8,8	11x16x32	0
11x17x17	2056	4,4,5,4	5,4,4,4	3,2,3,3	17x17x11	3
11x17x18	2168	4,5,4,5	2,3,3,3	4,5,4,4	18x11x17	1
11x17x19	2298	4,5,5,5	3,3,2,3	4,4,4,5	19x11x17	1
11x17x20	2365	5,5,5,5	2,3,3,3	4,5,4,4	20x11x17	1
11x17x21	2483	4,4,5,4	6,5,5,5	3,2,3,3	17x21x11	2
11x17x22	2576	5,6,5,6	2,3,3,3	4,5,4,4	22x11x17	1
11x17x23	2683	5,6,6,6	3,3,2,3	4,4,4,5	23x11x17	1
11x17x24	2741	6,6,6,6	2,3,3,3	4,5,4,4	24x11x17	1
11x17x25	2890	4,4,5,4	7,6,6,6	3,2,3,3	17x25x11	2
11x17x26	3011	6,7,6,7	2,3,3,3	4,5,4,4	26x11x17	1
11x17x27	3151	4,4,5,4	7,6,7,7	3,2,3,3	17x27x11	2
11x17x28	3223	7,7,7,7	2,3,3,3	4,5,4,4	28x11x17	1
11x17x29	3363	4,4,5,4	8,7,7,7	3,2,3,3	17x29x11	2
11x17x30	3476	7,8,7,8	2,3,3,3	4,5,4,4	30x11x17	1
11x17x31	3607	7,8,8,8	3,3,2,3	4,4,4,5	31x11x17	1
11x17x32	3675	8,8,8,8	2,3,3,3	4,5,4,4	32x11x17	1
11x18x18	2284	2,3,3,3	4,5,4,5	4,5,4,5	11x18x18	0
11x18x19	2420	2,3,3,3	4,5,4,5	4,5,5,5	11x18x19	0
11x18x20	2493	2,3,3,3	4,5,4,5	5,5,5,5	11x18x20	0
11x18x21	2621	2,3,3,3	4,5,4,5	5,5,5,6	11x18x21	0
11x18x22	2720	2,3,3,3	4,5,4,5	5,6,5,6	11x18x22	0
11x18x23	2839	2,3,3,3	4,5,4,5	5,6,6,6	11x18x23	0
11x18x24	2903	2,3,3,3	4,5,4,5	6,6,6,6	11x18x24	0
11x18x25	3057	2,3,3,3	4,5,4,5	6,6,6,7	11x18x25	0
11x18x26	3180	2,3,3,3	4,5,4,5	6,7,6,7	11x18x26	0
11x18x27	3323	2,3,3,3	4,5,4,5	6,7,7,7	11x18x27	0
11x18x28	3398	2,3,3,3	4,5,4,5	7,7,7,7	11x18x28	0
11x18x29	3546	2,3,3,3	4,5,4,5	7,7,7,8	11x18x29	0
11x18x30	3663	2,3,3,3	4,5,4,5	7,8,7,8	11x18x30	0
11x18x31	3801	2,3,3,3	4,5,4,5	7,8,8,8	11x18x31	0
11x18x32	3874	2,3,3,3	4,5,4,5	8,8,8,8	11x18x32	0
11x19x19	2562	2,3,3,3	4,5,5,5	4,5,5,5	11x19x19	0
11x19x20	2639	2,3,3,3	4,5,5,5	5,5,5,5	11x19x20	0
11x19x21	2781	2,3,3,3	5,5,4,5	5,5,5,6	11x19x21	0
11x19x22	2889	2,3,3,3	4,5,5,5	5,6,5,6	11x19x22	0
11x19x23	3017	2,3,3,3	4,5,5,5	5,6,6,6	11x19x23	0
11x19x24	3087	2,3,3,3	4,5,5,5	6,6,6,6	11x19x24	0
11x19x25	3249	5,4,5,5	7,6,6,6	3,2,3,3	19x25x11	2
11x19x26	3375	2,3,3,3	4,5,5,5	6,7,6,7	11x19x26	0
11x19x27	3521	2,3,3,3	4,5,5,5	6,7,7,7	11x19x27	0
11x19x28	3598	2,3,3,3	4,5,5,5	7,7,7,7	11x19x28	0
11x19x29	3758	5,4,5,5	8,7,7,7	3,2,3,3	19x29x11	2
11x19x30	3881	2,3,3,3	4,5,5,5	7,8,7,8	11x19x30	0
11x19x31	4025	2,3,3,3	4,5,5,5	7,8,8,8	11x19x31	0
11x19x32	4102	2,3,3,3	4,5,5,5	8,8,8,8	11x19x32	0
11x20x20	2716	2,3,3,3	5,5,5,5	5,5,5,5	11x20x20	0
11x20x21	2864	2,3,3,3	5,5,5,5	5,5,5,6	11x20x21	0
11x20x22	2981	2,3,3,3	5,5,5,5	5,5,6,6	11x20x22	0
11x20x23	3115	2,3,3,3	5,5,5,5	5,6,6,6	11x20x23	0
11x20x24	3185	2,3,3,3	5,5,5,5	6,6,6,6	11x20x24	0
11x20x25	3349	2,3,3,3	5,5,5,5	6,6,6,7	11x20x25	0
11x20x26	3478	2,3,3,3	5,5,5,5	6,6,7,7	11x20x26	0
11x20x27	3626	2,3,3,3	5,5,5,5	6,7,7,7	11x20x27	0
11x20x28	3703	2,3,3,3	5,5,5,5	7,7,7,7	11x20x28	0
11x20x29	3867	2,3,3,3	5,5,5,5	7,7,7,8	11x20x29	0
11x20x30	3996	2,3,3,3	5,5,5,5	7,7,8,8	11x20x30	0
11x20x31	4144	2,3,3,3	5,5,5,5	7,8,8,8	11x20x31	0
11x20x32	4221	2,3,3,3	5,5,5,5	8,8,8,8	11x20x32	0
11x21x21	3026	5,5,6,5	6,5,5,5	3,2,3,3	21x21x11	3
11x21x22	3157	5,6,5,6	2,3,3,3	5,6,5,5	22x11x21	1
11x21x23	3308	5,6,6,6	3,3,2,3	5,5,5,6	23x11x21	1
11x21x24	3389	6,6,6,6	2,3,3,3	5,6,5,5	24x11x21	1
11x21x25	3564	5,5,6,5	7,6,6,6	3,2,3,3	21x25x11	2
11x21x26	3704	6,7,6,7	2,3,3,3	5,6,5,5	26x11x21	1
11x21x27	3866	6,7,7,7	3,3,2,3	5,5,5,6	27x11x21	1
11x21x28	3951	7,7,7,7	2,3,3,3	5,6,5,5	28x11x21	1
11x21x29	4119	5,5,6,5	8,7,7,7	3,2,3,3	21x29x11	2
11x21x30	4252	7,8,7,8	2,3,3,3	5,6,5,5	30x11x21	1
11x21x31	4406	5,5,6,5	8,7,8,8	3,2,3,3	21x31x11	2
11x21x32	4485	8,8,8,8	2,3,3,3	5,6,5,5	32x11x21	1
11x22x22	3296	2,3,3,3	5,6,5,6	5,6,5,6	11x22x22	0
11x22x23	3462	2,3,3,3	5,6,5,6	5,6,6,6	11x22x23	0
11x22x24	3552	2,3,3,3	5,6,5,6	6,6,6,6	11x22x24	0
11x22x25	3738	2,3,3,3	5,6,5,6	6,6,6,7	11x22x25	0
11x22x26	3884	2,3,3,3	5,6,5,6	6,7,6,7	11x22x26	0
11x22x27	4057	2,3,3,3	5,6,5,6	6,7,7,7	11x22x27	0
11x22x28	4149	2,3,3,3	5,6,5,6	7,7,7,7	11x22x28	0
11x22x29	4321	2,3,3,3	5,6,5,6	7,7,7,8	11x22x29	0
11x22x30	4456	2,3,3,3	5,6,5,6	7,8,7,8	11x22x30	0
11x22x31	4613	2,3,3,3	5,6,5,6	7,8,8,8	11x22x31	0
11x22x32	4695	2,3,3,3	5,6,5,6	8,8,8,8	11x22x32	0
11x23x23	3640	2,3,3,3	5,6,6,6	5,6,6,6	11x23x23	0
11x23x24	3738	2,3,3,3	5,6,6,6	6,6,6,6	11x23x24	0
11x23x25	3940	2,3,3,3	6,6,5,6	6,6,6,7	11x23x25	0
11x23x26	4095	2,3,3,3	5,6,6,6	6,7,6,7	11x23x26	0
11x23x27	4277	2,3,3,3	5,6,6,6	6,7,7,7	11x23x27	0
11x23x28	4375	2,3,3,3	5,6,6,6	7,7,7,7	11x23x28	0
11x23x29	4553	6,5,6,6	8,7,7,7	3,2,3,3	23x29x11	2
11x23x30	4691	2,3,3,3	5,6,6,6	7,8,7,8	11x23x30	0
11x23x31	4851	2,3,3,3	5,6,6,6	7,8,8,8	11x23x31	0
11x23x32	4935	2,3,3,3	5,6,6,6	8,8,8,8	11x23x32	0
11x24x24	3836	2,3,3,3	6,6,6,6	6,6,6,6	11x24x24	0
11x24x25	4044	2,3,3,3	6,6,6,6	6,6,6,7	11x24x25	0
11x24x26	4208	2,3,3,3	6,6,6,6	6,6,7,7	11x24x26	0
11x24x27	4396	2,3,3,3	6,6,6,6	6,7,7,7	11x24x27	0
11x24x28	4494	2,3,3,3	6,6,6,6	7,7,7,7	11x24x28	0
11x24x29	4674	2,3,3,3	6,6,6,6	7,7,7,8	11x24x29	0
11x24x30	4815	2,3,3,3	6,6,6,6	7,7,8,8	11x24x30	0
11x24x31	4977	2,3,3,3	6,6,6,6	7,8,8,8	11x24x31	0
11x24x32	5061	2,3,3,3	6,6,6,6	8,8,8,8	11x24x32	0
11x25x25	4255	6,6,7,6	7,6,6,6	3,2,3,3	25x25x11	3
11x25x26	4422	6,7,6,7	2,3,3,3	6,7,6,6	26x11x25	1
11x25x27	4614	6,6,7,6	7,6,7,7	3,2,3,3	25x27x11	2
11x25x28	4714	7,7,7,7	2,3,3,3	6,7,6,6	28x11x25	1
11x25x29	4912	6,6,7,6	8,7,7,7	3,2,3,3	25x29x11	2
11x25x30	5071	7,8,7,8	2,3,3,3	6,7,6,6	30x11x25	1
11x25x31	5254	7,8,8,8	3,3,2,3	6,6,6,7	31x11x25	1
11x25x32	5353	8,8,8,8	2,3,3,3	6,7,6,6	32x11x25	1
11x26x26	4591	2,3,3,3	6,7,6,7	6,7,6,7	11x26x26	0
11x26x27	4786	2,3,3,3	6,7,6,7	6,7,7,7	11x26x27	0
11x26x28	4889	2,3,3,3	6,7,6,7	7,7,7,7	11x26x28	0
11x26x29	5105	2,3,3,3	6,7,6,7	7,7,7,8	11x26x29	0
11x26x30	5274	2,3,3,3	6,7,6,7	7,8,7,8	11x26x30	0
11x26x31	5477	2,3,3,3	6,7,6,7	7,8,8,8	11x26x31	0
11x26x32	5586	2,3,3,3	6,7,6,7	8,8,8,8	11x26x32	0
11x27x27	4984	2,3,3,3	6,7,7,7	6,7,7,7	11x27x27	0
11x27x28	5089	2,3,3,3	6,7,7,7	7,7,7,7	11x27x28	0
11x27x29	5328	2,3,3,3	7,7,6,7	7,7,7,8	11x27x29	0
11x27x30	5515	2,3,3,3	6,7,7,7	7,8,7,8	11x27x30	0
11x27x31	5733	2,3,3,3	6,7,7,7	7,8,8,8	11x27x31	0
11x27x32	5852	2,3,3,3	6,7,7,7	8,8,8,8	11x27x32	0
11x28x28	5194	2,3,3,3	7,7,7,7	7,7,7,7	11x28x28	0
11x28x29	5446	2,3,3,3	7,7,7,7	7,7,7,8	11x28x29	0
11x28x30	5645	2,3,3,3	7,7,7,7	7,7,8,8	11x28x30	0
11x28x31	5873	2,3,3,3	7,7,7,7	7,8,8,8	11x28x31	0
11x28x32	5992	2,3,3,3	7,7,7,7	8,8,8,8	11x28x32	0
11x29x29	5701	7,7,8,7	8,7,7,7	3,2,3,3	29x29x11	3
11x29x30	5903	7,8,7,8	2,3,3,3	7,8,7,7	30x11x29	1
11x29x31	6135	7,7,8,7	8,7,8,8	3,2,3,3	29x31x11	2
11x29x32	6256	8,8,8,8	2,3,3,3	7,8,7,7	32x11x29	1
11x30x30	6107	2,3,3,3	7,8,7,8	7,8,7,8	11x30x30	0
11x30x31	6342	2,3,3,3	7,8,7,8	7,8,8,8	11x30x31	0
11x30x32	6466	2,3,3,3	7,8,7,8	8,8,8,8	11x30x32	0
11x31x31	6580	2,3,3,3	7,8,8,8	7,8,8,8	11x31x31	0
11x31x32	6706	2,3,3,3	7,8,8,8	8,8,8,8	11x31x32	0
11x32x32	6832	2,3,3,3	8,8,8,8	8,8,8,8	11x32x32	0
