target	formula_rank	exact_best_rank	reduction	zero_terms	parity_reduction	alloc_n	alloc_m	alloc_p	source	s3_code
8x8x8	329	329	0	0	0	2,2,2,2	2,2,2,2	2,2,2,2	8x8x8	0
8x8x9	393	393	0	0	0	2,2,2,2	2,2,2,2	2,3,2,2	8x8x9	0
8x8x10	445	445	0	0	0	2,2,2,2	2,2,2,2	2,3,3,2	8x8x10	0
8x8x11	485	485	0	0	0	2,2,2,2	3,3,3,2	2,2,2,2	8x11x8	5
8x8x12	517	517	0	0	0	2,2,2,2	2,2,2,2	3,3,3,3	8x8x12	0
8x8x13	565	565	0	0	0	2,2,2,2	2,2,2,2	3,4,3,3	8x8x13	0
8x8x14	604	604	0	0	0	2,2,2,2	2,2,2,2	3,4,4,3	8x8x14	0
8x8x15	634	634	0	0	0	2,2,2,2	4,4,4,3	2,2,2,2	8x15x8	5
8x8x16	658	658	0	0	0	2,2,2,2	2,2,2,2	4,4,4,4	8x8x16	0
8x8x17	722	722	0	0	0	2,2,2,2	2,2,2,2	4,5,4,4	8x8x17	0
8x8x18	774	774	0	0	0	2,2,2,2	2,2,2,2	4,5,5,4	8x8x18	0
8x8x19	814	814	0	0	0	2,2,2,2	5,5,5,4	2,2,2,2	8x19x8	5
8x8x20	846	846	0	0	0	2,2,2,2	2,2,2,2	5,5,5,5	8x8x20	0
8x8x21	894	894	0	0	0	2,2,2,2	2,2,2,2	5,6,5,5	8x8x21	0
8x8x22	933	933	0	0	0	2,2,2,2	2,2,2,2	5,6,6,5	8x8x22	0
8x8x23	963	963	0	0	0	2,2,2,2	6,6,6,5	2,2,2,2	8x23x8	5
8x8x24	987	987	0	0	0	2,2,2,2	2,2,2,2	6,6,6,6	8x8x24	0
8x8x25	1051	1051	0	0	0	2,2,2,2	2,2,2,2	6,7,6,6	8x8x25	0
8x8x26	1103	1103	0	0	0	2,2,2,2	2,2,2,2	6,7,7,6	8x8x26	0
8x8x27	1143	1143	0	0	0	2,2,2,2	7,7,7,6	2,2,2,2	8x27x8	5
8x8x28	1175	1175	0	0	0	2,2,2,2	2,2,2,2	7,7,7,7	8x8x28	0
8x8x29	1223	1223	0	0	0	2,2,2,2	2,2,2,2	7,8,7,7	8x8x29	0
8x8x30	1262	1262	0	0	0	2,2,2,2	2,2,2,2	7,8,8,7	8x8x30	0
8x8x31	1292	1292	0	0	0	2,2,2,2	8,8,8,7	2,2,2,2	8x31x8	5
8x8x32	1316	1316	0	0	0	2,2,2,2	2,2,2,2	8,8,8,8	8x8x32	0
8x9x9	457	457	0	0	0	2,2,2,2	3,2,2,2	2,3,2,2	8x9x9	0
8x9x10	509	509	0	0	0	2,2,2,2	3,2,2,2	2,3,3,2	8x9x10	0
8x9x11	549	549	0	0	0	2,2,2,2	3,3,3,2	2,3,2,2	8x11x9	5
8x9x12	581	581	0	0	0	2,2,2,2	3,2,2,2	3,3,3,3	8x9x12	0
8x9x13	637	637	0	0	0	2,2,2,2	3,2,2,2	3,4,3,3	8x9x13	0
8x9x14	684	684	0	0	0	2,2,2,2	3,2,2,2	3,4,3,4	8x9x14	0
8x9x15	722	722	0	0	0	2,2,2,2	4,4,4,3	2,3,2,2	8x15x9	5
8x9x16	754	754	0	0	0	2,2,2,2	3,2,2,2	4,4,4,4	8x9x16	0
8x9x17	822	822	0	0	0	2,2,2,2	3,2,2,2	4,5,4,4	8x9x17	0
8x9x18	878	878	0	0	0	2,2,2,2	3,2,2,2	4,5,4,5	8x9x18	0
8x9x19	922	922	0	0	0	2,2,2,2	5,5,5,4	2,3,2,2	8x19x9	5
8x9x20	958	958	0	0	0	2,2,2,2	3,2,2,2	5,5,5,5	8x9x20	0
8x9x21	1014	1014	0	0	0	2,2,2,2	3,2,2,2	5,6,5,5	8x9x21	0
8x9x22	1061	1061	0	0	0	2,2,2,2	3,2,2,2	5,6,5,6	8x9x22	0
8x9x23	1099	1099	0	0	0	2,2,2,2	6,6,6,5	2,3,2,2	8x23x9	5
8x9x24	1131	1131	0	0	0	2,2,2,2	3,2,2,2	6,6,6,6	8x9x24	0
8x9x25	1199	1199	0	0	0	2,2,2,2	3,2,2,2	6,7,6,6	8x9x25	0
8x9x26	1255	1255	0	0	0	2,2,2,2	3,2,2,2	6,7,6,7	8x9x26	0
8x9x27	1299	1299	0	0	0	2,2,2,2	7,7,7,6	2,3,2,2	8x27x9	5
8x9x28	1335	1335	0	0	0	2,2,2,2	3,2,2,2	7,7,7,7	8x9x28	0
8x9x29	1391	1391	0	0	0	2,2,2,2	3,2,2,2	7,8,7,7	8x9x29	0
8x9x30	1438	1438	0	0	0	2,2,2,2	3,2,2,2	7,8,7,8	8x9x30	0
8x9x31	1476	1476	0	0	0	2,2,2,2	8,8,8,7	2,3,2,2	8x31x9	5
8x9x32	1508	1508	0	0	0	2,2,2,2	3,2,2,2	8,8,8,8	8x9x32	0
8x10x10	561	561	0	0	0	2,2,2,2	3,3,2,2	2,3,3,2	8x10x10	0
8x10x11	601	601	0	0	0	2,2,2,2	3,3,3,2	2,3,3,2	8x11x10	5
8x10x12	633	633	0	0	0	2,2,2,2	3,3,2,2	3,3,3,3	8x10x12	0
8x10x13	697	697	0	0	0	2,2,2,2	3,3,2,2	3,4,3,3	8x10x13	0
8x10x14	754	754	0	0	0	2,2,2,2	3,3,2,2	3,4,4,3	8x10x14	0
8x10x15	796	796	0	0	0	2,2,2,2	4,4,4,3	2,3,3,2	8x15x10	5
8x10x16	832	832	0	0	0	2,2,2,2	3,3,2,2	4,4,4,4	8x10x16	0
8x10x17	904	904	0	0	0	2,2,2,2	3,3,2,2	4,5,4,4	8x10x17	0
8x10x18	965	965	0	0	0	2,2,2,2	3,3,2,2	4,5,5,4	8x10x18	0
8x10x19	1011	1011	0	0	0	2,2,2,2	5,5,5,4	2,3,3,2	8x19x10	5
8x10x20	1049	1049	0	0	0	2,2,2,2	3,3,2,2	5,5,5,5	8x10x20	0
8x10x21	1113	1113	0	0	0	2,2,2,2	3,3,2,2	5,6,5,5	8x10x21	0
8x10x22	1170	1170	0	0	0	2,2,2,2	3,3,2,2	5,6,6,5	8x10x22	0
8x10x23	1212	1212	0	0	0	2,2,2,2	6,6,6,5	2,3,3,2	8x23x10	5
8x10x24	1248	1248	0	0	0	2,2,2,2	3,3,2,2	6,6,6,6	8x10x24	0
8x10x25	1320	1320	0	0	0	2,2,2,2	3,3,2,2	6,7,6,6	8x10x25	0
8x10x26	1381	1381	0	0	0	2,2,2,2	3,3,2,2	6,7,7,6	8x10x26	0
8x10x27	1427	1427	0	0	0	2,2,2,2	7,7,7,6	2,3,3,2	8x27x10	5
8x10x28	1465	1465	0	0	0	2,2,2,2	3,3,2,2	7,7,7,7	8x10x28	0
8x10x29	1529	1529	0	0	0	2,2,2,2	3,3,2,2	7,8,7,7	8x10x29	0
8x10x30	1586	1586	0	0	0	2,2,2,2	3,3,2,2	7,8,8,7	8x10x30	0
8x10x31	1628	1628	0	0	0	2,2,2,2	8,8,8,7	2,3,3,2	8x31x10	5
8x10x32	1664	1664	0	0	0	2,2,2,2	3,3,2,2	8,8,8,8	8x10x32	0
8x11x11	645	645	0	0	0	2,2,2,2	3,3,3,2	2,3,3,3	8x11x11	0
8x11x12	673	673	0	0	0	2,2,2,2	3,3,3,2	3,3,3,3	8x11x12	0
8x11x13	745	745	0	0	0	2,2,2,2	3,3,3,2	3,4,3,3	8x11x13	0
8x11x14	806	806	0	0	0	2,2,2,2	3,3,3,2	3,4,4,3	8x11x14	0
8x11x15	859	859	0	0	0	2,2,2,2	3,3,3,2	3,4,4,4	8x11x15	0
8x11x16	892	892	0	0	0	2,2,2,2	3,3,3,2	4,4,4,4	8x11x16	0
8x11x17	968	968	0	0	0	2,2,2,2	3,3,3,2	4,5,4,4	8x11x17	0
8x11x18	1031	1031	0	0	0	2,2,2,2	3,3,3,2	4,5,5,4	8x11x18	0
8x11x19	1085	1085	0	0	0	2,2,2,2	3,3,3,2	4,5,5,5	8x11x19	0
8x11x20	1119	1119	0	0	0	2,2,2,2	3,3,3,2	5,5,5,5	8x11x20	0
8x11x21	1191	1191	0	0	0	2,2,2,2	3,3,3,2	5,6,5,5	8x11x21	0
8x11x22	1252	1252	0	0	0	2,2,2,2	3,3,3,2	5,6,6,5	8x11x22	0
8x11x23	1305	1305	0	0	0	2,2,2,2	3,3,3,2	5,6,6,6	8x11x23	0
8x11x24	1338	1338	0	0	0	2,2,2,2	3,3,3,2	6,6,6,6	8x11x24	0
8x11x25	1414	1414	0	0	0	2,2,2,2	3,3,3,2	6,7,6,6	8x11x25	0
8x11x26	1477	1477	0	0	0	2,2,2,2	3,3,3,2	6,7,7,6	8x11x26	0
8x11x27	1531	1531	0	0	0	2,2,2,2	3,3,3,2	6,7,7,7	8x11x27	0
8x11x28	1565	1565	0	0	0	2,2,2,2	3,3,3,2	7,7,7,7	8x11x28	0
8x11x29	1637	1637	0	0	0	2,2,2,2	3,3,3,2	7,8,7,7	8x11x29	0
8x11x30	1698	1698	0	0	0	2,2,2,2	3,3,3,2	7,8,8,7	8x11x30	0
8x11x31	1751	1751	0	0	0	2,2,2,2	3,3,3,2	7,8,8,8	8x11x31	0
8x11x32	1784	1784	0	0	0	2,2,2,2	3,3,3,2	8,8,8,8	8x11x32	0
8x12x12	705	705	0	0	0	2,2,2,2	3,3,3,3	3,3,3,3	8x12x12	0
8x12x13	785	785	0	0	0	2,2,2,2	3,3,3,3	3,4,3,3	8x12x13	0
8x12x14	850	850	0	0	0	2,2,2,2	3,3,3,3	3,4,4,3	8x12x14	0
8x12x15	900	900	0	0	0	2,2,2,2	4,4,4,3	3,3,3,3	8x15x12	5
8x12x16	940	940	0	0	0	2,2,2,2	3,3,3,3	4,4,4,4	8x12x16	0
8x12x17	1020	1020	0	0	0	2,2,2,2	3,3,3,3	4,5,4,4	8x12x17	0
8x12x18	1085	1085	0	0	0	2,2,2,2	3,3,3,3	4,5,5,4	8x12x18	0
8x12x19	1135	1135	0	0	0	2,2,2,2	5,5,5,4	3,3,3,3	8x19x12	5
8x12x20	1175	1175	0	0	0	2,2,2,2	3,3,3,3	5,5,5,5	8x12x20	0
8x12x21	1255	1255	0	0	0	2,2,2,2	3,3,3,3	5,6,5,5	8x12x21	0
8x12x22	1320	1320	0	0	0	2,2,2,2	3,3,3,3	5,6,6,5	8x12x22	0
8x12x23	1370	1370	0	0	0	2,2,2,2	6,6,6,5	3,3,3,3	8x23x12	5
8x12x24	1410	1410	0	0	0	2,2,2,2	3,3,3,3	6,6,6,6	8x12x24	0
8x12x25	1490	1490	0	0	0	2,2,2,2	3,3,3,3	6,7,6,6	8x12x25	0
8x12x26	1555	1555	0	0	0	2,2,2,2	3,3,3,3	6,7,7,6	8x12x26	0
8x12x27	1605	1605	0	0	0	2,2,2,2	7,7,7,6	3,3,3,3	8x27x12	5
8x12x28	1645	1645	0	0	0	2,2,2,2	3,3,3,3	7,7,7,7	8x12x28	0
8x12x29	1725	1725	0	0	0	2,2,2,2	3,3,3,3	7,8,7,7	8x12x29	0
8x12x30	1790	1790	0	0	0	2,2,2,2	3,3,3,3	7,8,8,7	8x12x30	0
8x12x31	1840	1840	0	0	0	2,2,2,2	8,8,8,7	3,3,3,3	8x31x12	5
8x12x32	1880	1880	0	0	0	2,2,2,2	3,3,3,3	8,8,8,8	8x12x32	0
8x13x13	869	869	0	0	0	2,2,2,2	4,3,3,3	3,4,3,3	8x13x13	0
8x13x14	938	938	0	0	0	2,2,2,2	4,3,3,3	3,4,3,4	8x13x14	0
8x13x15	992	992	0	0	0	2,2,2,2	4,4,4,3	3,4,3,3	8x15x13	5
8x13x16	1036	1036	0	0	0	2,2,2,2	4,3,3,3	4,4,4,4	8x13x16	0
8x13x17	1124	1124	0	0	0	2,2,2,2	4,3,3,3	4,5,4,4	8x13x17	0
8x13x18	1197	1197	0	0	0	2,2,2,2	4,3,3,3	4,5,4,5	8x13x18	0
8x13x19	1255	1255	0	0	0	2,2,2,2	5,5,5,4	3,4,3,3	8x19x13	5
8x13x20	1303	1303	0	0	0	2,2,2,2	4,3,3,3	5,5,5,5	8x13x20	0
8x13x21	1387	1387	0	0	0	2,2,2,2	4,3,3,3	5,6,5,5	8x13x21	0
8x13x22	1456	1456	0	0	0	2,2,2,2	4,3,3,3	5,6,5,6	8x13x22	0
8x13x23	1510	1510	0	0	0	2,2,2,2	6,6,6,5	3,4,3,3	8x23x13	5
8x13x24	1554	1554	0	0	0	2,2,2,2	4,3,3,3	6,6,6,6	8x13x24	0
8x13x25	1638	1638	0	0	0	2,2,2,2	4,3,3,3	6,7,6,6	8x13x25	0
8x13x26	1707	1707	0	0	0	2,2,2,2	4,3,3,3	6,7,6,7	8x13x26	0
8x13x27	1761	1761	0	0	0	2,2,2,2	7,7,7,6	3,4,3,3	8x27x13	5
8x13x28	1805	1805	0	0	0	2,2,2,2	4,3,3,3	7,7,7,7	8x13x28	0
8x13x29	1889	1889	0	0	0	2,2,2,2	4,3,3,3	7,8,7,7	8x13x29	0
8x13x30	1958	1958	0	0	0	2,2,2,2	4,3,3,3	7,8,7,8	8x13x30	0
8x13x31	2012	2012	0	0	0	2,2,2,2	8,8,8,7	3,4,3,3	8x31x13	5
8x13x32	2056	2056	0	0	0	2,2,2,2	4,3,3,3	8,8,8,8	8x13x32	0
8x14x14	1012	1012	0	0	0	2,2,2,2	4,4,3,3	3,4,4,3	8x14x14	0
8x14x15	1068	1068	0	0	0	2,2,2,2	4,4,4,3	3,4,4,3	8x15x14	5
8x14x16	1114	1114	0	0	0	2,2,2,2	4,4,3,3	4,4,4,4	8x14x16	0
8x14x17	1210	1210	0	0	0	2,2,2,2	4,4,3,3	4,5,4,4	8x14x17	0
8x14x18	1293	1293	0	0	0	2,2,2,2	4,4,3,3	4,5,5,4	8x14x18	0
8x14x19	1355	1355	0	0	0	2,2,2,2	5,5,5,4	3,4,4,3	8x19x14	5
8x14x20	1407	1407	0	0	0	2,2,2,2	4,4,3,3	5,5,5,5	8x14x20	0
8x14x21	1495	1495	0	0	0	2,2,2,2	4,4,3,3	5,6,5,5	8x14x21	0
8x14x22	1569	1569	0	0	0	2,2,2,2	4,4,3,3	5,6,6,5	8x14x22	0
8x14x23	1625	1625	0	0	0	2,2,2,2	6,6,6,5	3,4,4,3	8x23x14	5
8x14x24	1671	1671	0	0	0	2,2,2,2	4,4,3,3	6,6,6,6	8x14x24	0
8x14x25	1759	1759	0	0	0	2,2,2,2	4,4,3,3	6,7,6,6	8x14x25	0
8x14x26	1833	1833	0	0	0	2,2,2,2	4,4,3,3	6,7,7,6	8x14x26	0
8x14x27	1889	1889	0	0	0	2,2,2,2	7,7,7,6	3,4,4,3	8x27x14	5
8x14x28	1935	1935	0	0	0	2,2,2,2	4,4,3,3	7,7,7,7	8x14x28	0
8x14x29	2023	2023	0	0	0	2,2,2,2	4,4,3,3	7,8,7,7	8x14x29	0
8x14x30	2097	2097	0	0	0	2,2,2,2	4,4,3,3	7,8,8,7	8x14x30	0
8x14x31	2153	2153	0	0	0	2,2,2,2	8,8,8,7	3,4,4,3	8x31x14	5
8x14x32	2199	2199	0	0	0	2,2,2,2	4,4,3,3	8,8,8,8	8x14x32	0
8x15x15	1133	1133	0	0	0	2,2,2,2	4,4,4,3	3,4,4,4	8x15x15	0
8x15x16	1174	1174	0	0	0	2,2,2,2	4,4,4,3	4,4,4,4	8x15x16	0
8x15x17	1278	1278	0	0	0	2,2,2,2	4,4,4,3	4,5,4,4	8x15x17	0
8x15x18	1365	1365	0	0	0	2,2,2,2	4,4,4,3	4,5,5,4	8x15x18	0
8x15x19	1440	1440	0	0	0	2,2,2,2	4,4,4,3	4,5,5,5	8x15x19	0
8x15x20	1487	1487	0	0	0	2,2,2,2	4,4,4,3	5,5,5,5	8x15x20	0
8x15x21	1579	1579	0	0	0	2,2,2,2	4,4,4,3	5,6,5,5	8x15x21	0
8x15x22	1655	1655	0	0	0	2,2,2,2	4,4,4,3	5,6,6,5	8x15x22	0
8x15x23	1720	1720	0	0	0	2,2,2,2	4,4,4,3	5,6,6,6	8x15x23	0
8x15x24	1761	1761	0	0	0	2,2,2,2	4,4,4,3	6,6,6,6	8x15x24	0
8x15x25	1853	1853	0	0	0	2,2,2,2	4,4,4,3	6,7,6,6	8x15x25	0
8x15x26	1929	1929	0	0	0	2,2,2,2	4,4,4,3	6,7,7,6	8x15x26	0
8x15x27	1994	1994	0	0	0	2,2,2,2	4,4,4,3	6,7,7,7	8x15x27	0
8x15x28	2035	2035	0	0	0	2,2,2,2	4,4,4,3	7,7,7,7	8x15x28	0
8x15x29	2127	2127	0	0	0	2,2,2,2	4,4,4,3	7,8,7,7	8x15x29	0
8x15x30	2203	2203	0	0	0	2,2,2,2	4,4,4,3	7,8,8,7	8x15x30	0
8x15x31	2268	2268	0	0	0	2,2,2,2	4,4,4,3	7,8,8,8	8x15x31	0
8x15x32	2309	2309	0	0	0	2,2,2,2	4,4,4,3	8,8,8,8	8x15x32	0
8x16x16	1222	1222	0	0	0	2,2,2,2	4,4,4,4	4,4,4,4	8x16x16	0
8x16x17	1334	1334	0	0	0	2,2,2,2	4,4,4,4	4,5,4,4	8x16x17	0
8x16x18	1425	1425	0	0	0	2,2,2,2	4,4,4,4	4,5,5,4	8x16x18	0
8x16x19	1495	1495	0	0	0	2,2,2,2	5,5,5,4	4,4,4,4	8x19x16	5
8x16x20	1551	1551	0	0	0	2,2,2,2	4,4,4,4	5,5,5,5	8x16x20	0
8x16x21	1647	1647	0	0	0	2,2,2,2	4,4,4,4	5,6,5,5	8x16x21	0
8x16x22	1725	1725	0	0	0	2,2,2,2	4,4,4,4	5,6,6,5	8x16x22	0
8x16x23	1785	1785	0	0	0	2,2,2,2	6,6,6,5	4,4,4,4	8x23x16	5
8x16x24	1833	1833	0	0	0	2,2,2,2	4,4,4,4	6,6,6,6	8x16x24	0
8x16x25	1929	1929	0	0	0	2,2,2,2	4,4,4,4	6,7,6,6	8x16x25	0
8x16x26	2007	2007	0	0	0	2,2,2,2	4,4,4,4	6,7,7,6	8x16x26	0
8x16x27	2067	2067	0	0	0	2,2,2,2	7,7,7,6	4,4,4,4	8x27x16	5
8x16x28	2115	2115	0	0	0	2,2,2,2	4,4,4,4	7,7,7,7	8x16x28	0
8x16x29	2211	2211	0	0	0	2,2,2,2	4,4,4,4	7,8,7,7	8x16x29	0
8x16x30	2289	2289	0	0	0	2,2,2,2	4,4,4,4	7,8,8,7	8x16x30	0
8x16x31	2349	2349	0	0	0	2,2,2,2	8,8,8,7	4,4,4,4	8x31x16	5
8x16x32	2397	2397	0	0	0	2,2,2,2	4,4,4,4	8,8,8,8	8x16x32	0
8x17x17	1446	1446	0	0	0	2,2,2,2	5,4,4,4	4,5,4,4	8x17x17	0
8x17x18	1537	1537	0	0	0	2,2,2,2	5,4,4,4	4,5,5,4	8x17x18	0
8x17x19	1607	1607	0	0	0	2,2,2,2	5,5,5,4	4,5,4,4	8x19x17	5
8x17x20	1663	1663	0	0	0	2,2,2,2	5,4,4,4	5,5,5,5	8x17x20	0
8x17x21	1763	1763	0	0	0	2,2,2,2	5,4,4,4	5,6,5,5	8x17x21	0
8x17x22	1845	1845	0	0	0	2,2,2,2	5,4,4,4	5,6,5,6	8x17x22	0
8x17x23	1909	1909	0	0	0	2,2,2,2	6,6,6,5	4,5,4,4	8x23x17	5
8x17x24	1961	1961	0	0	0	2,2,2,2	5,4,4,4	6,6,6,6	8x17x24	0
8x17x25	2065	2065	0	0	0	2,2,2,2	5,4,4,4	6,7,6,6	8x17x25	0
8x17x26	2151	2151	0	0	0	2,2,2,2	5,4,4,4	6,7,6,7	8x17x26	0
8x17x27	2219	2219	0	0	0	2,2,2,2	7,7,7,6	4,5,4,4	8x27x17	5
8x17x28	2275	2275	0	0	0	2,2,2,2	5,4,4,4	7,7,7,7	8x17x28	0
8x17x29	2379	2379	0	0	0	2,2,2,2	5,4,4,4	7,8,7,7	8x17x29	0
8x17x30	2465	2465	0	0	0	2,2,2,2	5,4,4,4	7,8,7,8	8x17x30	0
8x17x31	2533	2533	0	0	0	2,2,2,2	8,8,8,7	4,5,4,4	8x31x17	5
8x17x32	2589	2589	0	0	0	2,2,2,2	5,4,4,4	8,8,8,8	8x17x32	0
8x18x18	1628	1628	0	0	0	2,2,2,2	5,5,4,4	4,5,5,4	8x18x18	0
8x18x19	1698	1698	0	0	0	2,2,2,2	5,5,5,4	4,5,5,4	8x19x18	5
8x18x20	1754	1754	0	0	0	2,2,2,2	5,5,4,4	5,5,5,5	8x18x20	0
8x18x21	1858	1858	0	0	0	2,2,2,2	5,5,4,4	5,6,5,5	8x18x21	0
8x18x22	1945	1945	0	0	0	2,2,2,2	5,5,4,4	5,6,6,5	8x18x22	0
8x18x23	2011	2011	0	0	0	2,2,2,2	6,6,6,5	4,5,5,4	8x23x18	5
8x18x24	2065	2065	0	0	0	2,2,2,2	5,5,4,4	6,6,6,6	8x18x24	0
8x18x25	2177	2177	0	0	0	2,2,2,2	5,5,4,4	6,7,6,6	8x18x25	0
8x18x26	2273	2273	0	0	0	2,2,2,2	5,5,4,4	6,7,7,6	8x18x26	0
8x18x27	2345	2345	0	0	0	2,2,2,2	7,7,7,6	4,5,5,4	8x27x18	5
8x18x28	2405	2405	0	0	0	2,2,2,2	5,5,4,4	7,7,7,7	8x18x28	0
8x18x29	2517	2517	0	0	0	2,2,2,2	5,5,4,4	7,8,7,7	8x18x29	0
8x18x30	2613	2613	0	0	0	2,2,2,2	5,5,4,4	7,8,8,7	8x18x30	0
8x18x31	2685	2685	0	0	0	2,2,2,2	8,8,8,7	4,5,5,4	8x31x18	5
8x18x32	2745	2745	0	0	0	2,2,2,2	5,5,4,4	8,8,8,8	8x18x32	0
8x19x19	1775	1775	0	0	0	2,2,2,2	5,5,5,4	4,5,5,5	8x19x19	0
8x19x20	1824	1824	0	0	0	2,2,2,2	5,5,5,4	5,5,5,5	8x19x20	0
8x19x21	1932	1932	0	0	0	2,2,2,2	5,5,5,4	5,6,5,5	8x19x21	0
8x19x22	2021	2021	0	0	0	2,2,2,2	5,5,5,4	5,6,6,5	8x19x22	0
8x19x23	2097	2097	0	0	0	2,2,2,2	5,5,5,4	5,6,6,6	8x19x23	0
8x19x24	2145	2145	0	0	0	2,2,2,2	5,5,5,4	6,6,6,6	8x19x24	0
8x19x25	2265	2265	0	0	0	2,2,2,2	5,5,5,4	6,7,6,6	8x19x25	0
8x19x26	2365	2365	0	0	0	2,2,2,2	5,5,5,4	6,7,7,6	8x19x26	0
8x19x27	2451	2451	0	0	0	2,2,2,2	5,5,5,4	6,7,7,7	8x19x27	0
8x19x28	2505	2505	0	0	0	2,2,2,2	5,5,5,4	7,7,7,7	8x19x28	0
8x19x29	2625	2625	0	0	0	2,2,2,2	5,5,5,4	7,8,7,7	8x19x29	0
8x19x30	2725	2725	0	0	0	2,2,2,2	5,5,5,4	7,8,8,7	8x19x30	0
8x19x31	2811	2811	0	0	0	2,2,2,2	5,5,5,4	7,8,8,8	8x19x31	0
8x19x32	2865	2865	0	0	0	2,2,2,2	5,5,5,4	8,8,8,8	8x19x32	0
8x20x20	1880	1880	0	0	0	2,2,2,2	5,5,5,5	5,5,5,5	8x20x20	0
8x20x21	1992	1992	0	0	0	2,2,2,2	5,5,5,5	5,6,5,5	8x20x21	0
8x20x22	2083	2083	0	0	0	2,2,2,2	5,5,5,5	5,6,6,5	8x20x22	0
8x20x23	2153	2153	0	0	0	2,2,2,2	6,6,6,5	5,5,5,5	8x23x20	5
8x20x24	2209	2209	0	0	0	2,2,2,2	5,5,5,5	6,6,6,6	8x20x24	0
8x20x25	2337	2337	0	0	0	2,2,2,2	5,5,5,5	6,7,6,6	8x20x25	0
8x20x26	2441	2441	0	0	0	2,2,2,2	5,5,5,5	6,7,7,6	8x20x26	0
8x20x27	2521	2521	0	0	0	2,2,2,2	7,7,7,6	5,5,5,5	8x27x20	5
8x20x28	2585	2585	0	0	0	2,2,2,2	5,5,5,5	7,7,7,7	8x20x28	0
8x20x29	2713	2713	0	0	0	2,2,2,2	5,5,5,5	7,8,7,7	8x20x29	0
8x20x30	2817	2817	0	0	0	2,2,2,2	5,5,5,5	7,8,8,7	8x20x30	0
8x20x31	2897	2897	0	0	0	2,2,2,2	8,8,8,7	5,5,5,5	8x31x20	5
8x20x32	2961	2961	0	0	0	2,2,2,2	5,5,5,5	8,8,8,8	8x20x32	0
8x21x21	2112	2112	0	0	0	2,2,2,2	6,5,5,5	5,6,5,5	8x21x21	0
8x21x22	2211	2211	0	0	0	2,2,2,2	6,5,5,5	5,6,5,6	8x21x22	0
8x21x23	2289	2289	0	0	0	2,2,2,2	6,6,6,5	5,6,5,5	8x23x21	5
8x21x24	2353	2353	0	0	0	2,2,2,2	6,5,5,5	6,6,6,6	8x21x24	0
8x21x25	2489	2489	0	0	0	2,2,2,2	6,5,5,5	6,7,6,6	8x21x25	0
8x21x26	2601	2601	0	0	0	2,2,2,2	6,5,5,5	6,7,6,7	8x21x26	0
8x21x27	2689	2689	0	0	0	2,2,2,2	7,7,7,6	5,6,5,5	8x27x21	5
8x21x28	2761	2761	0	0	0	2,2,2,2	6,5,5,5	7,7,7,7	8x21x28	0
8x21x29	2893	2893	0	0	0	2,2,2,2	6,5,5,5	7,8,7,7	8x21x29	0
8x21x30	3001	3001	0	0	0	2,2,2,2	6,5,5,5	7,8,7,8	8x21x30	0
8x21x31	3085	3085	0	0	0	2,2,2,2	8,8,8,7	5,6,5,5	8x31x21	5
8x21x32	3153	3153	0	0	0	2,2,2,2	6,5,5,5	8,8,8,8	8x21x32	0
8x22x22	2320	2320	0	0	0	2,2,2,2	6,6,5,5	5,6,6,5	8x22x22	0
8x22x23	2402	2402	0	0	0	2,2,2,2	6,6,6,5	5,6,6,5	8x23x22	5
8x22x24	2470	2470	0	0	0	2,2,2,2	6,6,5,5	6,6,6,6	8x22x24	0
8x22x25	2614	2614	0	0	0	2,2,2,2	6,6,5,5	6,7,6,6	8x22x25	0
8x22x26	2736	2736	0	0	0	2,2,2,2	6,6,5,5	6,7,7,6	8x22x26	0
8x22x27	2828	2828	0	0	0	2,2,2,2	7,7,7,6	5,6,6,5	8x27x22	5
8x22x28	2904	2904	0	0	0	2,2,2,2	6,6,5,5	7,7,7,7	8x22x28	0
8x22x29	3040	3040	0	0	0	2,2,2,2	6,6,5,5	7,8,7,7	8x22x29	0
8x22x30	3153	3153	0	0	0	2,2,2,2	6,6,5,5	7,8,8,7	8x22x30	0
8x22x31	3239	3239	0	0	0	2,2,2,2	8,8,8,7	5,6,6,5	8x31x22	5
8x22x32	3309	3309	0	0	0	2,2,2,2	6,6,5,5	8,8,8,8	8x22x32	0
8x23x23	2499	2499	0	0	0	2,2,2,2	6,6,6,5	5,6,6,6	8x23x23	0
8x23x24	2560	2560	0	0	0	2,2,2,2	6,6,6,5	6,6,6,6	8x23x24	0
8x23x25	2712	2712	0	0	0	2,2,2,2	6,6,6,5	6,7,6,6	8x23x25	0
8x23x26	2838	2838	0	0	0	2,2,2,2	6,6,6,5	6,7,7,6	8x23x26	0
8x23x27	2946	2946	0	0	0	2,2,2,2	6,6,6,5	6,7,7,7	8x23x27	0
8x23x28	3014	3014	0	0	0	2,2,2,2	6,6,6,5	7,7,7,7	8x23x28	0
8x23x29	3154	3154	0	0	0	2,2,2,2	6,6,6,5	7,8,7,7	8x23x29	0
8x23x30	3269	3269	0	0	0	2,2,2,2	6,6,6,5	7,8,8,7	8x23x30	0
8x23x31	3367	3367	0	0	0	2,2,2,2	6,6,6,5	7,8,8,8	8x23x31	0
8x23x32	3429	3429	0	0	0	2,2,2,2	6,6,6,5	8,8,8,8	8x23x32	0
8x24x24	2632	2632	0	0	0	2,2,2,2	6,6,6,6	6,6,6,6	8x24x24	0
8x24x25	2792	2792	0	0	0	2,2,2,2	6,6,6,6	6,7,6,6	8x24x25	0
8x24x26	2922	2922	0	0	0	2,2,2,2	6,6,6,6	6,7,7,6	8x24x26	0
8x24x27	3022	3022	0	0	0	2,2,2,2	7,7,7,6	6,6,6,6	8x27x24	5
8x24x28	3102	3102	0	0	0	2,2,2,2	6,6,6,6	7,7,7,7	8x24x28	0
8x24x29	3246	3246	0	0	0	2,2,2,2	6,6,6,6	7,8,7,7	8x24x29	0
8x24x30	3363	3363	0	0	0	2,2,2,2	6,6,6,6	7,8,8,7	8x24x30	0
8x24x31	3453	3453	0	0	0	2,2,2,2	8,8,8,7	6,6,6,6	8x31x24	5
8x24x32	3525	3525	0	0	0	2,2,2,2	6,6,6,6	8,8,8,8	8x24x32	0
8x25x25	2952	2952	0	0	0	2,2,2,2	7,6,6,6	6,7,6,6	8x25x25	0
8x25x26	3082	3082	0	0	0	2,2,2,2	7,6,6,6	6,7,7,6	8x25x26	0
8x25x27	3182	3182	0	0	0	2,2,2,2	7,7,7,6	6,7,6,6	8x27x25	5
8x25x28	3262	3262	0	0	0	2,2,2,2	7,6,6,6	7,7,7,7	8x25x28	0
8x25x29	3418	3418	0	0	0	2,2,2,2	7,6,6,6	7,8,7,7	8x25x29	0
8x25x30	3547	3547	0	0	0	2,2,2,2	7,6,6,6	7,8,7,8	8x25x30	0
8x25x31	3649	3649	0	0	0	2,2,2,2	8,8,8,7	6,7,6,6	8x31x25	5
8x25x32	3733	3733	0	0	0	2,2,2,2	7,6,6,6	8,8,8,8	8x25x32	0
8x26x26	3212	3212	0	0	0	2,2,2,2	7,7,6,6	6,7,7,6	8x26x26	0
8x26x27	3312	3312	0	0	0	2,2,2,2	7,7,7,6	6,7,7,6	8x27x26	5
8x26x28	3392	3392	0	0	0	2,2,2,2	7,7,6,6	7,7,7,7	8x26x28	0
8x26x29	3560	3560	0	0	0	2,2,2,2	7,7,6,6	7,8,7,7	8x26x29	0
8x26x30	3704	3704	0	0	0	2,2,2,2	7,7,6,6	7,8,8,7	8x26x30	0
8x26x31	3812	3812	0	0	0	2,2,2,2	8,8,8,7	6,7,7,6	8x31x26	5
8x26x32	3902	3902	0	0	0	2,2,2,2	7,7,6,6	8,8,8,8	8x26x32	0
8x27x27	3422	3422	0	0	0	2,2,2,2	7,7,7,6	6,7,7,7	8x27x27	0
8x27x28	3492	3492	0	0	0	2,2,2,2	7,7,7,6	7,7,7,7	8x27x28	0
8x27x29	3672	3672	0	0	0	2,2,2,2	7,7,7,6	7,8,7,7	8x27x29	0
8x27x30	3822	3822	0	0	0	2,2,2,2	7,7,7,6	7,8,8,7	8x27x30	0
8x27x31	3951	3951	0	0	0	2,2,2,2	7,7,7,6	7,8,8,8	8x27x31	0
8x27x32	4032	4032	0	0	0	2,2,2,2	7,7,7,6	8,8,8,8	8x27x32	0
8x28x28	3572	3572	0	0	0	2,2,2,2	7,7,7,7	7,7,7,7	8x28x28	0
8x28x29	3764	3764	0	0	0	2,2,2,2	7,7,7,7	7,8,7,7	8x28x29	0
8x28x30	3920	3920	0	0	0	2,2,2,2	7,7,7,7	7,8,8,7	8x28x30	0
8x28x31	4040	4040	0	0	0	2,2,2,2	8,8,8,7	7,7,7,7	8x31x28	5
8x28x32	4136	4136	0	0	0	2,2,2,2	7,7,7,7	8,8,8,8	8x28x32	0
8x29x29	3956	3956	0	0	0	2,2,2,2	8,7,7,7	7,8,7,7	8x29x29	0
8x29x30	4112	4112	0	0	0	2,2,2,2	8,7,7,7	7,8,8,7	8x29x30	0
8x29x31	4232	4232	0	0	0	2,2,2,2	8,8,8,7	7,8,7,7	8x31x29	5
8x29x32	4328	4328	0	0	0	2,2,2,2	8,7,7,7	8,8,8,8	8x29x32	0
8x30x30	4268	4268	0	0	0	2,2,2,2	8,8,7,7	7,8,8,7	8x30x30	0
8x30x31	4388	4388	0	0	0	2,2,2,2	8,8,8,7	7,8,8,7	8x31x30	5
8x30x32	4484	4484	0	0	0	2,2,2,2	8,8,7,7	8,8,8,8	8x30x32	0
8x31x31	4520	4520	0	0	0	2,2,2,2	8,8,8,7	7,8,8,8	8x31x31	0
8x31x32	4604	4604	0	0	0	2,2,2,2	8,8,8,7	8,8,8,8	8x31x32	0
8x32x32	4700	4700	0	0	0	2,2,2,2	8,8,8,8	8,8,8,8	8x32x32	0
9x9x9	525	525	0	0	0	2,3,2,2	3,2,2,2	2,3,2,2	9x9x9	0
9x9x10	581	581	0	0	0	2,3,2,2	3,2,2,2	2,3,2,3	9x9x10	0
9x9x11	625	625	0	0	0	2,3,2,2	3,3,3,2	2,3,2,2	9x11x9	5
9x9x12	661	661	0	0	0	2,3,2,2	3,2,2,2	3,3,3,3	9x9x12	0
9x9x13	724	724	0	0	0	2,3,2,2	3,2,2,2	3,4,3,3	9x9x13	0
9x9x14	778	778	0	0	0	2,3,2,2	4,4,3,3	2,3,2,2	9x14x9	5
9x9x15	823	823	0	0	0	2,3,2,2	4,4,4,3	2,3,2,2	9x15x9	5
9x9x16	862	862	0	0	0	2,3,2,2	3,2,2,2	4,4,4,4	9x9x16	0
9x9x17	935	935	0	0	0	2,3,2,2	3,2,2,2	4,5,4,4	9x9x17	0
9x9x18	996	996	0	0	0	2,3,2,2	5,5,4,4	2,3,2,2	9x18x9	5
9x9x19	1045	1045	0	0	0	2,3,2,2	5,5,5,4	2,3,2,2	9x19x9	5
9x9x20	1086	1086	0	0	0	2,3,2,2	3,2,2,2	5,5,5,5	9x9x20	0
9x9x21	1149	1149	0	0	0	2,3,2,2	3,2,2,2	5,6,5,5	9x9x21	0
9x9x22	1203	1203	0	0	0	2,3,2,2	6,6,5,5	2,3,2,2	9x22x9	5
9x9x23	1248	1248	0	0	0	2,3,2,2	6,6,6,5	2,3,2,2	9x23x9	5
9x9x24	1287	1287	0	0	0	2,3,2,2	3,2,2,2	6,6,6,6	9x9x24	0
9x9x25	1360	1360	0	0	0	2,3,2,2	3,2,2,2	6,7,6,6	9x9x25	0
9x9x26	1421	1421	0	0	0	2,3,2,2	7,7,6,6	2,3,2,2	9x26x9	5
9x9x27	1470	1470	0	0	0	2,3,2,2	7,7,7,6	2,3,2,2	9x27x9	5
9x9x28	1511	1511	0	0	0	2,3,2,2	3,2,2,2	7,7,7,7	9x9x28	0
9x9x29	1575	1575	0	0	0	2,3,2,2	3,2,2,2	7,8,7,7	9x9x29	0
9x9x30	1630	1630	0	0	0	2,3,2,2	8,8,7,7	2,3,2,2	9x30x9	5
9x9x31	1676	1676	0	0	0	2,3,2,2	8,8,8,7	2,3,2,2	9x31x9	5
9x9x32	1716	1716	0	0	0	2,3,2,2	3,2,2,2	8,8,8,8	9x9x32	0
9x10x10	641	641	0	0	0	2,3,3,2	2,3,2,2	2,3,3,2	10x9x10	4
9x10x11	693	692	1	1	0	2,3,2,2	3,3,3,2	2,3,3,2	9x11x10	5
9x10x12	729	729	0	0	0	2,3,2,2	3,3,2,2	3,3,3,3	9x10x12	0
9x10x13	799	799	0	0	0	2,3,2,2	3,3,2,2	3,4,3,3	9x10x13	0
9x10x14	864	864	0	0	0	2,3,3,2	2,3,2,2	3,4,4,3	10x9x14	4
9x10x15	917	914	3	3	0	2,3,2,2	4,4,4,3	2,3,3,2	9x15x10	5
9x10x16	952	952	0	0	0	2,3,2,2	3,3,2,2	4,4,4,4	9x10x16	0
9x10x17	1030	1030	0	0	0	2,3,2,2	3,3,2,2	4,5,4,4	9x10x17	0
9x10x18	1098	1098	0	0	0	2,3,3,2	2,3,2,2	4,5,5,4	10x9x18	4
9x10x19	1156	1155	1	1	0	2,3,2,2	5,5,5,4	2,3,3,2	9x19x10	5
9x10x20	1193	1193	0	0	0	2,3,2,2	3,3,2,2	5,5,5,5	9x10x20	0
9x10x21	1263	1263	0	0	0	2,3,2,2	3,3,2,2	5,6,5,5	9x10x21	0
9x10x22	1328	1328	0	0	0	2,3,3,2	2,3,2,2	5,6,6,5	10x9x22	4
9x10x23	1381	1380	1	1	0	2,3,2,2	6,6,6,5	2,3,3,2	9x23x10	5
9x10x24	1416	1416	0	0	0	2,3,2,2	3,3,2,2	6,6,6,6	9x10x24	0
9x10x25	1494	1494	0	0	0	2,3,2,2	3,3,2,2	6,7,6,6	9x10x25	0
9x10x26	1562	1562	0	0	0	2,3,3,2	2,3,2,2	6,7,7,6	10x9x26	4
9x10x27	1620	1619	1	1	0	2,3,2,2	7,7,7,6	2,3,3,2	9x27x10	5
9x10x28	1657	1657	0	0	0	2,3,2,2	3,3,2,2	7,7,7,7	9x10x28	0
9x10x29	1729	1729	0	0	0	2,3,2,2	3,3,2,2	7,8,7,7	9x10x29	0
9x10x30	1796	1796	0	0	0	2,3,3,2	2,3,2,2	7,8,8,7	10x9x30	4
9x10x31	1852	1850	2	2	0	2,3,2,2	8,8,8,7	2,3,3,2	9x31x10	5
9x10x32	1888	1888	0	0	0	2,3,2,2	3,3,2,2	8,8,8,8	9x10x32	0
9x11x11	753	751	2	2	0	2,3,2,2	3,3,3,2	2,3,3,3	9x11x11	0
9x11x12	785	785	0	0	0	2,3,2,2	3,3,3,2	3,3,3,3	9x11x12	0
9x11x13	862	862	0	0	0	2,3,2,2	3,3,3,2	3,4,3,3	9x11x13	0
9x11x14	931	929	2	2	0	2,3,2,2	3,3,3,2	3,4,4,3	9x11x14	0
9x11x15	990	986	4	4	0	2,3,2,2	3,3,3,2	3,4,4,4	9x11x15	0
9x11x16	1024	1024	0	0	0	2,3,2,2	3,3,3,2	4,4,4,4	9x11x16	0
9x11x17	1107	1107	0	0	0	2,3,2,2	3,3,3,2	4,5,4,4	9x11x17	0
9x11x18	1180	1179	1	1	0	2,3,2,2	3,3,3,2	4,5,5,4	9x11x18	0
9x11x19	1243	1241	2	2	0	2,3,2,2	3,3,3,2	4,5,5,5	9x11x19	0
9x11x20	1279	1279	0	0	0	2,3,2,2	3,3,3,2	5,5,5,5	9x11x20	0
9x11x21	1356	1356	0	0	0	2,3,2,2	3,3,3,2	5,6,5,5	9x11x21	0
9x11x22	1425	1425	0	0	0	2,3,2,2	3,3,3,2	5,6,6,5	9x11x22	0
9x11x23	1484	1484	0	0	0	2,3,2,2	3,3,3,2	5,6,6,6	9x11x23	0
9x11x24	1518	1518	0	0	0	2,3,2,2	3,3,3,2	6,6,6,6	9x11x24	0
9x11x25	1601	1601	0	0	0	2,3,2,2	3,3,3,2	6,7,6,6	9x11x25	0
9x11x26	1674	1673	1	1	0	6,7,7,6	3,3,3,2	2,3,2,2	26x11x9	3
9x11x27	1737	1735	2	2	0	6,7,7,7	3,3,3,2	2,3,2,2	27x11x9	3
9x11x28	1773	1773	0	0	0	2,3,2,2	3,3,3,2	7,7,7,7	9x11x28	0
9x11x29	1853	1853	0	0	0	2,3,2,2	3,3,3,2	7,8,7,7	9x11x29	0
9x11x30	1926	1926	0	0	0	2,3,2,2	3,3,3,2	7,8,8,7	9x11x30	0
9x11x31	1989	1989	0	0	0	2,3,2,2	3,3,3,2	7,8,8,8	9x11x31	0
9x11x32	2024	2024	0	0	0	2,3,2,2	3,3,3,2	8,8,8,8	9x11x32	0
9x12x12	833	833	0	0	0	2,3,2,2	3,3,3,3	3,3,3,3	9x12x12	0
9x12x13	917	917	0	0	0	2,3,2,2	3,3,3,3	3,4,3,3	9x12x13	0
9x12x14	986	986	0	0	0	3,3,3,3	3,2,2,2	3,4,3,4	12x9x14	4
9x12x15	1040	1040	0	0	0	2,3,2,2	4,4,4,3	3,3,3,3	9x15x12	5
9x12x16	1084	1084	0	0	0	2,3,2,2	3,3,3,3	4,4,4,4	9x12x16	0
9x12x17	1172	1172	0	0	0	2,3,2,2	3,3,3,3	4,5,4,4	9x12x17	0
9x12x18	1245	1245	0	0	0	3,3,3,3	3,2,2,2	4,5,4,5	12x9x18	4
9x12x19	1303	1303	0	0	0	2,3,2,2	5,5,5,4	3,3,3,3	9x19x12	5
9x12x20	1351	1351	0	0	0	2,3,2,2	3,3,3,3	5,5,5,5	9x12x20	0
9x12x21	1435	1435	0	0	0	2,3,2,2	3,3,3,3	5,6,5,5	9x12x21	0
9x12x22	1504	1504	0	0	0	3,3,3,3	3,2,2,2	5,6,5,6	12x9x22	4
9x12x23	1558	1558	0	0	0	2,3,2,2	6,6,6,5	3,3,3,3	9x23x12	5
9x12x24	1602	1602	0	0	0	2,3,2,2	3,3,3,3	6,6,6,6	9x12x24	0
9x12x25	1690	1690	0	0	0	2,3,2,2	3,3,3,3	6,7,6,6	9x12x25	0
9x12x26	1763	1763	0	0	0	3,3,3,3	3,2,2,2	6,7,6,7	12x9x26	4
9x12x27	1821	1821	0	0	0	2,3,2,2	7,7,7,6	3,3,3,3	9x27x12	5
9x12x28	1869	1869	0	0	0	2,3,2,2	3,3,3,3	7,7,7,7	9x12x28	0
9x12x29	1957	1957	0	0	0	2,3,2,2	3,3,3,3	7,8,7,7	9x12x29	0
9x12x30	2030	2030	0	0	0	3,3,3,3	3,2,2,2	7,8,7,8	12x9x30	4
9x12x31	2088	2088	0	0	0	2,3,2,2	8,8,8,7	3,3,3,3	9x31x12	5
9x12x32	2136	2136	0	0	0	2,3,2,2	3,3,3,3	8,8,8,8	9x12x32	0
9x13x13	1007	1007	0	0	0	2,3,2,2	4,3,3,3	3,4,3,3	9x13x13	0
9x13x14	1082	1082	0	0	0	2,3,2,2	4,4,3,3	3,4,3,3	9x14x13	5
9x13x15	1142	1142	0	0	0	2,3,2,2	4,4,4,3	3,4,3,3	9x15x13	5
9x13x16	1192	1192	0	0	0	2,3,2,2	4,3,3,3	4,4,4,4	9x13x16	0
9x13x17	1288	1288	0	0	0	2,3,2,2	4,3,3,3	4,5,4,4	9x13x17	0
9x13x18	1369	1369	0	0	0	2,3,2,2	5,5,4,4	3,4,3,3	9x18x13	5
9x13x19	1435	1435	0	0	0	2,3,2,2	5,5,5,4	3,4,3,3	9x19x13	5
9x13x20	1491	1491	0	0	0	2,3,2,2	4,3,3,3	5,5,5,5	9x13x20	0
9x13x21	1579	1579	0	0	0	2,3,2,2	4,3,3,3	5,6,5,5	9x13x21	0
9x13x22	1652	1652	0	0	0	2,3,2,2	6,6,5,5	3,4,3,3	9x22x13	5
9x13x23	1710	1710	0	0	0	2,3,2,2	6,6,6,5	3,4,3,3	9x23x13	5
9x13x24	1758	1758	0	0	0	2,3,2,2	4,3,3,3	6,6,6,6	9x13x24	0
9x13x25	1852	1852	0	0	0	2,3,2,2	4,3,3,3	6,7,6,6	9x13x25	0
9x13x26	1931	1931	0	0	0	2,3,2,2	7,7,6,6	3,4,3,3	9x26x13	5
9x13x27	1995	1995	0	0	0	2,3,2,2	7,7,7,6	3,4,3,3	9x27x13	5
9x13x28	2049	2049	0	0	0	2,3,2,2	4,3,3,3	7,7,7,7	9x13x28	0
9x13x29	2142	2142	0	0	0	2,3,2,2	4,3,3,3	7,8,7,7	9x13x29	0
9x13x30	2220	2220	0	0	0	2,3,2,2	8,8,7,7	3,4,3,3	9x30x13	5
9x13x31	2283	2283	0	0	0	2,3,2,2	8,8,8,7	3,4,3,3	9x31x13	5
9x13x32	2336	2336	0	0	0	2,3,2,2	4,3,3,3	8,8,8,8	9x13x32	0
9x14x14	1165	1165	0	0	0	3,4,4,3	2,3,2,2	3,4,4,3	14x9x14	4
9x14x15	1232	1230	2	2	0	3,4,4,3	4,4,4,3	2,3,2,2	14x15x9	2
9x14x16	1282	1282	0	0	0	2,3,2,2	4,4,3,3	4,4,4,4	9x14x16	0
9x14x17	1386	1386	0	0	0	2,3,2,2	4,4,3,3	4,5,4,4	9x14x17	0
9x14x18	1479	1479	0	0	0	3,4,4,3	2,3,2,2	4,5,5,4	14x9x18	4
9x14x19	1553	1552	1	1	0	2,3,2,2	5,5,5,4	3,4,4,3	9x19x14	5
9x14x20	1607	1607	0	0	0	2,3,2,2	4,4,3,3	5,5,5,5	9x14x20	0
9x14x21	1699	1699	0	0	0	2,3,2,2	4,4,3,3	5,6,5,5	9x14x21	0
9x14x22	1778	1778	0	0	0	3,4,4,3	2,3,2,2	5,6,6,5	14x9x22	4
9x14x23	1843	1842	1	1	0	2,3,2,2	6,6,6,5	3,4,4,3	9x23x14	5
9x14x24	1887	1887	0	0	0	2,3,2,2	4,4,3,3	6,6,6,6	9x14x24	0
9x14x25	1987	1987	0	0	0	2,3,2,2	4,4,3,3	6,7,6,6	9x14x25	0
9x14x26	2074	2074	0	0	0	3,4,4,3	2,3,2,2	6,7,7,6	14x9x26	4
9x14x27	2149	2148	1	1	0	2,3,2,2	7,7,7,6	3,4,4,3	9x27x14	5
9x14x28	2199	2199	0	0	0	2,3,2,2	4,4,3,3	7,7,7,7	9x14x28	0
9x14x29	2297	2297	0	0	0	2,3,2,2	4,4,3,3	7,8,7,7	9x14x29	0
9x14x30	2382	2382	0	0	0	3,4,4,3	2,3,2,2	7,8,8,7	14x9x30	4
9x14x31	2458	2458	0	0	0	2,3,2,2	8,8,8,7	3,4,4,3	9x31x14	5
9x14x32	2503	2503	0	0	0	2,3,2,2	4,4,3,3	8,8,8,8	9x14x32	0
9x15x15	1310	1306	4	4	0	3,4,4,4	4,4,4,3	2,3,2,2	15x15x9	3
9x15x16	1354	1354	0	0	0	2,3,2,2	4,4,4,3	4,4,4,4	9x15x16	0
9x15x17	1466	1466	0	0	0	2,3,2,2	4,4,4,3	4,5,4,4	9x15x17	0
9x15x18	1565	1565	0	0	0	2,3,2,2	4,4,4,3	4,5,5,4	9x15x18	0
9x15x19	1650	1650	0	0	0	2,3,2,2	4,4,4,3	4,5,5,5	9x15x19	0
9x15x20	1699	1699	0	0	0	2,3,2,2	4,4,4,3	5,5,5,5	9x15x20	0
9x15x21	1795	1795	0	0	0	2,3,2,2	4,4,4,3	5,6,5,5	9x15x21	0
9x15x22	1877	1877	0	0	0	2,3,2,2	4,4,4,3	5,6,6,5	9x15x22	0
9x15x23	1947	1947	0	0	0	2,3,2,2	4,4,4,3	5,6,6,6	9x15x23	0
9x15x24	1989	1989	0	0	0	2,3,2,2	4,4,4,3	6,6,6,6	9x15x24	0
9x15x25	2095	2095	0	0	0	2,3,2,2	4,4,4,3	6,7,6,6	9x15x25	0
9x15x26	2191	2190	1	1	0	2,3,2,2	4,4,4,3	6,7,7,6	9x15x26	0
9x15x27	2274	2272	2	2	0	2,3,2,2	4,4,4,3	6,7,7,7	9x15x27	0
9x15x28	2319	2319	0	0	0	2,3,2,2	4,4,4,3	7,7,7,7	9x15x28	0
9x15x29	2422	2422	0	0	0	2,3,2,2	4,4,4,3	7,8,7,7	9x15x29	0
9x15x30	2514	2514	0	0	0	2,3,2,2	4,4,4,3	7,8,8,7	9x15x30	0
9x15x31	2593	2593	0	0	0	2,3,2,2	4,4,4,3	7,8,8,8	9x15x31	0
9x15x32	2637	2637	0	0	0	2,3,2,2	4,4,4,3	8,8,8,8	9x15x32	0
9x16x16	1414	1414	0	0	0	2,3,2,2	4,4,4,4	4,4,4,4	9x16x16	0
9x16x17	1534	1534	0	0	0	2,3,2,2	4,4,4,4	4,5,4,4	9x16x17	0
9x16x18	1633	1633	0	0	0	4,4,4,4	3,2,2,2	4,5,4,5	16x9x18	4
9x16x19	1711	1711	0	0	0	2,3,2,2	5,5,5,4	4,4,4,4	9x19x16	5
9x16x20	1775	1775	0	0	0	2,3,2,2	4,4,4,4	5,5,5,5	9x16x20	0
9x16x21	1875	1875	0	0	0	2,3,2,2	4,4,4,4	5,6,5,5	9x16x21	0
9x16x22	1957	1957	0	0	0	4,4,4,4	3,2,2,2	5,6,5,6	16x9x22	4
9x16x23	2021	2021	0	0	0	2,3,2,2	6,6,6,5	4,4,4,4	9x23x16	5
9x16x24	2073	2073	0	0	0	2,3,2,2	4,4,4,4	6,6,6,6	9x16x24	0
9x16x25	2185	2185	0	0	0	2,3,2,2	4,4,4,4	6,7,6,6	9x16x25	0
9x16x26	2279	2279	0	0	0	4,4,4,4	3,2,2,2	6,7,6,7	16x9x26	4
9x16x27	2355	2355	0	0	0	2,3,2,2	7,7,7,6	4,4,4,4	9x27x16	5
9x16x28	2419	2419	0	0	0	2,3,2,2	4,4,4,4	7,7,7,7	9x16x28	0
9x16x29	2527	2527	0	0	0	2,3,2,2	4,4,4,4	7,8,7,7	9x16x29	0
9x16x30	2617	2617	0	0	0	4,4,4,4	3,2,2,2	7,8,7,8	16x9x30	4
9x16x31	2689	2689	0	0	0	2,3,2,2	8,8,8,7	4,4,4,4	9x31x16	5
9x16x32	2749	2749	0	0	0	2,3,2,2	4,4,4,4	8,8,8,8	9x16x32	0
9x17x17	1656	1656	0	0	0	2,3,2,2	5,4,4,4	4,5,4,4	9x17x17	0
9x17x18	1757	1757	0	0	0	4,5,4,4	3,2,2,2	4,5,4,5	17x9x18	4
9x17x19	1837	1837	0	0	0	2,3,2,2	5,5,5,4	4,5,4,4	9x19x17	5
9x17x20	1903	1903	0	0	0	2,3,2,2	5,4,4,4	5,5,5,5	9x17x20	0
9x17x21	2009	2009	0	0	0	2,3,2,2	5,4,4,4	5,6,5,5	9x17x21	0
9x17x22	2097	2097	0	0	0	2,3,2,2	6,6,5,5	4,5,4,4	9x22x17	5
9x17x23	2167	2167	0	0	0	2,3,2,2	6,6,6,5	4,5,4,4	9x23x17	5
9x17x24	2225	2225	0	0	0	2,3,2,2	5,4,4,4	6,6,6,6	9x17x24	0
9x17x25	2344	2344	0	0	0	2,3,2,2	5,4,4,4	6,7,6,6	9x17x25	0
9x17x26	2445	2445	0	0	0	2,3,2,2	7,7,6,6	4,5,4,4	9x26x17	5
9x17x27	2528	2528	0	0	0	2,3,2,2	7,7,7,6	4,5,4,4	9x27x17	5
9x17x28	2599	2599	0	0	0	2,3,2,2	5,4,4,4	7,7,7,7	9x17x28	0
9x17x29	2715	2715	0	0	0	2,3,2,2	5,4,4,4	7,8,7,7	9x17x29	0
9x17x30	2813	2813	0	0	0	2,3,2,2	8,8,7,7	4,5,4,4	9x30x17	5
9x17x31	2893	2893	0	0	0	2,3,2,2	8,8,8,7	4,5,4,4	9x31x17	5
9x17x32	2961	2961	0	0	0	2,3,2,2	5,4,4,4	8,8,8,8	9x17x32	0
9x18x18	1860	1860	0	0	0	4,5,5,4	2,3,2,2	4,5,5,4	18x9x18	4
9x18x19	1948	1947	1	1	0	2,3,2,2	5,5,5,4	4,5,5,4	9x19x18	5
9x18x20	2010	2010	0	0	0	2,3,2,2	5,5,4,4	5,5,5,5	9x18x20	0
9x18x21	2122	2122	0	0	0	2,3,2,2	5,5,4,4	5,6,5,5	9x18x21	0
9x18x22	2218	2218	0	0	0	4,5,5,4	2,3,2,2	5,6,6,5	18x9x22	4
9x18x23	2301	2299	2	2	0	2,3,2,2	6,6,6,5	4,5,5,4	9x23x18	5
9x18x24	2353	2353	0	0	0	2,3,2,2	5,5,4,4	6,6,6,6	9x18x24	0
9x18x25	2479	2479	0	0	0	2,3,2,2	5,5,4,4	6,7,6,6	9x18x25	0
9x18x26	2591	2591	0	0	0	4,5,5,4	2,3,2,2	6,7,7,6	18x9x26	4
9x18x27	2686	2686	0	0	0	2,3,2,2	7,7,7,6	4,5,5,4	9x27x18	5
9x18x28	2749	2749	0	0	0	2,3,2,2	5,5,4,4	7,7,7,7	9x18x28	0
9x18x29	2873	2873	0	0	0	2,3,2,2	5,5,4,4	7,8,7,7	9x18x29	0
9x18x30	2983	2983	0	0	0	4,5,5,4	2,3,2,2	7,8,8,7	18x9x30	4
9x18x31	3075	3074	1	1	0	2,3,2,2	8,8,8,7	4,5,5,4	9x31x18	5
9x18x32	3137	3137	0	0	0	2,3,2,2	5,5,4,4	8,8,8,8	9x18x32	0
9x19x19	2043	2041	2	2	0	2,3,2,2	5,5,5,4	4,5,5,5	9x19x19	0
9x19x20	2096	2096	0	0	0	2,3,2,2	5,5,5,4	5,5,5,5	9x19x20	0
9x19x21	2214	2214	0	0	0	2,3,2,2	5,5,5,4	5,6,5,5	9x19x21	0
9x19x22	2317	2317	0	0	0	2,3,2,2	5,5,5,4	5,6,6,5	9x19x22	0
9x19x23	2406	2406	0	0	0	2,3,2,2	5,5,5,4	5,6,6,6	9x19x23	0
9x19x24	2457	2457	0	0	0	2,3,2,2	5,5,5,4	6,6,6,6	9x19x24	0
9x19x25	2590	2590	0	0	0	2,3,2,2	5,5,5,4	6,7,6,6	9x19x25	0
9x19x26	2710	2710	0	0	0	2,3,2,2	5,5,5,4	6,7,7,6	9x19x26	0
9x19x27	2812	2812	0	0	0	2,3,2,2	5,5,5,4	6,7,7,7	9x19x27	0
9x19x28	2869	2869	0	0	0	2,3,2,2	5,5,5,4	7,7,7,7	9x19x28	0
9x19x29	3001	3001	0	0	0	2,3,2,2	5,5,5,4	7,8,7,7	9x19x29	0
9x19x30	3119	3119	0	0	0	2,3,2,2	5,5,5,4	7,8,8,7	9x19x30	0
9x19x31	3220	3220	0	0	0	2,3,2,2	5,5,5,4	7,8,8,8	9x19x31	0
9x19x32	3277	3277	0	0	0	2,3,2,2	5,5,5,4	8,8,8,8	9x19x32	0
9x20x20	2168	2168	0	0	0	2,3,2,2	5,5,5,5	5,5,5,5	9x20x20	0
9x20x21	2292	2292	0	0	0	2,3,2,2	5,5,5,5	5,6,5,5	9x20x21	0
9x20x22	2395	2395	0	0	0	5,5,5,5	3,2,2,2	5,6,5,6	20x9x22	4
9x20x23	2477	2477	0	0	0	2,3,2,2	6,6,6,5	5,5,5,5	9x23x20	5
9x20x24	2545	2545	0	0	0	2,3,2,2	5,5,5,5	6,6,6,6	9x20x24	0
9x20x25	2685	2685	0	0	0	2,3,2,2	5,5,5,5	6,7,6,6	9x20x25	0
9x20x26	2801	2801	0	0	0	5,5,5,5	3,2,2,2	6,7,6,7	20x9x26	4
9x20x27	2893	2893	0	0	0	2,3,2,2	7,7,7,6	5,5,5,5	9x27x20	5
9x20x28	2969	2969	0	0	0	2,3,2,2	5,5,5,5	7,7,7,7	9x20x28	0
9x20x29	3109	3109	0	0	0	2,3,2,2	5,5,5,5	7,8,7,7	9x20x29	0
9x20x30	3225	3225	0	0	0	5,5,5,5	3,2,2,2	7,8,7,8	20x9x30	4
9x20x31	3317	3317	0	0	0	2,3,2,2	8,8,8,7	5,5,5,5	9x31x20	5
9x20x32	3393	3393	0	0	0	2,3,2,2	5,5,5,5	8,8,8,8	9x20x32	0
9x21x21	2426	2426	0	0	0	2,3,2,2	6,5,5,5	5,6,5,5	9x21x21	0
9x21x22	2539	2539	0	0	0	2,3,2,2	6,6,5,5	5,6,5,5	9x22x21	5
9x21x23	2631	2631	0	0	0	2,3,2,2	6,6,6,5	5,6,5,5	9x23x21	5
9x21x24	2709	2709	0	0	0	2,3,2,2	6,5,5,5	6,6,6,6	9x21x24	0
9x21x25	2858	2858	0	0	0	2,3,2,2	6,5,5,5	6,7,6,6	9x21x25	0
9x21x26	2983	2983	0	0	0	2,3,2,2	7,7,6,6	5,6,5,5	9x26x21	5
9x21x27	3084	3084	0	0	0	2,3,2,2	7,7,7,6	5,6,5,5	9x27x21	5
9x21x28	3169	3169	0	0	0	2,3,2,2	6,5,5,5	7,7,7,7	9x21x28	0
9x21x29	3313	3313	0	0	0	2,3,2,2	6,5,5,5	7,8,7,7	9x21x29	0
9x21x30	3433	3433	0	0	0	2,3,2,2	8,8,7,7	5,6,5,5	9x30x21	5
9x21x31	3529	3529	0	0	0	2,3,2,2	8,8,8,7	5,6,5,5	9x31x21	5
9x21x32	3609	3609	0	0	0	2,3,2,2	6,5,5,5	8,8,8,8	9x21x32	0
9x22x22	2666	2666	0	0	0	5,6,6,5	2,3,2,2	5,6,6,5	22x9x22	4
9x22x23	2770	2769	1	1	0	2,3,2,2	6,6,6,5	5,6,6,5	9x23x22	5
9x22x24	2846	2846	0	0	0	2,3,2,2	6,6,5,5	6,6,6,6	9x22x24	0
9x22x25	3004	3004	0	0	0	2,3,2,2	6,6,5,5	6,7,6,6	9x22x25	0
9x22x26	3142	3142	0	0	0	5,6,6,5	2,3,2,2	6,7,7,6	22x9x26	4
9x22x27	3257	3257	0	0	0	2,3,2,2	7,7,7,6	5,6,6,5	9x27x22	5
9x22x28	3336	3336	0	0	0	2,3,2,2	6,6,5,5	7,7,7,7	9x22x28	0
9x22x29	3484	3484	0	0	0	2,3,2,2	6,6,5,5	7,8,7,7	9x22x29	0
9x22x30	3610	3610	0	0	0	5,6,6,5	2,3,2,2	7,8,8,7	22x9x30	4
9x22x31	3719	3719	0	0	0	2,3,2,2	8,8,8,7	5,6,6,5	9x31x22	5
9x22x32	3789	3789	0	0	0	2,3,2,2	6,6,5,5	8,8,8,8	9x22x32	0
9x23x23	2890	2888	2	2	0	2,3,2,2	6,6,6,5	5,6,6,6	9x23x23	0
9x23x24	2956	2956	0	0	0	2,3,2,2	6,6,6,5	6,6,6,6	9x23x24	0
9x23x25	3123	3123	0	0	0	2,3,2,2	6,6,6,5	6,7,6,6	9x23x25	0
9x23x26	3271	3271	0	0	0	2,3,2,2	6,6,6,5	6,7,7,6	9x23x26	0
9x23x27	3398	3398	0	0	0	2,3,2,2	6,6,6,5	6,7,7,7	9x23x27	0
9x23x28	3470	3470	0	0	0	2,3,2,2	6,6,6,5	7,7,7,7	9x23x28	0
9x23x29	3622	3622	0	0	0	2,3,2,2	6,6,6,5	7,8,7,7	9x23x29	0
9x23x30	3755	3754	1	1	0	2,3,2,2	6,6,6,5	7,8,8,7	9x23x30	0
9x23x31	3868	3866	2	2	0	2,3,2,2	6,6,6,5	7,8,8,8	9x23x31	0
9x23x32	3933	3933	0	0	0	2,3,2,2	6,6,6,5	8,8,8,8	9x23x32	0
9x24x24	3048	3048	0	0	0	2,3,2,2	6,6,6,6	6,6,6,6	9x24x24	0
9x24x25	3224	3224	0	0	0	2,3,2,2	6,6,6,6	6,7,6,6	9x24x25	0
9x24x26	3370	3370	0	0	0	6,6,6,6	3,2,2,2	6,7,6,7	24x9x26	4
9x24x27	3486	3486	0	0	0	2,3,2,2	7,7,7,6	6,6,6,6	9x27x24	5
9x24x28	3582	3582	0	0	0	2,3,2,2	6,6,6,6	7,7,7,7	9x24x28	0
9x24x29	3738	3738	0	0	0	2,3,2,2	6,6,6,6	7,8,7,7	9x24x29	0
9x24x30	3867	3867	0	0	0	6,6,6,6	3,2,2,2	7,8,7,8	24x9x30	4
9x24x31	3969	3969	0	0	0	2,3,2,2	8,8,8,7	6,6,6,6	9x31x24	5
9x24x32	4053	4053	0	0	0	2,3,2,2	6,6,6,6	8,8,8,8	9x24x32	0
9x25x25	3401	3401	0	0	0	2,3,2,2	7,6,6,6	6,7,6,6	9x25x25	0
9x25x26	3548	3548	0	0	0	6,7,6,6	3,2,2,2	6,7,6,7	25x9x26	4
9x25x27	3665	3665	0	0	0	2,3,2,2	7,7,7,6	6,7,6,6	9x27x25	5
9x25x28	3762	3762	0	0	0	2,3,2,2	7,6,6,6	7,7,7,7	9x25x28	0
9x25x29	3932	3932	0	0	0	2,3,2,2	7,6,6,6	7,8,7,7	9x25x29	0
9x25x30	4075	4075	0	0	0	2,3,2,2	8,8,7,7	6,7,6,6	9x30x25	5
9x25x31	4191	4191	0	0	0	2,3,2,2	8,8,8,7	6,7,6,6	9x31x25	5
9x25x32	4289	4289	0	0	0	2,3,2,2	7,6,6,6	8,8,8,8	9x25x32	0
9x26x26	3696	3696	0	0	0	6,7,7,6	2,3,2,2	6,7,7,6	26x9x26	4
9x26x27	3823	3823	0	0	0	2,3,2,2	7,7,7,6	6,7,7,6	9x27x26	5
9x26x28	3912	3912	0	0	0	2,3,2,2	7,7,6,6	7,7,7,7	9x26x28	0
9x26x29	4096	4096	0	0	0	2,3,2,2	7,7,6,6	7,8,7,7	9x26x29	0
9x26x30	4259	4259	0	0	0	6,7,7,6	2,3,2,2	7,8,8,7	26x9x30	4
9x26x31	4392	4390	2	2	0	2,3,2,2	8,8,8,7	6,7,7,6	9x31x26	5
9x26x32	4486	4486	0	0	0	2,3,2,2	7,7,6,6	8,8,8,8	9x26x32	0
9x27x27	3957	3957	0	0	0	2,3,2,2	7,7,7,6	6,7,7,7	9x27x27	0
9x27x28	4032	4032	0	0	0	2,3,2,2	7,7,7,6	7,7,7,7	9x27x28	0
9x27x29	4230	4230	0	0	0	2,3,2,2	7,7,7,6	7,8,7,7	9x27x29	0
9x27x30	4406	4405	1	1	0	2,3,2,2	7,7,7,6	7,8,8,7	9x27x30	0
9x27x31	4558	4556	2	2	0	2,3,2,2	7,7,7,6	7,8,8,8	9x27x31	0
9x27x32	4644	4644	0	0	0	2,3,2,2	7,7,7,6	8,8,8,8	9x27x32	0
9x28x28	4132	4132	0	0	0	2,3,2,2	7,7,7,7	7,7,7,7	9x28x28	0
9x28x29	4344	4344	0	0	0	2,3,2,2	7,7,7,7	7,8,7,7	9x28x29	0
9x28x30	4520	4520	0	0	0	7,7,7,7	3,2,2,2	7,8,7,8	28x9x30	4
9x28x31	4660	4660	0	0	0	2,3,2,2	8,8,8,7	7,7,7,7	9x31x28	5
9x28x32	4776	4776	0	0	0	2,3,2,2	7,7,7,7	8,8,8,8	9x28x32	0
9x29x29	4557	4557	0	0	0	2,3,2,2	8,7,7,7	7,8,7,7	9x29x29	0
9x29x30	4734	4734	0	0	0	7,8,7,7	3,2,2,2	7,8,7,8	29x9x30	4
9x29x31	4875	4875	0	0	0	2,3,2,2	8,8,8,7	7,8,7,7	9x31x29	5
9x29x32	4992	4992	0	0	0	2,3,2,2	8,7,7,7	8,8,8,8	9x29x32	0
9x30x30	4912	4912	0	0	0	7,8,8,7	2,3,2,2	7,8,8,7	30x9x30	4
9x30x31	5065	5065	0	0	0	2,3,2,2	8,8,8,7	7,8,8,7	9x31x30	5
9x30x32	5172	5172	0	0	0	2,3,2,2	8,8,7,7	8,8,8,8	9x30x32	0
9x31x31	5226	5226	0	0	0	2,3,2,2	8,8,8,7	7,8,8,8	9x31x31	0
9x31x32	5316	5316	0	0	0	2,3,2,2	8,8,8,7	8,8,8,8	9x31x32	0
9x32x32	5436	5436	0	0	0	2,3,2,2	8,8,8,8	8,8,8,8	9x32x32	0
10x10x10	717	715	2	2	0	2,3,3,2	3,3,2,2	2,3,3,2	10x10x10	0
10x10x11	769	767	2	2	0	2,3,3,2	3,3,3,2	2,3,3,2	10x11x10	5
10x10x12	817	816	1	1	0	2,3,3,2	2,3,2,3	3,3,3,3	10x10x12	0
10x10x13	896	894	2	2	0	2,3,3,2	3,3,2,2	3,4,3,3	10x10x13	0
10x10x14	964	960	4	4	0	2,3,3,2	3,3,2,2	3,4,4,3	10x10x14	0
10x10x15	1017	1011	6	6	0	2,3,3,2	4,4,4,3	2,3,3,2	10x15x10	5
10x10x16	1057	1054	3	3	0	2,3,3,2	2,3,2,3	4,4,4,4	10x10x16	0
10x10x17	1144	1138	6	6	0	2,3,3,2	4,5,4,4	2,3,3,2	10x17x10	5
10x10x18	1218	1216	2	2	0	2,3,3,2	3,3,2,2	4,5,5,4	10x10x18	0
10x10x19	1275	1273	2	2	0	2,3,3,2	5,5,5,4	2,3,3,2	10x19x10	5
10x10x20	1320	1319	1	1	0	2,3,3,2	2,3,2,3	5,5,5,5	10x10x20	0
10x10x21	1399	1399	0	0	0	2,3,3,2	3,3,2,2	5,6,5,5	10x10x21	0
10x10x22	1467	1466	1	1	0	2,3,3,2	2,3,2,3	5,6,6,5	10x10x22	0
10x10x23	1520	1518	2	2	0	2,3,3,2	6,6,6,5	2,3,3,2	10x23x10	5
10x10x24	1560	1559	1	1	0	2,3,3,2	2,3,2,3	6,6,6,6	10x10x24	0
10x10x25	1647	1645	2	2	0	2,3,3,2	6,7,6,6	2,3,3,2	10x25x10	5
10x10x26	1721	1719	2	2	0	2,3,3,2	2,3,2,3	6,7,7,6	10x10x26	0
10x10x27	1778	1776	2	2	0	2,3,3,2	7,7,7,6	2,3,3,2	10x27x10	5
10x10x28	1823	1822	1	1	0	2,3,3,2	2,3,2,3	7,7,7,7	10x10x28	0
10x10x29	1907	1905	2	2	0	2,3,3,2	7,8,7,7	2,3,3,2	10x29x10	5
10x10x30	1980	1978	2	2	0	2,3,3,2	2,3,2,3	7,8,8,7	10x10x30	0
10x10x31	2036	2032	4	4	0	2,3,3,2	8,8,8,7	2,3,3,2	10x31x10	5
10x10x32	2080	2078	2	2	0	2,3,3,2	2,3,2,3	8,8,8,8	10x10x32	0
10x11x11	845	841	4	4	0	2,3,3,2	3,3,3,2	2,3,3,3	10x11x11	0
10x11x12	881	881	0	0	0	2,3,3,2	3,3,3,2	3,3,3,3	10x11x12	0
10x11x13	966	964	2	2	0	2,3,3,2	3,3,3,2	3,4,3,3	10x11x13	0
10x11x14	1037	1033	4	4	0	2,3,3,2	3,3,3,2	3,4,4,3	10x11x14	0
10x11x15	1100	1092	8	8	0	2,3,3,2	3,3,3,2	3,4,4,4	10x11x15	0
10x11x16	1135	1135	0	0	0	2,3,3,2	3,3,3,2	4,4,4,4	10x11x16	0
10x11x17	1228	1227	1	1	0	2,3,3,2	3,3,3,2	4,5,4,4	10x11x17	0
10x11x18	1305	1303	2	2	0	2,3,3,2	3,3,3,2	4,5,5,4	10x11x18	0
10x11x19	1376	1372	4	4	0	2,3,3,2	3,3,3,2	4,5,5,5	10x11x19	0
10x11x20	1414	1414	0	0	0	2,3,3,2	3,3,3,2	5,5,5,5	10x11x20	0
10x11x21	1499	1499	0	0	0	2,3,3,2	3,3,3,2	5,6,5,5	10x11x21	0
10x11x22	1570	1570	0	0	0	2,3,3,2	3,3,3,2	5,6,6,5	10x11x22	0
10x11x23	1633	1633	0	0	0	2,3,3,2	3,3,3,2	5,6,6,6	10x11x23	0
10x11x24	1668	1668	0	0	0	2,3,3,2	3,3,3,2	6,6,6,6	10x11x24	0
10x11x25	1761	1760	1	1	0	6,7,6,6	3,3,3,2	2,3,3,2	25x11x10	3
10x11x26	1838	1836	2	2	0	6,7,7,6	3,3,3,2	2,3,3,2	26x11x10	3
10x11x27	1909	1905	4	4	0	6,7,7,7	3,3,3,2	2,3,3,2	27x11x10	3
10x11x28	1947	1947	0	0	0	2,3,3,2	3,3,3,2	7,7,7,7	10x11x28	0
10x11x29	2039	2039	0	0	0	2,3,3,2	3,3,3,2	7,8,7,7	10x11x29	0
10x11x30	2116	2116	0	0	0	2,3,3,2	3,3,3,2	7,8,8,7	10x11x30	0
10x11x31	2187	2187	0	0	0	2,3,3,2	3,3,3,2	7,8,8,8	10x11x31	0
10x11x32	2224	2224	0	0	0	2,3,3,2	3,3,3,2	8,8,8,8	10x11x32	0
10x12x12	937	937	0	0	0	2,3,3,2	3,3,3,3	3,3,3,3	10x12x12	0
10x12x13	1025	1025	0	0	0	3,3,3,3	3,3,2,2	3,4,3,3	12x10x13	4
10x12x14	1099	1097	2	2	0	3,3,3,3	3,2,2,3	3,4,3,4	12x10x14	4
10x12x15	1155	1155	0	0	0	2,3,3,2	4,4,4,3	3,3,3,3	10x15x12	5
10x12x16	1201	1201	0	0	0	2,3,3,2	3,3,3,3	4,4,4,4	10x12x16	0
10x12x17	1297	1297	0	0	0	3,3,3,3	3,3,2,2	4,5,4,4	12x10x17	4
10x12x18	1380	1379	1	1	0	4,5,5,4	2,3,2,3	3,3,3,3	18x10x12	1
10x12x19	1442	1442	0	0	0	2,3,3,2	5,5,5,4	3,3,3,3	10x19x12	5
10x12x20	1494	1494	0	0	0	2,3,3,2	3,3,3,3	5,5,5,5	10x12x20	0
10x12x21	1582	1582	0	0	0	3,3,3,3	3,3,2,2	5,6,5,5	12x10x21	4
10x12x22	1656	1656	0	0	0	3,3,3,3	3,3,2,2	5,6,6,5	12x10x22	4
10x12x23	1712	1712	0	0	0	2,3,3,2	6,6,6,5	3,3,3,3	10x23x12	5
10x12x24	1758	1758	0	0	0	2,3,3,2	3,3,3,3	6,6,6,6	10x12x24	0
10x12x25	1854	1854	0	0	0	3,3,3,3	3,3,2,2	6,7,6,6	12x10x25	4
10x12x26	1937	1936	1	1	0	3,3,3,3	3,2,2,3	6,7,6,7	12x10x26	4
10x12x27	1999	1999	0	0	0	2,3,3,2	7,7,7,6	3,3,3,3	10x27x12	5
10x12x28	2051	2051	0	0	0	2,3,3,2	3,3,3,3	7,7,7,7	10x12x28	0
10x12x29	2147	2147	0	0	0	3,3,3,3	3,3,2,2	7,8,7,7	12x10x29	4
10x12x30	2230	2230	0	0	0	3,3,3,3	3,3,2,2	7,8,8,7	12x10x30	4
10x12x31	2292	2292	0	0	0	2,3,3,2	8,8,8,7	3,3,3,3	10x31x12	5
10x12x32	2344	2344	0	0	0	2,3,3,2	3,3,3,3	8,8,8,8	10x12x32	0
10x13x13	1121	1121	0	0	0	3,4,3,3	3,3,2,2	3,4,3,3	13x10x13	4
10x13x14	1204	1200	4	4	0	2,3,3,2	3,4,3,3	3,4,4,3	10x13x14	0
10x13x15	1271	1269	2	2	0	3,4,3,3	4,4,4,3	2,3,3,2	13x15x10	2
10x13x16	1321	1321	0	0	0	2,3,3,2	3,4,3,3	4,4,4,4	10x13x16	0
10x13x17	1425	1425	0	0	0	3,4,3,3	3,3,2,2	4,5,4,4	13x10x17	4
10x13x18	1518	1516	2	2	0	2,3,3,2	3,4,3,3	4,5,5,4	10x13x18	0
10x13x19	1592	1591	1	1	0	2,3,3,2	5,5,5,4	3,4,3,3	10x19x13	5
10x13x20	1646	1646	0	0	0	2,3,3,2	3,4,3,3	5,5,5,5	10x13x20	0
10x13x21	1738	1738	0	0	0	3,4,3,3	3,3,2,2	5,6,5,5	13x10x21	4
10x13x22	1817	1817	0	0	0	2,3,3,2	3,4,3,3	5,6,6,5	10x13x22	0
10x13x23	1882	1881	1	1	0	2,3,3,2	6,6,6,5	3,4,3,3	10x23x13	5
10x13x24	1926	1926	0	0	0	2,3,3,2	3,4,3,3	6,6,6,6	10x13x24	0
10x13x25	2030	2030	0	0	0	3,4,3,3	3,3,2,2	6,7,6,6	13x10x25	4
10x13x26	2123	2121	2	2	0	6,7,7,6	3,4,3,3	2,3,3,2	26x13x10	3
10x13x27	2199	2198	1	1	0	2,3,3,2	7,7,7,6	3,4,3,3	10x27x13	5
10x13x28	2251	2251	0	0	0	2,3,3,2	3,4,3,3	7,7,7,7	10x13x28	0
10x13x29	2353	2353	0	0	0	3,4,3,3	3,3,2,2	7,8,7,7	13x10x29	4
10x13x30	2444	2444	0	0	0	2,3,3,2	3,4,3,3	7,8,8,7	10x13x30	0
10x13x31	2521	2521	0	0	0	2,3,3,2	8,8,8,7	3,4,3,3	10x31x13	5
10x13x32	2568	2568	0	0	0	2,3,3,2	3,4,3,3	8,8,8,8	10x13x32	0
10x14x14	1299	1293	6	6	0	2,3,3,2	3,4,3,4	3,4,4,3	10x14x14	0
10x14x15	1367	1363	4	4	0	3,4,4,3	4,4,4,3	2,3,3,2	14x15x10	2
10x14x16	1426	1424	2	2	0	2,3,3,2	3,4,3,4	4,4,4,4	10x14x16	0
10x14x17	1541	1537	4	4	0	3,4,4,3	4,5,4,4	2,3,3,2	14x17x10	2
10x14x18	1641	1638	3	3	0	2,3,3,2	3,4,3,4	4,5,5,4	10x14x18	0
10x14x19	1716	1714	2	2	0	2,3,3,2	5,5,5,4	3,4,4,3	10x19x14	5
10x14x20	1777	1776	1	1	0	2,3,3,2	3,4,3,4	5,5,5,5	10x14x20	0
10x14x21	1875	1875	0	0	0	2,3,3,2	4,4,3,3	5,6,5,5	10x14x21	0
10x14x22	1957	1956	1	1	0	2,3,3,2	3,4,3,4	5,6,6,5	10x14x22	0
10x14x23	2021	2019	2	2	0	2,3,3,2	6,6,6,5	3,4,4,3	10x23x14	5
10x14x24	2070	2069	1	1	0	2,3,3,2	3,4,3,4	6,6,6,6	10x14x24	0
10x14x25	2185	2183	2	2	0	2,3,3,2	6,7,6,6	3,4,4,3	10x25x14	5
10x14x26	2287	2285	2	2	0	3,4,4,3	3,3,2,2	6,7,7,6	14x10x26	4
10x14x27	2363	2361	2	2	0	2,3,3,2	7,7,7,6	3,4,4,3	10x27x14	5
10x14x28	2426	2425	1	1	0	2,3,3,2	3,4,3,4	7,7,7,7	10x14x28	0
10x14x29	2537	2537	0	0	0	3,4,4,3	3,3,2,2	7,8,7,7	14x10x29	4
10x14x30	2633	2633	0	0	0	3,4,4,3	3,3,2,2	7,8,8,7	14x10x30	4
10x14x31	2708	2708	0	0	0	2,3,3,2	8,8,8,7	3,4,4,3	10x31x14	5
10x14x32	2765	2765	0	0	0	2,3,3,2	4,4,3,3	8,8,8,8	10x14x32	0
10x15x15	1457	1449	8	8	0	3,4,4,4	4,4,4,3	2,3,3,2	15x15x10	3
10x15x16	1504	1504	0	0	0	2,3,3,2	4,4,4,3	4,4,4,4	10x15x16	0
10x15x17	1628	1628	0	0	0	2,3,3,2	4,4,4,3	4,5,4,4	10x15x17	0
10x15x18	1731	1731	0	0	0	2,3,3,2	4,4,4,3	4,5,5,4	10x15x18	0
10x15x19	1824	1824	0	0	0	2,3,3,2	4,4,4,3	4,5,5,5	10x15x19	0
10x15x20	1875	1875	0	0	0	2,3,3,2	4,4,4,3	5,5,5,5	10x15x20	0
10x15x21	1977	1977	0	0	0	2,3,3,2	4,4,4,3	5,6,5,5	10x15x21	0
10x15x22	2061	2061	0	0	0	2,3,3,2	4,4,4,3	5,6,6,5	10x15x22	0
10x15x23	2135	2135	0	0	0	2,3,3,2	4,4,4,3	5,6,6,6	10x15x23	0
10x15x24	2178	2178	0	0	0	2,3,3,2	4,4,4,3	6,6,6,6	10x15x24	0
10x15x25	2304	2303	1	1	0	2,3,3,2	4,4,4,3	6,7,6,6	10x15x25	0
10x15x26	2408	2406	2	2	0	2,3,3,2	4,4,4,3	6,7,7,6	10x15x26	0
10x15x27	2507	2503	4	4	0	2,3,3,2	4,4,4,3	6,7,7,7	10x15x27	0
10x15x28	2556	2556	0	0	0	2,3,3,2	4,4,4,3	7,7,7,7	10x15x28	0
10x15x29	2675	2675	0	0	0	2,3,3,2	4,4,4,3	7,8,7,7	10x15x29	0
10x15x30	2773	2773	0	0	0	2,3,3,2	4,4,4,3	7,8,8,7	10x15x30	0
10x15x31	2864	2864	0	0	0	2,3,3,2	4,4,4,3	7,8,8,8	10x15x31	0
10x15x32	2911	2911	0	0	0	2,3,3,2	4,4,4,3	8,8,8,8	10x15x32	0
10x16x16	1570	1570	0	0	0	2,3,3,2	4,4,4,4	4,4,4,4	10x16x16	0
10x16x17	1698	1698	0	0	0	4,4,4,4	3,3,2,2	4,5,4,4	16x10x17	4
10x16x18	1807	1807	0	0	0	4,4,4,4	3,3,2,2	4,5,5,4	16x10x18	4
10x16x19	1889	1889	0	0	0	2,3,3,2	5,5,5,4	4,4,4,4	10x19x16	5
10x16x20	1957	1957	0	0	0	2,3,3,2	4,4,4,4	5,5,5,5	10x16x20	0
10x16x21	2061	2061	0	0	0	4,4,4,4	3,3,2,2	5,6,5,5	16x10x21	4
10x16x22	2148	2148	0	0	0	4,4,4,4	3,3,2,2	5,6,6,5	16x10x22	4
10x16x23	2214	2214	0	0	0	2,3,3,2	6,6,6,5	4,4,4,4	10x23x16	5
10x16x24	2268	2268	0	0	0	2,3,3,2	4,4,4,4	6,6,6,6	10x16x24	0
10x16x25	2396	2396	0	0	0	4,4,4,4	3,3,2,2	6,7,6,6	16x10x25	4
10x16x26	2510	2509	1	1	0	4,4,4,4	3,2,2,3	6,7,6,7	16x10x26	4
10x16x27	2594	2594	0	0	0	2,3,3,2	7,7,7,6	4,4,4,4	10x27x16	5
10x16x28	2666	2666	0	0	0	2,3,3,2	4,4,4,4	7,7,7,7	10x16x28	0
10x16x29	2786	2786	0	0	0	4,4,4,4	3,3,2,2	7,8,7,7	16x10x29	4
10x16x30	2891	2891	0	0	0	4,4,4,4	3,3,2,2	7,8,8,7	16x10x30	4
10x16x31	2969	2969	0	0	0	2,3,3,2	8,8,8,7	4,4,4,4	10x31x16	5
10x16x32	3035	3035	0	0	0	2,3,3,2	4,4,4,4	8,8,8,8	10x16x32	0
10x17x17	1830	1830	0	0	0	4,5,4,4	3,3,2,2	4,5,4,4	17x10x17	4
10x17x18	1945	1943	2	2	0	4,5,4,4	3,3,2,2	4,5,5,4	17x10x18	4
10x17x19	2035	2034	1	1	0	2,3,3,2	5,5,5,4	4,5,4,4	10x19x17	5
10x17x20	2101	2101	0	0	0	2,3,3,2	4,5,4,4	5,5,5,5	10x17x20	0
10x17x21	2213	2213	0	0	0	4,5,4,4	3,3,2,2	5,6,5,5	17x10x21	4
10x17x22	2309	2309	0	0	0	2,3,3,2	4,5,4,4	5,6,6,5	10x17x22	0
10x17x23	2392	2390	2	2	0	2,3,3,2	6,6,6,5	4,5,4,4	10x23x17	5
10x17x24	2444	2444	0	0	0	2,3,3,2	4,5,4,4	6,6,6,6	10x17x24	0
10x17x25	2578	2578	0	0	0	4,5,4,4	3,3,2,2	6,7,6,6	17x10x25	4
10x17x26	2701	2701	0	0	0	4,5,4,4	3,3,2,2	6,7,7,6	17x10x26	4
10x17x27	2799	2799	0	0	0	2,3,3,2	7,7,7,6	4,5,4,4	10x27x17	5
10x17x28	2866	2866	0	0	0	2,3,3,2	4,5,4,4	7,7,7,7	10x17x28	0
10x17x29	2994	2994	0	0	0	4,5,4,4	3,3,2,2	7,8,7,7	17x10x29	4
10x17x30	3110	3110	0	0	0	2,3,3,2	4,5,4,4	7,8,8,7	10x17x30	0
10x17x31	3203	3202	1	1	0	2,3,3,2	8,8,8,7	4,5,4,4	10x31x17	5
10x17x32	3267	3267	0	0	0	2,3,3,2	4,5,4,4	8,8,8,8	10x17x32	0
10x18x18	2064	2060	4	4	0	4,5,5,4	3,3,2,2	4,5,5,4	18x10x18	4
10x18x19	2154	2152	2	2	0	2,3,3,2	5,5,5,4	4,5,5,4	10x19x18	5
10x18x20	2228	2227	1	1	0	2,3,3,2	4,5,4,5	5,5,5,5	10x18x20	0
10x18x21	2352	2350	2	2	0	2,3,3,2	5,6,5,5	4,5,5,4	10x21x18	5
10x18x22	2457	2455	2	2	0	2,3,3,2	4,5,4,5	5,6,6,5	10x18x22	0
10x18x23	2538	2534	4	4	0	2,3,3,2	6,6,6,5	4,5,5,4	10x23x18	5
10x18x24	2602	2600	2	2	0	2,3,3,2	4,5,4,5	6,6,6,6	10x18x24	0
10x18x25	2745	2745	0	0	0	4,5,5,4	3,3,2,2	6,7,6,6	18x10x25	4
10x18x26	2870	2870	0	0	0	4,5,5,4	3,3,2,2	6,7,7,6	18x10x26	4
10x18x27	2967	2967	0	0	0	2,3,3,2	7,7,7,6	4,5,5,4	10x27x18	5
10x18x28	3041	3041	0	0	0	2,3,3,2	5,5,4,4	7,7,7,7	10x18x28	0
10x18x29	3181	3181	0	0	0	4,5,5,4	3,3,2,2	7,8,7,7	18x10x29	4
10x18x30	3302	3301	1	1	0	4,5,5,4	2,3,2,3	7,8,8,7	18x10x30	4
10x18x31	3395	3393	2	2	0	2,3,3,2	8,8,8,7	4,5,5,4	10x31x18	5
10x18x32	3468	3467	1	1	0	2,3,3,2	4,5,4,5	8,8,8,8	10x18x32	0
10x19x19	2265	2261	4	4	0	2,3,3,2	5,5,5,4	4,5,5,5	10x19x19	0
10x19x20	2322	2322	0	0	0	2,3,3,2	5,5,5,4	5,5,5,5	10x19x20	0
10x19x21	2454	2454	0	0	0	2,3,3,2	5,5,5,4	5,6,5,5	10x19x21	0
10x19x22	2563	2563	0	0	0	2,3,3,2	5,5,5,4	5,6,6,5	10x19x22	0
10x19x23	2664	2664	0	0	0	2,3,3,2	5,5,5,4	5,6,6,6	10x19x23	0
10x19x24	2718	2718	0	0	0	2,3,3,2	5,5,5,4	6,6,6,6	10x19x24	0
10x19x25	2871	2871	0	0	0	2,3,3,2	5,5,5,4	6,7,6,6	10x19x25	0
10x19x26	2997	2997	0	0	0	2,3,3,2	5,5,5,4	6,7,7,6	10x19x26	0
10x19x27	3111	3111	0	0	0	2,3,3,2	5,5,5,4	6,7,7,7	10x19x27	0
10x19x28	3171	3171	0	0	0	2,3,3,2	5,5,5,4	7,7,7,7	10x19x28	0
10x19x29	3321	3321	0	0	0	2,3,3,2	5,5,5,4	7,8,7,7	10x19x29	0
10x19x30	3445	3445	0	0	0	2,3,3,2	5,5,5,4	7,8,8,7	10x19x30	0
10x19x31	3558	3558	0	0	0	2,3,3,2	5,5,5,4	7,8,8,8	10x19x31	0
10x19x32	3618	3618	0	0	0	2,3,3,2	5,5,5,4	8,8,8,8	10x19x32	0
10x20x20	2402	2402	0	0	0	2,3,3,2	5,5,5,5	5,5,5,5	10x20x20	0
10x20x21	2538	2538	0	0	0	5,5,5,5	3,3,2,2	5,6,5,5	20x10x21	4
10x20x22	2656	2656	0	0	0	5,5,5,5	3,3,2,2	5,6,6,5	20x10x22	4
10x20x23	2744	2744	0	0	0	2,3,3,2	6,6,6,5	5,5,5,5	10x23x20	5
10x20x24	2818	2818	0	0	0	2,3,3,2	5,5,5,5	6,6,6,6	10x20x24	0
10x20x25	2970	2970	0	0	0	5,5,5,5	3,3,2,2	6,7,6,6	20x10x25	4
10x20x26	3101	3101	0	0	0	5,5,5,5	3,3,2,2	6,7,7,6	20x10x26	4
10x20x27	3199	3199	0	0	0	2,3,3,2	7,7,7,6	5,5,5,5	10x27x20	5
10x20x28	3281	3281	0	0	0	2,3,3,2	5,5,5,5	7,7,7,7	10x20x28	0
10x20x29	3433	3433	0	0	0	5,5,5,5	3,3,2,2	7,8,7,7	20x10x29	4
10x20x30	3564	3564	0	0	0	5,5,5,5	3,3,2,2	7,8,8,7	20x10x30	4
10x20x31	3662	3662	0	0	0	2,3,3,2	8,8,8,7	5,5,5,5	10x31x20	5
10x20x32	3744	3744	0	0	0	2,3,3,2	5,5,5,5	8,8,8,8	10x20x32	0
10x21x21	2686	2686	0	0	0	5,6,5,5	3,3,2,2	5,6,5,5	21x10x21	4
10x21x22	2819	2819	0	0	0	2,3,3,2	5,6,5,5	5,6,6,5	10x21x22	0
10x21x23	2924	2923	1	1	0	2,3,3,2	6,6,6,5	5,6,5,5	10x23x21	5
10x21x24	3002	3002	0	0	0	2,3,3,2	5,6,5,5	6,6,6,6	10x21x24	0
10x21x25	3164	3164	0	0	0	5,6,5,5	3,3,2,2	6,7,6,6	21x10x25	4
10x21x26	3308	3308	0	0	0	2,3,3,2	5,6,5,5	6,7,7,6	10x21x26	0
10x21x27	3424	3424	0	0	0	2,3,3,2	7,7,7,6	5,6,5,5	10x27x21	5
10x21x28	3505	3505	0	0	0	2,3,3,2	5,6,5,5	7,7,7,7	10x21x28	0
10x21x29	3661	3661	0	0	0	5,6,5,5	3,3,2,2	7,8,7,7	21x10x29	4
10x21x30	3798	3798	0	0	0	5,6,5,5	3,3,2,2	7,8,8,7	21x10x30	4
10x21x31	3910	3910	0	0	0	2,3,3,2	8,8,8,7	5,6,5,5	10x31x21	5
10x21x32	3984	3984	0	0	0	2,3,3,2	5,6,5,5	8,8,8,8	10x21x32	0
10x22x22	2966	2965	1	1	0	5,6,6,5	2,3,2,3	5,6,6,5	22x10x22	4
10x22x23	3073	3071	2	2	0	2,3,3,2	6,6,6,5	5,6,6,5	10x23x22	5
10x22x24	3164	3163	1	1	0	5,6,6,5	2,3,2,3	6,6,6,6	22x10x24	4
10x22x25	3341	3339	2	2	0	2,3,3,2	6,7,6,6	5,6,6,5	10x25x22	5
10x22x26	3493	3493	0	0	0	5,6,6,5	3,3,2,2	6,7,7,6	22x10x26	4
10x22x27	3609	3609	0	0	0	2,3,3,2	7,7,7,6	5,6,6,5	10x27x22	5
10x22x28	3702	3702	0	0	0	2,3,3,2	6,6,5,5	7,7,7,7	10x22x28	0
10x22x29	3864	3864	0	0	0	5,6,6,5	3,3,2,2	7,8,7,7	22x10x29	4
10x22x30	4003	4002	1	1	0	5,6,6,5	2,3,2,3	7,8,8,7	22x10x30	4
10x22x31	4112	4112	0	0	0	2,3,3,2	8,8,8,7	5,6,6,5	10x31x22	5
10x22x32	4194	4194	0	0	0	2,3,3,2	6,6,5,5	8,8,8,8	10x22x32	0
10x23x23	3213	3209	4	4	0	2,3,3,2	6,6,6,5	5,6,6,6	10x23x23	0
10x23x24	3284	3284	0	0	0	2,3,3,2	6,6,6,5	6,6,6,6	10x23x24	0
10x23x25	3473	3473	0	0	0	2,3,3,2	6,6,6,5	6,7,6,6	10x23x25	0
10x23x26	3629	3629	0	0	0	2,3,3,2	6,6,6,5	6,7,7,6	10x23x26	0
10x23x27	3772	3772	0	0	0	2,3,3,2	6,6,6,5	6,7,7,7	10x23x27	0
10x23x28	3848	3848	0	0	0	2,3,3,2	6,6,6,5	7,7,7,7	10x23x28	0
10x23x29	4018	4017	1	1	0	2,3,3,2	6,6,6,5	7,8,7,7	10x23x29	0
10x23x30	4157	4155	2	2	0	2,3,3,2	6,6,6,5	7,8,8,7	10x23x30	0
10x23x31	4282	4278	4	4	0	2,3,3,2	6,6,6,5	7,8,8,8	10x23x31	0
10x23x32	4350	4350	0	0	0	2,3,3,2	6,6,6,5	8,8,8,8	10x23x32	0
10x24x24	3386	3386	0	0	0	2,3,3,2	6,6,6,6	6,6,6,6	10x24x24	0
10x24x25	3578	3578	0	0	0	6,6,6,6	3,3,2,2	6,7,6,6	24x10x25	4
10x24x26	3744	3744	0	0	0	6,6,6,6	3,3,2,2	6,7,7,6	24x10x26	4
10x24x27	3868	3868	0	0	0	2,3,3,2	7,7,7,6	6,6,6,6	10x27x24	5
10x24x28	3972	3972	0	0	0	2,3,3,2	6,6,6,6	7,7,7,7	10x24x28	0
10x24x29	4140	4140	0	0	0	6,6,6,6	3,3,2,2	7,8,7,7	24x10x29	4
10x24x30	4284	4283	1	1	0	6,6,6,6	3,2,2,3	7,8,7,8	24x10x30	4
10x24x31	4392	4392	0	0	0	2,3,3,2	8,8,8,7	6,6,6,6	10x31x24	5
10x24x32	4482	4482	0	0	0	2,3,3,2	6,6,6,6	8,8,8,8	10x24x32	0
10x25x25	3772	3772	0	0	0	6,7,6,6	3,3,2,2	6,7,6,6	25x10x25	4
10x25x26	3941	3941	0	0	0	6,7,6,6	3,3,2,2	6,7,7,6	25x10x26	4
10x25x27	4075	4075	0	0	0	2,3,3,2	7,7,7,6	6,7,6,6	10x27x25	5
10x25x28	4172	4172	0	0	0	2,3,3,2	6,7,6,6	7,7,7,7	10x25x28	0
10x25x29	4356	4356	0	0	0	6,7,6,6	3,3,2,2	7,8,7,7	25x10x29	4
10x25x30	4519	4517	2	2	0	2,3,3,2	6,7,6,6	7,8,8,7	10x25x30	0
10x25x31	4652	4650	2	2	0	2,3,3,2	8,8,8,7	6,7,6,6	10x31x25	5
10x25x32	4746	4746	0	0	0	2,3,3,2	6,7,6,6	8,8,8,8	10x25x32	0
10x26x26	4112	4112	0	0	0	6,7,7,6	3,3,2,2	6,7,7,6	26x10x26	4
10x26x27	4243	4243	0	0	0	2,3,3,2	7,7,7,6	6,7,7,6	10x27x26	5
10x26x28	4347	4347	0	0	0	2,3,3,2	7,7,6,6	7,7,7,7	10x26x28	0
10x26x29	4552	4552	0	0	0	2,3,3,2	7,8,7,7	6,7,7,6	10x29x26	5
10x26x30	4733	4728	5	5	0	2,3,3,2	6,7,6,7	7,8,8,7	10x26x30	0
10x26x31	4867	4863	4	4	0	2,3,3,2	8,8,8,7	6,7,7,6	10x31x26	5
10x26x32	4978	4976	2	2	0	2,3,3,2	6,7,6,7	8,8,8,8	10x26x32	0
10x27x27	4397	4397	0	0	0	2,3,3,2	7,7,7,6	6,7,7,7	10x27x27	0
10x27x28	4477	4477	0	0	0	2,3,3,2	7,7,7,6	7,7,7,7	10x27x28	0
10x27x29	4701	4700	1	1	0	2,3,3,2	7,7,7,6	7,8,7,7	10x27x29	0
10x27x30	4887	4885	2	2	0	2,3,3,2	7,7,7,6	7,8,8,7	10x27x30	0
10x27x31	5059	5055	4	4	0	2,3,3,2	7,7,7,6	7,8,8,8	10x27x31	0
10x27x32	5150	5150	0	0	0	2,3,3,2	7,7,7,6	8,8,8,8	10x27x32	0
10x28x28	4587	4587	0	0	0	2,3,3,2	7,7,7,7	7,7,7,7	10x28x28	0
10x28x29	4819	4819	0	0	0	7,7,7,7	3,3,2,2	7,8,7,7	28x10x29	4
10x28x30	5020	5019	1	1	0	7,7,7,7	3,2,2,3	7,8,7,8	28x10x30	4
10x28x31	5170	5170	0	0	0	2,3,3,2	8,8,8,7	7,7,7,7	10x31x28	5
10x28x32	5296	5296	0	0	0	2,3,3,2	7,7,7,7	8,8,8,8	10x28x32	0
10x29x29	5053	5053	0	0	0	7,8,7,7	3,3,2,2	7,8,7,7	29x10x29	4
10x29x30	5257	5257	0	0	0	7,8,7,7	3,3,2,2	7,8,8,7	29x10x30	4
10x29x31	5419	5419	0	0	0	2,3,3,2	8,8,8,7	7,8,7,7	10x31x29	5
10x29x32	5536	5536	0	0	0	2,3,3,2	7,8,7,7	8,8,8,8	10x29x32	0
10x30x30	5463	5463	0	0	0	7,8,8,7	3,3,2,2	7,8,8,7	30x10x30	4
10x30x31	5621	5621	0	0	0	2,3,3,2	8,8,8,7	7,8,8,7	10x31x30	5
10x30x32	5746	5746	0	0	0	2,3,3,2	8,8,7,7	8,8,8,8	10x30x32	0
10x31x31	5806	5806	0	0	0	2,3,3,2	8,8,8,7	7,8,8,8	10x31x31	0
10x31x32	5902	5902	0	0	0	2,3,3,2	8,8,8,7	8,8,8,8	10x31x32	0
10x32x32	6034	6034	0	0	0	2,3,3,2	8,8,8,8	8,8,8,8	10x32x32	0
11x11x11	925	919	6	6	0	2,3,3,3	3,3,3,2	2,3,3,3	11x11x11	0
11x11x12	965	965	0	0	0	2,3,3,3	3,3,3,2	3,3,3,3	11x11x12	0
11x11x13	1056	1052	4	4	0	2,3,3,3	3,3,3,2	3,4,3,3	11x11x13	0
11x11x14	1131	1123	8	8	0	2,3,3,3	3,3,3,2	3,4,4,3	11x11x14	0
11x11x15	1195	1183	12	12	0	2,3,3,3	3,3,3,2	3,4,4,4	11x11x15	0
11x11x16	1231	1231	0	0	0	2,3,3,3	3,3,3,2	4,4,4,4	11x11x16	0
11x11x17	1333	1331	2	2	0	2,3,3,3	3,3,3,2	4,5,4,4	11x11x17	0
11x11x18	1418	1414	4	4	0	2,3,3,3	3,3,3,2	4,5,5,4	11x11x18	0
11x11x19	1491	1485	6	6	0	2,3,3,3	3,3,3,2	4,5,5,5	11x11x19	0
11x11x20	1531	1531	0	0	0	2,3,3,3	3,3,3,2	5,5,5,5	11x11x20	0
11x11x21	1622	1622	0	0	0	2,3,3,3	3,3,3,2	5,6,5,5	11x11x21	0
11x11x22	1697	1697	0	0	0	2,3,3,3	3,3,3,2	5,6,6,5	11x11x22	0
11x11x23	1761	1761	0	0	0	2,3,3,3	3,3,3,2	5,6,6,6	11x11x23	0
11x11x24	1797	1797	0	0	0	2,3,3,3	3,3,3,2	6,6,6,6	11x11x24	0
11x11x25	1899	1897	2	2	0	6,7,6,6	3,3,3,2	2,3,3,3	25x11x11	3
11x11x26	1984	1980	4	4	0	6,7,7,6	3,3,3,2	2,3,3,3	26x11x11	3
11x11x27	2057	2051	6	6	0	6,7,7,7	3,3,3,2	2,3,3,3	27x11x11	3
11x11x28	2097	2097	0	0	0	2,3,3,3	3,3,3,2	7,7,7,7	11x11x28	0
11x11x29	2199	2199	0	0	0	2,3,3,3	3,3,3,2	7,8,7,7	11x11x29	0
11x11x30	2284	2284	0	0	0	2,3,3,3	3,3,3,2	7,8,8,7	11x11x30	0
11x11x31	2357	2357	0	0	0	2,3,3,3	3,3,3,2	7,8,8,8	11x11x31	0
11x11x32	2396	2396	0	0	0	2,3,3,3	3,3,3,2	8,8,8,8	11x11x32	0
11x12x12	1017	1017	0	0	0	3,3,3,3	3,3,3,2	3,3,3,3	12x11x12	4
11x12x13	1109	1109	0	0	0	3,3,3,3	3,3,3,2	3,4,3,3	12x11x13	4
11x12x14	1185	1185	0	0	0	3,3,3,3	3,3,3,2	3,4,4,3	12x11x14	4
11x12x15	1250	1250	0	0	0	3,3,3,3	3,3,3,2	3,4,4,4	12x11x15	4
11x12x16	1291	1291	0	0	0	3,3,3,3	3,3,3,2	4,4,4,4	12x11x16	4
11x12x17	1395	1395	0	0	0	3,3,3,3	3,3,3,2	4,5,4,4	12x11x17	4
11x12x18	1482	1482	0	0	0	3,3,3,3	3,3,3,2	4,5,5,4	12x11x18	4
11x12x19	1557	1557	0	0	0	3,3,3,3	3,3,3,2	4,5,5,5	12x11x19	4
11x12x20	1604	1604	0	0	0	3,3,3,3	3,3,3,2	5,5,5,5	12x11x20	4
11x12x21	1696	1696	0	0	0	3,3,3,3	3,3,3,2	5,6,5,5	12x11x21	4
11x12x22	1772	1772	0	0	0	3,3,3,3	3,3,3,2	5,6,6,5	12x11x22	4
11x12x23	1837	1837	0	0	0	3,3,3,3	3,3,3,2	5,6,6,6	12x11x23	4
11x12x24	1878	1878	0	0	0	3,3,3,3	3,3,3,2	6,6,6,6	12x11x24	4
11x12x25	1982	1982	0	0	0	3,3,3,3	3,3,3,2	6,7,6,6	12x11x25	4
11x12x26	2069	2069	0	0	0	3,3,3,3	3,3,3,2	6,7,7,6	12x11x26	4
11x12x27	2144	2144	0	0	0	3,3,3,3	3,3,3,2	6,7,7,7	12x11x27	4
11x12x28	2191	2191	0	0	0	3,3,3,3	3,3,3,2	7,7,7,7	12x11x28	4
11x12x29	2295	2295	0	0	0	3,3,3,3	3,3,3,2	7,8,7,7	12x11x29	4
11x12x30	2382	2382	0	0	0	3,3,3,3	3,3,3,2	7,8,8,7	12x11x30	4
11x12x31	2457	2457	0	0	0	3,3,3,3	3,3,3,2	7,8,8,8	12x11x31	4
11x12x32	2504	2504	0	0	0	3,3,3,3	3,3,3,2	8,8,8,8	12x11x32	4
11x13x13	1211	1211	0	0	0	3,4,3,3	3,3,3,2	3,4,3,3	13x11x13	4
11x13x14	1301	1301	0	0	0	3,4,3,3	3,3,3,2	3,4,4,3	13x11x14	4
11x13x15	1379	1379	0	0	0	3,4,3,3	3,3,3,2	3,4,4,4	13x11x15	4
11x13x16	1423	1423	0	0	0	3,4,3,3	3,3,3,2	4,4,4,4	13x11x16	4
11x13x17	1535	1535	0	0	0	3,4,3,3	3,3,3,2	4,5,4,4	13x11x17	4
11x13x18	1634	1634	0	0	0	3,4,3,3	3,3,3,2	4,5,5,4	13x11x18	4
11x13x19	1719	1719	0	0	0	3,4,3,3	3,3,3,2	4,5,5,5	13x11x19	4
11x13x20	1768	1768	0	0	0	3,4,3,3	3,3,3,2	5,5,5,5	13x11x20	4
11x13x21	1864	1864	0	0	0	3,4,3,3	3,3,3,2	5,6,5,5	13x11x21	4
11x13x22	1946	1946	0	0	0	3,4,3,3	3,3,3,2	5,6,6,5	13x11x22	4
11x13x23	2016	2016	0	0	0	3,4,3,3	3,3,3,2	5,6,6,6	13x11x23	4
11x13x24	2058	2058	0	0	0	3,4,3,3	3,3,3,2	6,6,6,6	13x11x24	4
11x13x25	2172	2172	0	0	0	3,4,3,3	3,3,3,2	6,7,6,6	13x11x25	4
11x13x26	2273	2272	1	1	0	3,4,3,3	3,3,3,2	6,7,7,6	13x11x26	4
11x13x27	2361	2359	2	2	0	3,4,3,3	3,3,3,2	6,7,7,7	13x11x27	4
11x13x28	2411	2411	0	0	0	3,4,3,3	3,3,3,2	7,7,7,7	13x11x28	4
11x13x29	2522	2522	0	0	0	3,4,3,3	3,3,3,2	7,8,7,7	13x11x29	4
11x13x30	2619	2619	0	0	0	3,4,3,3	3,3,3,2	7,8,8,7	13x11x30	4
11x13x31	2703	2703	0	0	0	3,4,3,3	3,3,3,2	7,8,8,8	13x11x31	4
11x13x32	2752	2752	0	0	0	3,4,3,3	3,3,3,2	8,8,8,8	13x11x32	4
11x14x14	1397	1397	0	0	0	3,4,4,3	3,3,3,2	3,4,4,3	14x11x14	4
11x14x15	1487	1487	0	0	0	3,4,4,3	3,3,3,2	3,4,4,4	14x11x15	4
11x14x16	1534	1534	0	0	0	3,4,4,3	3,3,3,2	4,4,4,4	14x11x16	4
11x14x17	1658	1658	0	0	0	3,4,4,3	3,3,3,2	4,5,4,4	14x11x17	4
11x14x18	1761	1761	0	0	0	3,4,4,3	3,3,3,2	4,5,5,4	14x11x18	4
11x14x19	1854	1854	0	0	0	3,4,4,3	3,3,3,2	4,5,5,5	14x11x19	4
11x14x20	1905	1905	0	0	0	3,4,4,3	3,3,3,2	5,5,5,5	14x11x20	4
11x14x21	2007	2007	0	0	0	3,4,4,3	3,3,3,2	5,6,5,5	14x11x21	4
11x14x22	2091	2091	0	0	0	3,4,4,3	3,3,3,2	5,6,6,5	14x11x22	4
11x14x23	2165	2165	0	0	0	3,4,4,3	3,3,3,2	5,6,6,6	14x11x23	4
11x14x24	2208	2208	0	0	0	3,4,4,3	3,3,3,2	6,6,6,6	14x11x24	4
11x14x25	2336	2335	1	1	0	3,4,4,3	3,3,3,2	6,7,6,6	14x11x25	4
11x14x26	2443	2441	2	2	0	3,4,4,3	3,3,3,2	6,7,7,6	14x11x26	4
11x14x27	2543	2539	4	4	0	3,4,4,3	3,3,3,2	6,7,7,7	14x11x27	4
11x14x28	2596	2596	0	0	0	3,4,4,3	3,3,3,2	7,7,7,7	14x11x28	4
11x14x29	2717	2717	0	0	0	3,4,4,3	3,3,3,2	7,8,7,7	14x11x29	4
11x14x30	2818	2818	0	0	0	3,4,4,3	3,3,3,2	7,8,8,7	14x11x30	4
11x14x31	2910	2910	0	0	0	3,4,4,3	3,3,3,2	7,8,8,8	14x11x31	4
11x14x32	2961	2961	0	0	0	3,4,4,3	3,3,3,2	8,8,8,8	14x11x32	4
11x15x15	1580	1580	0	0	0	3,4,4,4	3,3,3,2	3,4,4,4	15x11x15	4
11x15x16	1630	1630	0	0	0	3,4,4,4	3,3,3,2	4,4,4,4	15x11x16	4
11x15x17	1764	1764	0	0	0	3,4,4,4	3,3,3,2	4,5,4,4	15x11x17	4
11x15x18	1875	1875	0	0	0	3,4,4,4	3,3,3,2	4,5,5,4	15x11x18	4
11x15x19	1970	1970	0	0	0	3,4,4,4	3,3,3,2	4,5,5,5	15x11x19	4
11x15x20	2023	2023	0	0	0	3,4,4,4	3,3,3,2	5,5,5,5	15x11x20	4
11x15x21	2130	2130	0	0	0	3,4,4,4	3,3,3,2	5,6,5,5	15x11x21	4
11x15x22	2218	2218	0	0	0	3,4,4,4	3,3,3,2	5,6,6,5	15x11x22	4
11x15x23	2293	2293	0	0	0	3,4,4,4	3,3,3,2	5,6,6,6	15x11x23	4
11x15x24	2337	2337	0	0	0	3,4,4,4	3,3,3,2	6,6,6,6	15x11x24	4
11x15x25	2478	2476	2	2	0	3,4,4,4	3,3,3,2	6,7,6,6	15x11x25	4
11x15x26	2597	2593	4	4	0	3,4,4,4	3,3,3,2	6,7,7,6	15x11x26	4
11x15x27	2700	2694	6	6	0	3,4,4,4	3,3,3,2	6,7,7,7	15x11x27	4
11x15x28	2756	2756	0	0	0	3,4,4,4	3,3,3,2	7,7,7,7	15x11x28	4
11x15x29	2886	2886	0	0	0	3,4,4,4	3,3,3,2	7,8,7,7	15x11x29	4
11x15x30	2995	2995	0	0	0	3,4,4,4	3,3,3,2	7,8,8,7	15x11x30	4
11x15x31	3089	3089	0	0	0	3,4,4,4	3,3,3,2	7,8,8,8	15x11x31	4
11x15x32	3142	3142	0	0	0	3,4,4,4	3,3,3,2	8,8,8,8	15x11x32	4
11x16x16	1690	1690	0	0	0	4,4,4,4	3,3,3,2	4,4,4,4	16x11x16	4
11x16x17	1826	1826	0	0	0	4,4,4,4	3,3,3,2	4,5,4,4	16x11x17	4
11x16x18	1939	1939	0	0	0	4,4,4,4	3,3,3,2	4,5,5,4	16x11x18	4
11x16x19	2036	2036	0	0	0	4,4,4,4	3,3,3,2	4,5,5,5	16x11x19	4
11x16x20	2097	2097	0	0	0	4,4,4,4	3,3,3,2	5,5,5,5	16x11x20	4
11x16x21	2205	2205	0	0	0	4,4,4,4	3,3,3,2	5,6,5,5	16x11x21	4
11x16x22	2294	2294	0	0	0	4,4,4,4	3,3,3,2	5,6,6,5	16x11x22	4
11x16x23	2370	2370	0	0	0	4,4,4,4	3,3,3,2	5,6,6,6	16x11x23	4
11x16x24	2418	2418	0	0	0	4,4,4,4	3,3,3,2	6,6,6,6	16x11x24	4
11x16x25	2562	2562	0	0	0	4,4,4,4	3,3,3,2	6,7,6,6	16x11x25	4
11x16x26	2684	2684	0	0	0	4,4,4,4	3,3,3,2	6,7,7,6	16x11x26	4
11x16x27	2790	2790	0	0	0	4,4,4,4	3,3,3,2	6,7,7,7	16x11x27	4
11x16x28	2856	2856	0	0	0	4,4,4,4	3,3,3,2	7,7,7,7	16x11x28	4
11x16x29	2988	2988	0	0	0	4,4,4,4	3,3,3,2	7,8,7,7	16x11x29	4
11x16x30	3099	3099	0	0	0	4,4,4,4	3,3,3,2	7,8,8,7	16x11x30	4
11x16x31	3195	3195	0	0	0	4,4,4,4	3,3,3,2	7,8,8,8	16x11x31	4
11x16x32	3255	3255	0	0	0	4,4,4,4	3,3,3,2	8,8,8,8	16x11x32	4
11x17x17	1968	1968	0	0	0	4,5,4,4	3,3,3,2	4,5,4,4	17x11x17	4
11x17x18	2089	2087	2	2	0	4,5,4,4	3,3,3,2	4,5,5,4	17x11x18	4
11x17x19	2194	2190	4	4	0	4,5,4,4	3,3,3,2	4,5,5,5	17x11x19	4
11x17x20	2257	2257	0	0	0	4,5,4,4	3,3,3,2	5,5,5,5	17x11x20	4
11x17x21	2375	2375	0	0	0	4,5,4,4	3,3,3,2	5,6,5,5	17x11x21	4
11x17x22	2478	2478	0	0	0	4,5,4,4	3,3,3,2	5,6,6,5	17x11x22	4
11x17x23	2567	2567	0	0	0	4,5,4,4	3,3,3,2	5,6,6,6	17x11x23	4
11x17x24	2618	2618	0	0	0	4,5,4,4	3,3,3,2	6,6,6,6	17x11x24	4
11x17x25	2767	2767	0	0	0	4,5,4,4	3,3,3,2	6,7,6,6	17x11x25	4
11x17x26	2897	2897	0	0	0	4,5,4,4	3,3,3,2	6,7,7,6	17x11x26	4
11x17x27	3009	3009	0	0	0	4,5,4,4	3,3,3,2	6,7,7,7	17x11x27	4
11x17x28	3076	3076	0	0	0	4,5,4,4	3,3,3,2	7,7,7,7	17x11x28	4
11x17x29	3216	3216	0	0	0	4,5,4,4	3,3,3,2	7,8,7,7	17x11x29	4
11x17x30	3339	3339	0	0	0	4,5,4,4	3,3,3,2	7,8,8,7	17x11x30	4
11x17x31	3445	3445	0	0	0	4,5,4,4	3,3,3,2	7,8,8,8	17x11x31	4
11x17x32	3507	3507	0	0	0	4,5,4,4	3,3,3,2	8,8,8,8	17x11x32	4
11x18x18	2214	2210	4	4	0	4,5,5,4	3,3,3,2	4,5,5,4	18x11x18	4
11x18x19	2327	2319	8	8	0	4,5,5,4	3,3,3,2	4,5,5,5	18x11x19	4
11x18x20	2392	2392	0	0	0	4,5,5,4	3,3,3,2	5,5,5,5	18x11x20	4
11x18x21	2524	2524	0	0	0	4,5,5,4	3,3,3,2	5,6,5,5	18x11x21	4
11x18x22	2633	2633	0	0	0	4,5,5,4	3,3,3,2	5,6,6,5	18x11x22	4
11x18x23	2734	2734	0	0	0	4,5,5,4	3,3,3,2	5,6,6,6	18x11x23	4
11x18x24	2788	2788	0	0	0	4,5,5,4	3,3,3,2	6,6,6,6	18x11x24	4
11x18x25	2945	2945	0	0	0	4,5,5,4	3,3,3,2	6,7,6,6	18x11x25	4
11x18x26	3077	3077	0	0	0	4,5,5,4	3,3,3,2	6,7,7,6	18x11x26	4
11x18x27	3193	3193	0	0	0	4,5,5,4	3,3,3,2	6,7,7,7	18x11x27	4
11x18x28	3261	3261	0	0	0	4,5,5,4	3,3,3,2	7,7,7,7	18x11x28	4
11x18x29	3413	3413	0	0	0	4,5,5,4	3,3,3,2	7,8,7,7	18x11x29	4
11x18x30	3540	3540	0	0	0	4,5,5,4	3,3,3,2	7,8,8,7	18x11x30	4
11x18x31	3654	3654	0	0	0	4,5,5,4	3,3,3,2	7,8,8,8	18x11x31	4
11x18x32	3718	3718	0	0	0	4,5,5,4	3,3,3,2	8,8,8,8	18x11x32	4
11x19x19	2442	2430	12	12	0	4,5,5,5	3,3,3,2	4,5,5,5	19x11x19	4
11x19x20	2509	2509	0	0	0	4,5,5,5	3,3,3,2	5,5,5,5	19x11x20	4
11x19x21	2654	2654	0	0	0	4,5,5,5	3,3,3,2	5,6,5,5	19x11x21	4
11x19x22	2775	2775	0	0	0	4,5,5,5	3,3,3,2	5,6,6,5	19x11x22	4
11x19x23	2879	2879	0	0	0	4,5,5,5	3,3,3,2	5,6,6,6	19x11x23	4
11x19x24	2936	2936	0	0	0	4,5,5,5	3,3,3,2	6,6,6,6	19x11x24	4
11x19x25	3099	3099	0	0	0	4,5,5,5	3,3,3,2	6,7,6,6	19x11x25	4
11x19x26	3235	3235	0	0	0	4,5,5,5	3,3,3,2	6,7,7,6	19x11x26	4
11x19x27	3352	3352	0	0	0	4,5,5,5	3,3,3,2	6,7,7,7	19x11x27	4
11x19x28	3421	3421	0	0	0	4,5,5,5	3,3,3,2	7,7,7,7	19x11x28	4
11x19x29	3583	3583	0	0	0	4,5,5,5	3,3,3,2	7,8,7,7	19x11x29	4
11x19x30	3718	3718	0	0	0	4,5,5,5	3,3,3,2	7,8,8,7	19x11x30	4
11x19x31	3834	3834	0	0	0	4,5,5,5	3,3,3,2	7,8,8,8	19x11x31	4
11x19x32	3900	3900	0	0	0	4,5,5,5	3,3,3,2	8,8,8,8	19x11x32	4
11x20x20	2582	2582	0	0	0	5,5,5,5	3,3,3,2	5,5,5,5	20x11x20	4
11x20x21	2730	2730	0	0	0	5,5,5,5	3,3,3,2	5,6,5,5	20x11x21	4
11x20x22	2854	2854	0	0	0	5,5,5,5	3,3,3,2	5,6,6,5	20x11x22	4
11x20x23	2961	2961	0	0	0	5,5,5,5	3,3,3,2	5,6,6,6	20x11x23	4
11x20x24	3028	3028	0	0	0	5,5,5,5	3,3,3,2	6,6,6,6	20x11x24	4
11x20x25	3192	3192	0	0	0	5,5,5,5	3,3,3,2	6,7,6,6	20x11x25	4
11x20x26	3329	3329	0	0	0	5,5,5,5	3,3,3,2	6,7,7,6	20x11x26	4
11x20x27	3447	3447	0	0	0	5,5,5,5	3,3,3,2	6,7,7,7	20x11x27	4
11x20x28	3521	3521	0	0	0	5,5,5,5	3,3,3,2	7,7,7,7	20x11x28	4
11x20x29	3685	3685	0	0	0	5,5,5,5	3,3,3,2	7,8,7,7	20x11x29	4
11x20x30	3822	3822	0	0	0	5,5,5,5	3,3,3,2	7,8,8,7	20x11x30	4
11x20x31	3940	3940	0	0	0	5,5,5,5	3,3,3,2	7,8,8,8	20x11x31	4
11x20x32	4014	4014	0	0	0	5,5,5,5	3,3,3,2	8,8,8,8	20x11x32	4
11x21x21	2892	2892	0	0	0	5,6,5,5	3,3,3,2	5,6,5,5	21x11x21	4
11x21x22	3036	3036	0	0	0	5,6,5,5	3,3,3,2	5,6,6,5	21x11x22	4
11x21x23	3161	3161	0	0	0	5,6,5,5	3,3,3,2	5,6,6,6	21x11x23	4
11x21x24	3232	3232	0	0	0	5,6,5,5	3,3,3,2	6,6,6,6	21x11x24	4
11x21x25	3407	3407	0	0	0	5,6,5,5	3,3,3,2	6,7,6,6	21x11x25	4
11x21x26	3560	3560	0	0	0	5,6,5,5	3,3,3,2	6,7,7,6	21x11x26	4
11x21x27	3692	3692	0	0	0	5,6,5,5	3,3,3,2	6,7,7,7	21x11x27	4
11x21x28	3769	3769	0	0	0	5,6,5,5	3,3,3,2	7,7,7,7	21x11x28	4
11x21x29	3937	3937	0	0	0	5,6,5,5	3,3,3,2	7,8,7,7	21x11x29	4
11x21x30	4080	4080	0	0	0	5,6,5,5	3,3,3,2	7,8,8,7	21x11x30	4
11x21x31	4203	4203	0	0	0	5,6,5,5	3,3,3,2	7,8,8,8	21x11x31	4
11x21x32	4278	4278	0	0	0	5,6,5,5	3,3,3,2	8,8,8,8	21x11x32	4
11x22x22	3188	3188	0	0	0	5,6,6,5	3,3,3,2	5,6,6,5	22x11x22	4
11x22x23	3329	3329	0	0	0	5,6,6,5	3,3,3,2	5,6,6,6	22x11x23	4
11x22x24	3404	3404	0	0	0	5,6,6,5	3,3,3,2	6,6,6,6	22x11x24	4
11x22x25	3595	3595	0	0	0	5,6,6,5	3,3,3,2	6,7,6,6	22x11x25	4
11x22x26	3754	3754	0	0	0	5,6,6,5	3,3,3,2	6,7,7,6	22x11x26	4
11x22x27	3898	3898	0	0	0	5,6,6,5	3,3,3,2	6,7,7,7	22x11x27	4
11x22x28	3978	3978	0	0	0	5,6,6,5	3,3,3,2	7,7,7,7	22x11x28	4
11x22x29	4152	4152	0	0	0	5,6,6,5	3,3,3,2	7,8,7,7	22x11x29	4
11x22x30	4297	4297	0	0	0	5,6,6,5	3,3,3,2	7,8,8,7	22x11x30	4
11x22x31	4424	4424	0	0	0	5,6,6,5	3,3,3,2	7,8,8,8	22x11x31	4
11x22x32	4500	4500	0	0	0	5,6,6,5	3,3,3,2	8,8,8,8	22x11x32	4
11x23x23	3474	3474	0	0	0	5,6,6,6	3,3,3,2	5,6,6,6	23x11x23	4
11x23x24	3553	3553	0	0	0	5,6,6,6	3,3,3,2	6,6,6,6	23x11x24	4
11x23x25	3758	3758	0	0	0	5,6,6,6	3,3,3,2	6,7,6,6	23x11x25	4
11x23x26	3929	3929	0	0	0	5,6,6,6	3,3,3,2	6,7,7,6	23x11x26	4
11x23x27	4076	4076	0	0	0	5,6,6,6	3,3,3,2	6,7,7,7	23x11x27	4
11x23x28	4159	4159	0	0	0	5,6,6,6	3,3,3,2	7,7,7,7	23x11x28	4
11x23x29	4338	4338	0	0	0	5,6,6,6	3,3,3,2	7,8,7,7	23x11x29	4
11x23x30	4487	4487	0	0	0	5,6,6,6	3,3,3,2	7,8,8,7	23x11x30	4
11x23x31	4615	4615	0	0	0	5,6,6,6	3,3,3,2	7,8,8,8	23x11x31	4
11x23x32	4692	4692	0	0	0	5,6,6,6	3,3,3,2	8,8,8,8	23x11x32	4
11x24x24	3646	3646	0	0	0	6,6,6,6	3,3,3,2	6,6,6,6	24x11x24	4
11x24x25	3854	3854	0	0	0	6,6,6,6	3,3,3,2	6,7,6,6	24x11x25	4
11x24x26	4028	4028	0	0	0	6,6,6,6	3,3,3,2	6,7,7,6	24x11x26	4
11x24x27	4178	4178	0	0	0	6,6,6,6	3,3,3,2	6,7,7,7	24x11x27	4
11x24x28	4272	4272	0	0	0	6,6,6,6	3,3,3,2	7,7,7,7	24x11x28	4
11x24x29	4452	4452	0	0	0	6,6,6,6	3,3,3,2	7,8,7,7	24x11x29	4
11x24x30	4602	4602	0	0	0	6,6,6,6	3,3,3,2	7,8,8,7	24x11x30	4
11x24x31	4731	4731	0	0	0	6,6,6,6	3,3,3,2	7,8,8,8	24x11x31	4
11x24x32	4812	4812	0	0	0	6,6,6,6	3,3,3,2	8,8,8,8	24x11x32	4
11x25x25	4065	4065	0	0	0	6,7,6,6	3,3,3,2	6,7,6,6	25x11x25	4
11x25x26	4243	4243	0	0	0	6,7,6,6	3,3,3,2	6,7,7,6	25x11x26	4
11x25x27	4397	4397	0	0	0	6,7,6,6	3,3,3,2	6,7,7,7	25x11x27	4
11x25x28	4492	4492	0	0	0	6,7,6,6	3,3,3,2	7,7,7,7	25x11x28	4
11x25x29	4690	4690	0	0	0	6,7,6,6	3,3,3,2	7,8,7,7	25x11x29	4
11x25x30	4866	4865	1	1	0	6,7,6,6	3,3,3,2	7,8,8,7	25x11x30	4
11x25x31	5018	5016	2	2	0	6,7,6,6	3,3,3,2	7,8,8,8	25x11x31	4
11x25x32	5104	5104	0	0	0	6,7,6,6	3,3,3,2	8,8,8,8	25x11x32	4
11x26x26	4423	4423	0	0	0	6,7,7,6	3,3,3,2	6,7,7,6	26x11x26	4
11x26x27	4581	4581	0	0	0	6,7,7,6	3,3,3,2	6,7,7,7	26x11x27	4
11x26x28	4677	4677	0	0	0	6,7,7,6	3,3,3,2	7,7,7,7	26x11x28	4
11x26x29	4901	4900	1	1	0	6,7,7,6	3,3,3,2	7,8,7,7	26x11x29	4
11x26x30	5087	5085	2	2	0	6,7,7,6	3,3,3,2	7,8,8,7	26x11x30	4
11x26x31	5259	5255	4	4	0	6,7,7,6	3,3,3,2	7,8,8,8	26x11x31	4
11x26x32	5350	5350	0	0	0	6,7,7,6	3,3,3,2	8,8,8,8	26x11x32	4
11x27x27	4740	4740	0	0	0	6,7,7,7	3,3,3,2	6,7,7,7	27x11x27	4
11x27x28	4837	4837	0	0	0	6,7,7,7	3,3,3,2	7,7,7,7	27x11x28	4
11x27x29	5084	5082	2	2	0	6,7,7,7	3,3,3,2	7,8,7,7	27x11x29	4
11x27x30	5290	5286	4	4	0	6,7,7,7	3,3,3,2	7,8,8,7	27x11x30	4
11x27x31	5467	5461	6	6	0	6,7,7,7	3,3,3,2	7,8,8,8	27x11x31	4
11x27x32	5563	5563	0	0	0	6,7,7,7	3,3,3,2	8,8,8,8	27x11x32	4
11x28x28	4937	4937	0	0	0	7,7,7,7	3,3,3,2	7,7,7,7	28x11x28	4
11x28x29	5189	5189	0	0	0	7,7,7,7	3,3,3,2	7,8,7,7	28x11x29	4
11x28x30	5400	5400	0	0	0	7,7,7,7	3,3,3,2	7,8,8,7	28x11x30	4
11x28x31	5582	5582	0	0	0	7,7,7,7	3,3,3,2	7,8,8,8	28x11x31	4
11x28x32	5696	5696	0	0	0	7,7,7,7	3,3,3,2	8,8,8,8	28x11x32	4
11x29x29	5444	5444	0	0	0	7,8,7,7	3,3,3,2	7,8,7,7	29x11x29	4
11x29x30	5659	5659	0	0	0	7,8,7,7	3,3,3,2	7,8,8,7	29x11x30	4
11x29x31	5845	5845	0	0	0	7,8,7,7	3,3,3,2	7,8,8,8	29x11x31	4
11x29x32	5960	5960	0	0	0	7,8,7,7	3,3,3,2	8,8,8,8	29x11x32	4
11x30x30	5876	5876	0	0	0	7,8,8,7	3,3,3,2	7,8,8,7	30x11x30	4
11x30x31	6066	6066	0	0	0	7,8,8,7	3,3,3,2	7,8,8,8	30x11x31	4
11x30x32	6182	6182	0	0	0	7,8,8,7	3,3,3,2	8,8,8,8	30x11x32	4
11x31x31	6257	6257	0	0	0	7,8,8,8	3,3,3,2	7,8,8,8	31x11x31	4
11x31x32	6374	6374	0	0	0	7,8,8,8	3,3,3,2	8,8,8,8	31x11x32	4
11x32x32	6494	6494	0	0	0	8,8,8,8	3,3,3,2	8,8,8,8	32x11x32	4
SUMMARY	checked=1154	improved=158	max_reduction=12
