target	d450_formula	d450_exact	d450_reduction	d677_formula	d677_exact	d677_reduction	d677_exact_gain
8x8x8	329	329	0	329	329	0	0
8x8x9	393	393	0	393	393	0	0
8x8x10	445	445	0	445	445	0	0
8x8x11	485	485	0	485	485	0	0
8x8x12	517	517	0	517	517	0	0
8x8x13	565	565	0	565	565	0	0
8x8x14	604	604	0	604	604	0	0
8x8x15	634	634	0	634	634	0	0
8x8x16	658	658	0	658	658	0	0
8x8x17	722	722	0	722	722	0	0
8x8x18	774	774	0	774	774	0	0
8x8x19	814	814	0	814	814	0	0
8x8x20	846	846	0	846	846	0	0
8x8x21	894	894	0	894	894	0	0
8x8x22	933	933	0	933	933	0	0
8x8x23	963	963	0	963	963	0	0
8x8x24	987	987	0	987	987	0	0
8x8x25	1051	1051	0	1051	1051	0	0
8x8x26	1103	1103	0	1103	1103	0	0
8x8x27	1143	1143	0	1143	1143	0	0
8x8x28	1175	1175	0	1175	1175	0	0
8x8x29	1223	1223	0	1223	1223	0	0
8x8x30	1262	1262	0	1262	1262	0	0
8x8x31	1292	1292	0	1292	1292	0	0
8x8x32	1316	1316	0	1316	1316	0	0
8x9x9	457	457	0	465	465	0	-8
8x9x10	509	509	0	517	517	0	-8
8x9x11	549	549	0	557	557	0	-8
8x9x12	581	581	0	581	581	0	0
8x9x13	637	637	0	643	643	0	-6
8x9x14	684	684	0	692	692	0	-8
8x9x15	722	722	0	728	728	0	-6
8x9x16	754	754	0	754	754	0	0
8x9x17	822	822	0	830	830	0	-8
8x9x18	878	878	0	890	890	0	-12
8x9x19	922	922	0	930	930	0	-8
8x9x20	958	958	0	958	958	0	0
8x9x21	1014	1014	0	1020	1020	0	-6
8x9x22	1061	1061	0	1070	1070	0	-9
8x9x23	1099	1099	0	1105	1105	0	-6
8x9x24	1131	1131	0	1131	1131	0	0
8x9x25	1199	1199	0	1207	1207	0	-8
8x9x26	1255	1255	0	1267	1267	0	-12
8x9x27	1299	1299	0	1307	1307	0	-8
8x9x28	1335	1335	0	1335	1335	0	0
8x9x29	1391	1391	0	1397	1397	0	-6
8x9x30	1438	1438	0	1447	1447	0	-9
8x9x31	1476	1476	0	1482	1482	0	-6
8x9x32	1508	1508	0	1508	1508	0	0
8x10x10	561	561	0	573	573	0	-12
8x10x11	601	601	0	609	609	0	-8
8x10x12	633	633	0	633	633	0	0
8x10x13	697	697	0	703	703	0	-6
8x10x14	754	754	0	765	765	0	-11
8x10x15	796	796	0	804	804	0	-8
8x10x16	832	832	0	832	832	0	0
8x10x17	904	904	0	912	912	0	-8
8x10x18	965	965	0	978	978	0	-13
8x10x19	1011	1011	0	1020	1020	0	-9
8x10x20	1049	1049	0	1049	1049	0	0
8x10x21	1113	1113	0	1119	1119	0	-6
8x10x22	1170	1170	0	1181	1181	0	-11
8x10x23	1212	1212	0	1220	1220	0	-8
8x10x24	1248	1248	0	1248	1248	0	0
8x10x25	1320	1320	0	1328	1328	0	-8
8x10x26	1381	1381	0	1394	1394	0	-13
8x10x27	1427	1427	0	1436	1436	0	-9
8x10x28	1465	1465	0	1465	1465	0	0
8x10x29	1529	1529	0	1535	1535	0	-6
8x10x30	1586	1586	0	1597	1597	0	-11
8x10x31	1628	1628	0	1636	1636	0	-8
8x10x32	1664	1664	0	1664	1664	0	0
8x11x11	645	645	0	649	649	0	-4
8x11x12	673	673	0	673	673	0	0
8x11x13	745	745	0	753	753	0	-8
8x11x14	806	806	0	816	816	0	-10
8x11x15	859	859	0	862	862	0	-3
8x11x16	892	892	0	892	892	0	0
8x11x17	968	968	0	978	978	0	-10
8x11x18	1031	1031	0	1044	1044	0	-13
8x11x19	1085	1085	0	1089	1089	0	-4
8x11x20	1119	1119	0	1119	1119	0	0
8x11x21	1191	1191	0	1201	1201	0	-10
8x11x22	1252	1252	0	1267	1267	0	-15
8x11x23	1305	1305	0	1308	1308	0	-3
8x11x24	1338	1338	0	1338	1338	0	0
8x11x25	1414	1414	0	1424	1424	0	-10
8x11x26	1477	1477	0	1492	1492	0	-15
8x11x27	1531	1531	0	1535	1535	0	-4
8x11x28	1565	1565	0	1565	1565	0	0
8x11x29	1637	1637	0	1647	1647	0	-10
8x11x30	1698	1698	0	1713	1713	0	-15
8x11x31	1751	1751	0	1754	1754	0	-3
8x11x32	1784	1784	0	1784	1784	0	0
8x12x12	705	705	0	705	705	0	0
8x12x13	785	785	0	785	785	0	0
8x12x14	850	850	0	850	850	0	0
8x12x15	900	900	0	900	900	0	0
8x12x16	940	940	0	940	940	0	0
8x12x17	1020	1020	0	1020	1020	0	0
8x12x18	1085	1085	0	1085	1085	0	0
8x12x19	1135	1135	0	1135	1135	0	0
8x12x20	1175	1175	0	1175	1175	0	0
8x12x21	1255	1255	0	1255	1255	0	0
8x12x22	1320	1320	0	1320	1320	0	0
8x12x23	1370	1370	0	1370	1370	0	0
8x12x24	1410	1410	0	1410	1410	0	0
8x12x25	1490	1490	0	1490	1490	0	0
8x12x26	1555	1555	0	1555	1555	0	0
8x12x27	1605	1605	0	1605	1605	0	0
8x12x28	1645	1645	0	1645	1645	0	0
8x12x29	1725	1725	0	1725	1725	0	0
8x12x30	1790	1790	0	1790	1790	0	0
8x12x31	1840	1840	0	1840	1840	0	0
8x12x32	1880	1880	0	1880	1880	0	0
8x13x13	869	869	0	879	879	0	-10
8x13x14	938	938	0	948	948	0	-10
8x13x15	992	992	0	1002	1002	0	-10
8x13x16	1036	1036	0	1036	1036	0	0
8x13x17	1124	1124	0	1134	1134	0	-10
8x13x18	1197	1197	0	1209	1209	0	-12
8x13x19	1255	1255	0	1265	1265	0	-10
8x13x20	1303	1303	0	1303	1303	0	0
8x13x21	1387	1387	0	1397	1397	0	-10
8x13x22	1456	1456	0	1471	1471	0	-15
8x13x23	1510	1510	0	1520	1520	0	-10
8x13x24	1554	1554	0	1554	1554	0	0
8x13x25	1638	1638	0	1648	1648	0	-10
8x13x26	1707	1707	0	1722	1722	0	-15
8x13x27	1761	1761	0	1771	1771	0	-10
8x13x28	1805	1805	0	1805	1805	0	0
8x13x29	1889	1889	0	1899	1899	0	-10
8x13x30	1958	1958	0	1973	1973	0	-15
8x13x31	2012	2012	0	2022	2022	0	-10
8x13x32	2056	2056	0	2056	2056	0	0
8x14x14	1012	1012	0	1028	1028	0	-16
8x14x15	1068	1068	0	1079	1079	0	-11
8x14x16	1114	1114	0	1114	1114	0	0
8x14x17	1210	1210	0	1220	1220	0	-10
8x14x18	1293	1293	0	1310	1310	0	-17
8x14x19	1355	1355	0	1367	1367	0	-12
8x14x20	1407	1407	0	1407	1407	0	0
8x14x21	1495	1495	0	1505	1505	0	-10
8x14x22	1569	1569	0	1585	1585	0	-16
8x14x23	1625	1625	0	1636	1636	0	-11
8x14x24	1671	1671	0	1671	1671	0	0
8x14x25	1759	1759	0	1769	1769	0	-10
8x14x26	1833	1833	0	1849	1849	0	-16
8x14x27	1889	1889	0	1900	1900	0	-11
8x14x28	1935	1935	0	1935	1935	0	0
8x14x29	2023	2023	0	2033	2033	0	-10
8x14x30	2097	2097	0	2113	2113	0	-16
8x14x31	2153	2153	0	2164	2164	0	-11
8x14x32	2199	2199	0	2199	2199	0	0
8x15x15	1133	1133	0	1138	1138	0	-5
8x15x16	1174	1174	0	1174	1174	0	0
8x15x17	1278	1278	0	1290	1290	0	-12
8x15x18	1365	1365	0	1379	1379	0	-14
8x15x19	1440	1440	0	1445	1445	0	-5
8x15x20	1487	1487	0	1487	1487	0	0
8x15x21	1579	1579	0	1591	1591	0	-12
8x15x22	1655	1655	0	1672	1672	0	-17
8x15x23	1720	1720	0	1725	1725	0	-5
8x15x24	1761	1761	0	1761	1761	0	0
8x15x25	1853	1853	0	1865	1865	0	-12
8x15x26	1929	1929	0	1947	1947	0	-18
8x15x27	1994	1994	0	1999	1999	0	-5
8x15x28	2035	2035	0	2035	2035	0	0
8x15x29	2127	2127	0	2139	2139	0	-12
8x15x30	2203	2203	0	2221	2221	0	-18
8x15x31	2268	2268	0	2273	2273	0	-5
8x15x32	2309	2309	0	2309	2309	0	0
8x16x16	1222	1222	0	1222	1222	0	0
8x16x17	1334	1334	0	1334	1334	0	0
8x16x18	1425	1425	0	1425	1425	0	0
8x16x19	1495	1495	0	1495	1495	0	0
8x16x20	1551	1551	0	1551	1551	0	0
8x16x21	1647	1647	0	1647	1647	0	0
8x16x22	1725	1725	0	1725	1725	0	0
8x16x23	1785	1785	0	1785	1785	0	0
8x16x24	1833	1833	0	1833	1833	0	0
8x16x25	1929	1929	0	1929	1929	0	0
8x16x26	2007	2007	0	2007	2007	0	0
8x16x27	2067	2067	0	2067	2067	0	0
8x16x28	2115	2115	0	2115	2115	0	0
8x16x29	2211	2211	0	2211	2211	0	0
8x16x30	2289	2289	0	2289	2289	0	0
8x16x31	2349	2349	0	2349	2349	0	0
8x16x32	2397	2397	0	2397	2397	0	0
8x17x17	1446	1446	0	1460	1460	0	-14
8x17x18	1537	1537	0	1551	1551	0	-14
8x17x19	1607	1607	0	1621	1621	0	-14
8x17x20	1663	1663	0	1663	1663	0	0
8x17x21	1763	1763	0	1775	1775	0	-12
8x17x22	1845	1845	0	1859	1859	0	-14
8x17x23	1909	1909	0	1921	1921	0	-12
8x17x24	1961	1961	0	1961	1961	0	0
8x17x25	2065	2065	0	2077	2077	0	-12
8x17x26	2151	2151	0	2167	2167	0	-16
8x17x27	2219	2219	0	2231	2231	0	-12
8x17x28	2275	2275	0	2275	2275	0	0
8x17x29	2379	2379	0	2391	2391	0	-12
8x17x30	2465	2465	0	2483	2483	0	-18
8x17x31	2533	2533	0	2545	2545	0	-12
8x17x32	2589	2589	0	2589	2589	0	0
8x18x18	1628	1628	0	1649	1649	0	-21
8x18x19	1698	1698	0	1712	1712	0	-14
8x18x20	1754	1754	0	1754	1754	0	0
8x18x21	1858	1858	0	1870	1870	0	-12
8x18x22	1945	1945	0	1964	1964	0	-19
8x18x23	2011	2011	0	2024	2024	0	-13
8x18x24	2065	2065	0	2065	2065	0	0
8x18x25	2177	2177	0	2189	2189	0	-12
8x18x26	2273	2273	0	2293	2293	0	-20
8x18x27	2345	2345	0	2359	2359	0	-14
8x18x28	2405	2405	0	2405	2405	0	0
8x18x29	2517	2517	0	2529	2529	0	-12
8x18x30	2613	2613	0	2633	2633	0	-20
8x18x31	2685	2685	0	2699	2699	0	-14
8x18x32	2745	2745	0	2745	2745	0	0
8x19x19	1775	1775	0	1782	1782	0	-7
8x19x20	1824	1824	0	1824	1824	0	0
8x19x21	1932	1932	0	1946	1946	0	-14
8x19x22	2021	2021	0	2036	2036	0	-15
8x19x23	2097	2097	0	2103	2103	0	-6
8x19x24	2145	2145	0	2145	2145	0	0
8x19x25	2265	2265	0	2281	2281	0	-16
8x19x26	2365	2365	0	2383	2383	0	-18
8x19x27	2451	2451	0	2457	2457	0	-6
8x19x28	2505	2505	0	2505	2505	0	0
8x19x29	2625	2625	0	2641	2641	0	-16
8x19x30	2725	2725	0	2747	2747	0	-22
8x19x31	2811	2811	0	2817	2817	0	-6
8x19x32	2865	2865	0	2865	2865	0	0
8x20x20	1880	1880	0	1880	1880	0	0
8x20x21	1992	1992	0	1992	1992	0	0
8x20x22	2083	2083	0	2083	2083	0	0
8x20x23	2153	2153	0	2153	2153	0	0
8x20x24	2209	2209	0	2209	2209	0	0
8x20x25	2337	2337	0	2337	2337	0	0
8x20x26	2441	2441	0	2441	2441	0	0
8x20x27	2521	2521	0	2521	2521	0	0
8x20x28	2585	2585	0	2585	2585	0	0
8x20x29	2713	2713	0	2713	2713	0	0
8x20x30	2817	2817	0	2817	2817	0	0
8x20x31	2897	2897	0	2897	2897	0	0
8x20x32	2961	2961	0	2961	2961	0	0
8x21x21	2112	2112	0	2126	2126	0	-14
8x21x22	2211	2211	0	2225	2225	0	-14
8x21x23	2289	2289	0	2303	2303	0	-14
8x21x24	2353	2353	0	2353	2353	0	0
8x21x25	2489	2489	0	2505	2505	0	-16
8x21x26	2601	2601	0	2619	2619	0	-18
8x21x27	2689	2689	0	2705	2705	0	-16
8x21x28	2761	2761	0	2761	2761	0	0
8x21x29	2893	2893	0	2909	2909	0	-16
8x21x30	3001	3001	0	3023	3023	0	-22
8x21x31	3085	3085	0	3101	3101	0	-16
8x21x32	3153	3153	0	3153	3153	0	0
8x22x22	2320	2320	0	2343	2343	0	-23
8x22x23	2402	2402	0	2418	2418	0	-16
8x22x24	2470	2470	0	2470	2470	0	0
8x22x25	2614	2614	0	2630	2630	0	-16
8x22x26	2736	2736	0	2762	2762	0	-26
8x22x27	2828	2828	0	2846	2846	0	-18
8x22x28	2904	2904	0	2904	2904	0	0
8x22x29	3040	3040	0	3056	3056	0	-16
8x22x30	3153	3153	0	3178	3178	0	-25
8x22x31	3239	3239	0	3256	3256	0	-17
8x22x32	3309	3309	0	3309	3309	0	0
8x23x23	2499	2499	0	2506	2506	0	-7
8x23x24	2560	2560	0	2560	2560	0	0
8x23x25	2712	2712	0	2730	2730	0	-18
8x23x26	2838	2838	0	2858	2858	0	-20
8x23x27	2946	2946	0	2954	2954	0	-8
8x23x28	3014	3014	0	3014	3014	0	0
8x23x29	3154	3154	0	3172	3172	0	-18
8x23x30	3269	3269	0	3292	3292	0	-23
8x23x31	3367	3367	0	3375	3375	0	-8
8x23x32	3429	3429	0	3429	3429	0	0
8x24x24	2632	2632	0	2632	2632	0	0
8x24x25	2792	2792	0	2792	2792	0	0
8x24x26	2922	2922	0	2922	2922	0	0
8x24x27	3022	3022	0	3022	3022	0	0
8x24x28	3102	3102	0	3102	3102	0	0
8x24x29	3246	3246	0	3246	3246	0	0
8x24x30	3363	3363	0	3363	3363	0	0
8x24x31	3453	3453	0	3453	3453	0	0
8x24x32	3525	3525	0	3525	3525	0	0
8x25x25	2952	2952	0	2972	2972	0	-20
8x25x26	3082	3082	0	3102	3102	0	-20
8x25x27	3182	3182	0	3202	3202	0	-20
8x25x28	3262	3262	0	3262	3262	0	0
8x25x29	3418	3418	0	3436	3436	0	-18
8x25x30	3547	3547	0	3567	3567	0	-20
8x25x31	3649	3649	0	3667	3667	0	-18
8x25x32	3733	3733	0	3733	3733	0	0
8x26x26	3212	3212	0	3242	3242	0	-30
8x26x27	3312	3312	0	3332	3332	0	-20
8x26x28	3392	3392	0	3392	3392	0	0
8x26x29	3560	3560	0	3578	3578	0	-18
8x26x30	3704	3704	0	3734	3734	0	-30
8x26x31	3812	3812	0	3833	3833	0	-21
8x26x32	3902	3902	0	3902	3902	0	0
8x27x27	3422	3422	0	3432	3432	0	-10
8x27x28	3492	3492	0	3492	3492	0	0
8x27x29	3672	3672	0	3692	3692	0	-20
8x27x30	3822	3822	0	3845	3845	0	-23
8x27x31	3951	3951	0	3960	3960	0	-9
8x27x32	4032	4032	0	4032	4032	0	0
8x28x28	3572	3572	0	3572	3572	0	0
8x28x29	3764	3764	0	3764	3764	0	0
8x28x30	3920	3920	0	3920	3920	0	0
8x28x31	4040	4040	0	4040	4040	0	0
8x28x32	4136	4136	0	4136	4136	0	0
8x29x29	3956	3956	0	3980	3980	0	-24
8x29x30	4112	4112	0	4136	4136	0	-24
8x29x31	4232	4232	0	4256	4256	0	-24
8x29x32	4328	4328	0	4328	4328	0	0
8x30x30	4268	4268	0	4304	4304	0	-36
8x30x31	4388	4388	0	4412	4412	0	-24
8x30x32	4484	4484	0	4484	4484	0	0
8x31x31	4520	4520	0	4532	4532	0	-12
8x31x32	4604	4604	0	4604	4604	0	0
8x32x32	4700	4700	0	4700	4700	0	0
9x9x9	525	525	0	553	552	1	-27
9x9x10	581	581	0	613	612	1	-31
9x9x11	625	625	0	653	653	0	-28
9x9x12	661	661	0	669	669	0	-8
9x9x13	724	724	0	753	751	2	-27
9x9x14	778	778	0	816	812	4	-34
9x9x15	823	823	0	860	860	0	-37
9x9x16	862	862	0	874	874	0	-12
9x9x17	935	935	0	969	968	1	-33
9x9x18	996	996	0	1044	1044	0	-48
9x9x19	1045	1045	0	1083	1083	0	-38
9x9x20	1086	1086	0	1100	1100	0	-14
9x9x21	1149	1149	0	1184	1184	0	-35
9x9x22	1203	1203	0	1254	1254	0	-51
9x9x23	1248	1248	0	1291	1291	0	-43
9x9x24	1287	1287	0	1305	1305	0	-18
9x9x25	1360	1360	0	1400	1400	0	-40
9x9x26	1421	1421	0	1475	1475	0	-54
9x9x27	1470	1470	0	1514	1514	0	-44
9x9x28	1511	1511	0	1531	1531	0	-20
9x9x29	1575	1575	0	1617	1617	0	-42
9x9x30	1630	1630	0	1687	1687	0	-57
9x9x31	1676	1676	0	1726	1726	0	-50
9x9x32	1716	1716	0	1740	1740	0	-24
9x10x10	641	641	0	677	677	0	-36
9x10x11	693	692	1	721	721	0	-29
9x10x12	729	729	0	737	737	0	-8
9x10x13	799	799	0	829	825	4	-26
9x10x14	864	864	0	905	905	0	-41
9x10x15	917	914	3	948	948	0	-34
9x10x16	952	952	0	964	964	0	-12
9x10x17	1030	1030	0	1066	1064	2	-34
9x10x18	1098	1098	0	1144	1144	0	-46
9x10x19	1156	1155	1	1189	1189	0	-34
9x10x20	1193	1193	0	1207	1207	0	-14
9x10x21	1263	1263	0	1299	1299	0	-36
9x10x22	1328	1328	0	1375	1375	0	-47
9x10x23	1381	1380	1	1418	1418	0	-38
9x10x24	1416	1416	0	1434	1434	0	-18
9x10x25	1494	1494	0	1536	1536	0	-42
9x10x26	1562	1562	0	1614	1614	0	-52
9x10x27	1620	1619	1	1659	1659	0	-40
9x10x28	1657	1657	0	1677	1677	0	-20
9x10x29	1729	1729	0	1773	1773	0	-44
9x10x30	1796	1796	0	1849	1849	0	-53
9x10x31	1852	1850	2	1896	1896	0	-46
9x10x32	1888	1888	0	1912	1912	0	-24
9x11x11	753	751	2	777	777	0	-26
9x11x12	785	785	0	793	793	0	-8
9x11x13	862	862	0	895	889	6	-27
9x11x14	931	929	2	977	973	4	-44
9x11x15	990	986	4	1016	1016	0	-30
9x11x16	1024	1024	0	1036	1036	0	-12
9x11x17	1107	1107	0	1146	1143	3	-36
9x11x18	1180	1179	1	1230	1228	2	-49
9x11x19	1243	1241	2	1273	1273	0	-32
9x11x20	1279	1279	0	1293	1293	0	-14
9x11x21	1356	1356	0	1395	1395	0	-39
9x11x22	1425	1425	0	1477	1477	0	-52
9x11x23	1484	1484	0	1516	1516	0	-32
9x11x24	1518	1518	0	1536	1536	0	-18
9x11x25	1601	1601	0	1646	1646	0	-45
9x11x26	1674	1674	0	1730	1730	0	-56
9x11x27	1737	1737	0	1773	1773	0	-36
9x11x28	1773	1773	0	1793	1793	0	-20
9x11x29	1853	1853	0	1901	1901	0	-48
9x11x30	1926	1926	0	1985	1985	0	-59
9x11x31	1989	1989	0	2028	2028	0	-39
9x11x32	2024	2024	0	2048	2048	0	-24
9x12x12	833	833	0	833	833	0	0
9x12x13	917	917	0	927	927	0	-10
9x12x14	986	986	0	1001	1001	0	-15
9x12x15	1040	1040	0	1050	1050	0	-10
9x12x16	1084	1084	0	1084	1084	0	0
9x12x17	1172	1172	0	1182	1182	0	-10
9x12x18	1245	1245	0	1260	1260	0	-15
9x12x19	1303	1303	0	1313	1313	0	-10
9x12x20	1351	1351	0	1351	1351	0	0
9x12x21	1435	1435	0	1445	1445	0	-10
9x12x22	1504	1504	0	1519	1519	0	-15
9x12x23	1558	1558	0	1568	1568	0	-10
9x12x24	1602	1602	0	1602	1602	0	0
9x12x25	1690	1690	0	1700	1700	0	-10
9x12x26	1763	1763	0	1778	1778	0	-15
9x12x27	1821	1821	0	1831	1831	0	-10
9x12x28	1869	1869	0	1869	1869	0	0
9x12x29	1957	1957	0	1967	1967	0	-10
9x12x30	2030	2030	0	2045	2045	0	-15
9x12x31	2088	2088	0	2098	2098	0	-10
9x12x32	2136	2136	0	2136	2136	0	0
9x13x13	1007	1007	0	1044	1040	4	-33
9x13x14	1082	1082	0	1128	1126	2	-44
9x13x15	1142	1142	0	1183	1183	0	-41
9x13x16	1192	1192	0	1204	1204	0	-12
9x13x17	1288	1288	0	1330	1328	2	-40
9x13x18	1369	1369	0	1425	1423	2	-54
9x13x19	1435	1435	0	1485	1485	0	-50
9x13x20	1491	1491	0	1507	1507	0	-16
9x13x21	1579	1579	0	1620	1620	0	-41
9x13x22	1652	1652	0	1711	1711	0	-59
9x13x23	1710	1710	0	1755	1755	0	-45
9x13x24	1758	1758	0	1776	1776	0	-18
9x13x25	1852	1852	0	1900	1899	1	-47
9x13x26	1931	1931	0	1994	1994	0	-63
9x13x27	1995	1995	0	2047	2047	0	-52
9x13x28	2049	2049	0	2069	2069	0	-20
9x13x29	2142	2142	0	2191	2191	0	-49
9x13x30	2220	2220	0	2285	2285	0	-65
9x13x31	2283	2283	0	2336	2336	0	-53
9x13x32	2336	2336	0	2358	2358	0	-22
9x14x14	1165	1165	0	1222	1218	4	-53
9x14x15	1232	1232	0	1278	1278	0	-46
9x14x16	1282	1282	0	1300	1300	0	-18
9x14x17	1386	1386	0	1436	1436	0	-50
9x14x18	1479	1479	0	1544	1544	0	-65
9x14x19	1553	1552	1	1605	1605	0	-53
9x14x20	1607	1607	0	1629	1629	0	-22
9x14x21	1699	1699	0	1747	1747	0	-48
9x14x22	1778	1778	0	1841	1841	0	-63
9x14x23	1843	1842	1	1889	1889	0	-47
9x14x24	1887	1887	0	1911	1911	0	-24
9x14x25	1987	1987	0	2043	2041	2	-54
9x14x26	2074	2074	0	2145	2143	2	-69
9x14x27	2149	2148	1	2205	2205	0	-57
9x14x28	2199	2199	0	2227	2227	0	-28
9x14x29	2297	2297	0	2355	2355	0	-58
9x14x30	2382	2382	0	2457	2457	0	-75
9x14x31	2458	2458	0	2513	2513	0	-55
9x14x32	2503	2503	0	2535	2535	0	-32
9x15x15	1310	1310	0	1342	1342	0	-32
9x15x16	1354	1354	0	1366	1366	0	-12
9x15x17	1466	1466	0	1514	1514	0	-48
9x15x18	1565	1565	0	1627	1627	0	-62
9x15x19	1650	1650	0	1687	1687	0	-37
9x15x20	1699	1699	0	1715	1715	0	-16
9x15x21	1795	1795	0	1839	1839	0	-44
9x15x22	1877	1877	0	1937	1937	0	-60
9x15x23	1947	1947	0	1983	1983	0	-36
9x15x24	1989	1989	0	2007	2007	0	-18
9x15x25	2095	2095	0	2150	2147	3	-52
9x15x26	2191	2190	1	2255	2253	2	-63
9x15x27	2274	2272	2	2314	2314	0	-42
9x15x28	2319	2319	0	2339	2339	0	-20
9x15x29	2422	2422	0	2476	2476	0	-54
9x15x30	2514	2514	0	2579	2579	0	-65
9x15x31	2593	2593	0	2634	2634	0	-41
9x15x32	2637	2637	0	2659	2659	0	-22
9x16x16	1414	1414	0	1414	1414	0	0
9x16x17	1534	1534	0	1548	1548	0	-14
9x16x18	1633	1633	0	1654	1654	0	-21
9x16x19	1711	1711	0	1725	1725	0	-14
9x16x20	1775	1775	0	1775	1775	0	0
9x16x21	1875	1875	0	1887	1887	0	-12
9x16x22	1957	1957	0	1975	1975	0	-18
9x16x23	2021	2021	0	2033	2033	0	-12
9x16x24	2073	2073	0	2073	2073	0	0
9x16x25	2185	2185	0	2197	2197	0	-12
9x16x26	2279	2279	0	2297	2297	0	-18
9x16x27	2355	2355	0	2367	2367	0	-12
9x16x28	2419	2419	0	2419	2419	0	0
9x16x29	2527	2527	0	2539	2539	0	-12
9x16x30	2617	2617	0	2635	2635	0	-18
9x16x31	2689	2689	0	2701	2701	0	-12
9x16x32	2749	2749	0	2749	2749	0	0
9x17x17	1656	1656	0	1706	1705	1	-49
9x17x18	1757	1757	0	1816	1814	2	-57
9x17x19	1837	1837	0	1887	1887	0	-50
9x17x20	1903	1903	0	1917	1917	0	-14
9x17x21	2009	2009	0	2054	2054	0	-45
9x17x22	2097	2097	0	2161	2161	0	-64
9x17x23	2167	2167	0	2216	2216	0	-49
9x17x24	2225	2225	0	2241	2241	0	-16
9x17x25	2344	2344	0	2399	2397	2	-53
9x17x26	2445	2445	0	2519	2517	2	-72
9x17x27	2528	2528	0	2591	2591	0	-63
9x17x28	2599	2599	0	2619	2619	0	-20
9x17x29	2715	2715	0	2772	2772	0	-57
9x17x30	2813	2813	0	2893	2893	0	-80
9x17x31	2893	2893	0	2958	2958	0	-65
9x17x32	2961	2961	0	2985	2985	0	-24
9x18x18	1860	1860	0	1936	1935	1	-75
9x18x19	1948	1947	1	2001	2001	0	-54
9x18x20	2010	2010	0	2031	2031	0	-21
9x18x21	2122	2122	0	2178	2178	0	-56
9x18x22	2218	2218	0	2292	2292	0	-74
9x18x23	2301	2299	2	2352	2352	0	-53
9x18x24	2353	2353	0	2377	2377	0	-24
9x18x25	2479	2479	0	2545	2544	1	-65
9x18x26	2591	2591	0	2678	2677	1	-86
9x18x27	2686	2686	0	2751	2751	0	-65
9x18x28	2749	2749	0	2779	2779	0	-30
9x18x29	2873	2873	0	2944	2944	0	-71
9x18x30	2983	2983	0	3075	3075	0	-92
9x18x31	3075	3074	1	3146	3146	0	-72
9x18x32	3137	3137	0	3173	3173	0	-36
9x19x19	2043	2041	2	2080	2080	0	-39
9x19x20	2096	2096	0	2110	2110	0	-14
9x19x21	2214	2214	0	2266	2266	0	-52
9x19x22	2317	2317	0	2384	2384	0	-67
9x19x23	2406	2406	0	2445	2445	0	-39
9x19x24	2457	2457	0	2473	2473	0	-16
9x19x25	2590	2590	0	2649	2649	0	-59
9x19x26	2710	2710	0	2785	2785	0	-75
9x19x27	2812	2812	0	2855	2855	0	-43
9x19x28	2869	2869	0	2889	2889	0	-20
9x19x29	3001	3001	0	3064	3064	0	-63
9x19x30	3119	3119	0	3199	3199	0	-80
9x19x31	3220	3220	0	3268	3268	0	-48
9x19x32	3277	3277	0	3301	3301	0	-24
9x20x20	2168	2168	0	2168	2168	0	0
9x20x21	2292	2292	0	2306	2306	0	-14
9x20x22	2395	2395	0	2416	2416	0	-21
9x20x23	2477	2477	0	2491	2491	0	-14
9x20x24	2545	2545	0	2545	2545	0	0
9x20x25	2685	2685	0	2701	2701	0	-16
9x20x26	2801	2801	0	2825	2825	0	-24
9x20x27	2893	2893	0	2909	2909	0	-16
9x20x28	2969	2969	0	2969	2969	0	0
9x20x29	3109	3109	0	3125	3125	0	-16
9x20x30	3225	3225	0	3249	3249	0	-24
9x20x31	3317	3317	0	3333	3333	0	-16
9x20x32	3393	3393	0	3393	3393	0	0
9x21x21	2426	2426	0	2483	2482	1	-56
9x21x22	2539	2539	0	2609	2607	2	-68
9x21x23	2631	2631	0	2696	2696	0	-65
9x21x24	2709	2709	0	2727	2727	0	-18
9x21x25	2858	2858	0	2922	2922	0	-64
9x21x26	2983	2983	0	3068	3067	1	-84
9x21x27	3084	3084	0	3156	3156	0	-72
9x21x28	3169	3169	0	3191	3191	0	-22
9x21x29	3313	3313	0	3378	3377	1	-64
9x21x30	3433	3433	0	3523	3523	0	-90
9x21x31	3529	3529	0	3598	3598	0	-69
9x21x32	3609	3609	0	3633	3633	0	-24
9x22x22	2666	2666	0	2758	2757	1	-91
9x22x23	2770	2769	1	2842	2842	0	-73
9x22x24	2846	2846	0	2873	2873	0	-27
9x22x25	3004	3004	0	3082	3082	0	-78
9x22x26	3142	3142	0	3246	3246	0	-104
9x22x27	3257	3257	0	3334	3334	0	-77
9x22x28	3336	3336	0	3369	3369	0	-33
9x22x29	3484	3484	0	3562	3560	2	-76
9x22x30	3610	3610	0	3712	3711	1	-101
9x22x31	3719	3719	0	3790	3790	0	-71
9x22x32	3789	3789	0	3825	3825	0	-36
9x23x23	2890	2888	2	2937	2937	0	-49
9x23x24	2956	2956	0	2974	2974	0	-18
9x23x25	3123	3123	0	3195	3195	0	-72
9x23x26	3271	3271	0	3359	3359	0	-88
9x23x27	3398	3398	0	3451	3451	0	-53
9x23x28	3470	3470	0	3492	3492	0	-22
9x23x29	3622	3622	0	3690	3687	3	-65
9x23x30	3755	3754	1	3842	3840	2	-86
9x23x31	3868	3866	2	3919	3919	0	-53
9x23x32	3933	3933	0	3957	3957	0	-24
9x24x24	3048	3048	0	3048	3048	0	0
9x24x25	3224	3224	0	3244	3244	0	-20
9x24x26	3370	3370	0	3400	3400	0	-30
9x24x27	3486	3486	0	3506	3506	0	-20
9x24x28	3582	3582	0	3582	3582	0	0
9x24x29	3738	3738	0	3756	3756	0	-18
9x24x30	3867	3867	0	3894	3894	0	-27
9x24x31	3969	3969	0	3987	3987	0	-18
9x24x32	4053	4053	0	4053	4053	0	0
9x25x25	3401	3401	0	3474	3474	0	-73
9x25x26	3548	3548	0	3632	3632	0	-84
9x25x27	3665	3665	0	3738	3738	0	-73
9x25x28	3762	3762	0	3782	3782	0	-20
9x25x29	3932	3932	0	4005	4002	3	-70
9x25x30	4075	4075	0	4173	4169	4	-94
9x25x31	4191	4191	0	4276	4276	0	-85
9x25x32	4289	4289	0	4315	4315	0	-26
9x26x26	3696	3696	0	3805	3805	0	-109
9x26x27	3823	3823	0	3898	3898	0	-75
9x26x28	3912	3912	0	3942	3942	0	-30
9x26x29	4096	4096	0	4187	4184	3	-88
9x26x30	4259	4259	0	4381	4379	2	-120
9x26x31	4392	4390	2	4486	4486	0	-96
9x26x32	4486	4486	0	4525	4525	0	-39
9x27x27	3957	3957	0	4008	4008	0	-51
9x27x28	4032	4032	0	4052	4052	0	-20
9x27x29	4230	4230	0	4316	4313	3	-83
9x27x30	4406	4405	1	4511	4511	0	-106
9x27x31	4558	4556	2	4622	4622	0	-66
9x27x32	4644	4644	0	4670	4670	0	-26
9x28x28	4132	4132	0	4132	4132	0	0
9x28x29	4344	4344	0	4368	4368	0	-24
9x28x30	4520	4520	0	4556	4556	0	-36
9x28x31	4660	4660	0	4684	4684	0	-24
9x28x32	4776	4776	0	4776	4776	0	0
9x29x29	4557	4557	0	4645	4643	2	-86
9x29x30	4734	4734	0	4835	4834	1	-100
9x29x31	4875	4875	0	4963	4963	0	-88
9x29x32	4992	4992	0	5016	5016	0	-24
9x30x30	4912	4912	0	5043	5042	1	-130
9x30x31	5065	5065	0	5155	5155	0	-90
9x30x32	5172	5172	0	5208	5208	0	-36
9x31x31	5226	5226	0	5287	5287	0	-61
9x31x32	5316	5316	0	5340	5340	0	-24
9x32x32	5436	5436	0	5436	5436	0	0
10x10x10	717	715	2	761	760	1	-45
10x10x11	769	767	2	813	812	1	-45
10x10x12	817	817	0	833	832	1	-15
10x10x13	896	894	2	934	929	5	-35
10x10x14	964	960	4	1016	1012	4	-52
10x10x15	1017	1011	6	1062	1059	3	-48
10x10x16	1057	1057	0	1078	1075	3	-18
10x10x17	1144	1143	1	1189	1184	5	-41
10x10x18	1218	1216	2	1276	1275	1	-59
10x10x19	1275	1273	2	1327	1326	1	-53
10x10x20	1320	1320	0	1345	1344	1	-24
10x10x21	1399	1399	0	1446	1445	1	-46
10x10x22	1467	1467	0	1528	1527	1	-60
10x10x23	1520	1518	2	1574	1573	1	-55
10x10x24	1560	1560	0	1590	1589	1	-29
10x10x25	1647	1647	0	1701	1700	1	-53
10x10x26	1721	1721	0	1788	1786	2	-65
10x10x27	1778	1776	2	1839	1838	1	-62
10x10x28	1823	1823	0	1857	1856	1	-33
10x10x29	1907	1907	0	1965	1964	1	-57
10x10x30	1980	1980	0	2051	2049	2	-69
10x10x31	2036	2032	4	2103	2101	2	-69
10x10x32	2080	2080	0	2120	2118	2	-38
10x11x11	845	841	4	873	872	1	-31
10x11x12	881	881	0	893	892	1	-11
10x11x13	966	964	2	1001	996	5	-32
10x11x14	1037	1033	4	1086	1083	3	-50
10x11x15	1100	1092	8	1129	1126	3	-34
10x11x16	1135	1135	0	1150	1147	3	-12
10x11x17	1228	1227	1	1269	1264	5	-37
10x11x18	1305	1303	2	1359	1358	1	-55
10x11x19	1376	1372	4	1410	1409	1	-37
10x11x20	1414	1414	0	1432	1431	1	-17
10x11x21	1499	1499	0	1540	1539	1	-40
10x11x22	1570	1570	0	1625	1624	1	-54
10x11x23	1633	1633	0	1668	1667	1	-34
10x11x24	1668	1668	0	1689	1688	1	-20
10x11x25	1761	1761	0	1808	1807	1	-46
10x11x26	1838	1838	0	1898	1897	1	-59
10x11x27	1909	1909	0	1949	1948	1	-39
10x11x28	1947	1947	0	1971	1970	1	-23
10x11x29	2039	2039	0	2089	2088	1	-49
10x11x30	2116	2116	0	2179	2177	2	-61
10x11x31	2187	2187	0	2230	2228	2	-41
10x11x32	2224	2224	0	2252	2250	2	-26
10x12x12	937	937	0	937	937	0	0
10x12x13	1025	1025	0	1035	1035	0	-10
10x12x14	1099	1099	0	1115	1113	2	-14
10x12x15	1155	1155	0	1166	1164	2	-9
10x12x16	1201	1201	0	1201	1201	0	0
10x12x17	1297	1297	0	1307	1307	0	-10
10x12x18	1380	1380	0	1397	1397	0	-17
10x12x19	1442	1442	0	1454	1454	0	-12
10x12x20	1494	1494	0	1494	1494	0	0
10x12x21	1582	1582	0	1592	1592	0	-10
10x12x22	1656	1656	0	1672	1672	0	-16
10x12x23	1712	1712	0	1723	1723	0	-11
10x12x24	1758	1758	0	1758	1758	0	0
10x12x25	1854	1854	0	1864	1864	0	-10
10x12x26	1937	1937	0	1954	1953	1	-16
10x12x27	1999	1999	0	2011	2010	1	-11
10x12x28	2051	2051	0	2051	2051	0	0
10x12x29	2147	2147	0	2157	2157	0	-10
10x12x30	2230	2230	0	2247	2247	0	-17
10x12x31	2292	2292	0	2304	2304	0	-12
10x12x32	2344	2344	0	2344	2344	0	0
10x13x13	1121	1121	0	1161	1161	0	-40
10x13x14	1204	1200	4	1253	1251	2	-51
10x13x15	1271	1271	0	1311	1311	0	-40
10x13x16	1321	1321	0	1333	1333	0	-12
10x13x17	1425	1425	0	1469	1469	0	-44
10x13x18	1518	1516	2	1577	1577	0	-61
10x13x19	1592	1591	1	1638	1638	0	-47
10x13x20	1646	1646	0	1662	1662	0	-16
10x13x21	1738	1738	0	1780	1780	0	-42
10x13x22	1817	1817	0	1874	1874	0	-57
10x13x23	1882	1881	1	1922	1922	0	-41
10x13x24	1926	1926	0	1944	1944	0	-18
10x13x25	2030	2030	0	2082	2080	2	-50
10x13x26	2123	2123	0	2182	2182	0	-59
10x13x27	2199	2198	1	2247	2247	0	-49
10x13x28	2251	2251	0	2271	2271	0	-20
10x13x29	2353	2353	0	2405	2405	0	-52
10x13x30	2444	2444	0	2505	2505	0	-61
10x13x31	2521	2521	0	2566	2566	0	-45
10x13x32	2568	2568	0	2590	2590	0	-22
10x14x14	1299	1299	0	1360	1358	2	-59
10x14x15	1367	1367	0	1425	1423	2	-56
10x14x16	1426	1426	0	1447	1445	2	-19
10x14x17	1541	1541	0	1595	1593	2	-52
10x14x18	1641	1641	0	1713	1712	1	-71
10x14x19	1716	1714	2	1780	1779	1	-65
10x14x20	1777	1777	0	1804	1803	1	-26
10x14x21	1875	1875	0	1928	1927	1	-52
10x14x22	1957	1957	0	2027	2026	1	-69
10x14x23	2021	2019	2	2078	2077	1	-58
10x14x24	2070	2070	0	2100	2099	1	-29
10x14x25	2185	2183	2	2250	2247	3	-64
10x14x26	2287	2285	2	2363	2361	2	-76
10x14x27	2363	2361	2	2437	2436	1	-75
10x14x28	2426	2426	0	2461	2460	1	-34
10x14x29	2537	2537	0	2604	2603	1	-66
10x14x30	2633	2633	0	2713	2713	0	-80
10x14x31	2708	2708	0	2780	2780	0	-72
10x14x32	2765	2765	0	2804	2804	0	-39
10x15x15	1457	1457	0	1492	1490	2	-33
10x15x16	1504	1504	0	1519	1517	2	-13
10x15x17	1628	1628	0	1677	1675	2	-47
10x15x18	1731	1731	0	1799	1798	1	-67
10x15x19	1824	1824	0	1864	1863	1	-39
10x15x20	1875	1875	0	1894	1893	1	-18
10x15x21	1977	1977	0	2023	2022	1	-45
10x15x22	2061	2061	0	2124	2123	1	-62
10x15x23	2135	2135	0	2174	2173	1	-38
10x15x24	2178	2178	0	2199	2198	1	-20
10x15x25	2304	2303	1	2360	2357	3	-54
10x15x26	2408	2406	2	2477	2476	1	-70
10x15x27	2507	2503	4	2552	2551	1	-48
10x15x28	2556	2556	0	2581	2580	1	-24
10x15x29	2675	2675	0	2732	2731	1	-56
10x15x30	2773	2773	0	2844	2844	0	-71
10x15x31	2864	2864	0	2911	2911	0	-47
10x15x32	2911	2911	0	2939	2939	0	-28
10x16x16	1570	1570	0	1570	1570	0	0
10x16x17	1698	1698	0	1712	1712	0	-14
10x16x18	1807	1807	0	1830	1830	0	-23
10x16x19	1889	1889	0	1905	1905	0	-16
10x16x20	1957	1957	0	1957	1957	0	0
10x16x21	2061	2061	0	2073	2073	0	-12
10x16x22	2148	2148	0	2167	2167	0	-19
10x16x23	2214	2214	0	2227	2227	0	-13
10x16x24	2268	2268	0	2268	2268	0	0
10x16x25	2396	2396	0	2408	2408	0	-12
10x16x26	2510	2510	0	2532	2531	1	-21
10x16x27	2594	2594	0	2610	2609	1	-15
10x16x28	2666	2666	0	2666	2666	0	0
10x16x29	2786	2786	0	2798	2798	0	-12
10x16x30	2891	2891	0	2912	2912	0	-21
10x16x31	2969	2969	0	2984	2984	0	-15
10x16x32	3035	3035	0	3035	3035	0	0
10x17x17	1830	1830	0	1884	1882	2	-52
10x17x18	1945	1945	0	2008	2008	0	-63
10x17x19	2035	2034	1	2083	2083	0	-49
10x17x20	2101	2101	0	2115	2115	0	-14
10x17x21	2213	2213	0	2261	2261	0	-48
10x17x22	2309	2309	0	2371	2371	0	-62
10x17x23	2392	2390	2	2434	2434	0	-44
10x17x24	2444	2444	0	2460	2460	0	-16
10x17x25	2578	2578	0	2636	2636	0	-58
10x17x26	2701	2701	0	2772	2772	0	-71
10x17x27	2799	2799	0	2854	2854	0	-55
10x17x28	2866	2866	0	2886	2886	0	-20
10x17x29	2994	2994	0	3054	3054	0	-60
10x17x30	3110	3110	0	3184	3184	0	-74
10x17x31	3203	3202	1	3261	3261	0	-59
10x17x32	3267	3267	0	3291	3291	0	-24
10x18x18	2064	2060	4	2140	2137	3	-77
10x18x19	2154	2152	2	2221	2220	1	-68
10x18x20	2228	2228	0	2253	2252	1	-24
10x18x21	2352	2352	0	2411	2410	1	-58
10x18x22	2457	2457	0	2534	2532	2	-75
10x18x23	2538	2534	4	2606	2604	2	-70
10x18x24	2602	2602	0	2632	2630	2	-28
10x18x25	2745	2745	0	2817	2815	2	-70
10x18x26	2870	2870	0	2959	2959	0	-89
10x18x27	2967	2967	0	3044	3044	0	-77
10x18x28	3041	3041	0	3076	3076	0	-35
10x18x29	3181	3181	0	3256	3256	0	-75
10x18x30	3302	3302	0	3396	3395	1	-93
10x18x31	3395	3393	2	3479	3478	1	-85
10x18x32	3468	3468	0	3509	3508	1	-40
10x19x19	2265	2261	4	2306	2305	1	-44
10x19x20	2322	2322	0	2340	2339	1	-17
10x19x21	2454	2454	0	2509	2508	1	-54
10x19x22	2563	2563	0	2636	2634	2	-71
10x19x23	2664	2664	0	2709	2707	2	-43
10x19x24	2718	2718	0	2740	2738	2	-20
10x19x25	2871	2871	0	2932	2930	2	-59
10x19x26	2997	2997	0	3077	3077	0	-80
10x19x27	3111	3111	0	3159	3159	0	-48
10x19x28	3171	3171	0	3196	3196	0	-25
10x19x29	3321	3321	0	3386	3386	0	-65
10x19x30	3445	3445	0	3530	3529	1	-84
10x19x31	3558	3558	0	3611	3610	1	-52
10x19x32	3618	3618	0	3647	3646	1	-28
10x20x20	2402	2402	0	2402	2402	0	0
10x20x21	2538	2538	0	2552	2552	0	-14
10x20x22	2656	2656	0	2680	2680	0	-24
10x20x23	2744	2744	0	2761	2761	0	-17
10x20x24	2818	2818	0	2818	2818	0	0
10x20x25	2970	2970	0	2986	2986	0	-16
10x20x26	3101	3101	0	3128	3128	0	-27
10x20x27	3199	3199	0	3218	3218	0	-19
10x20x28	3281	3281	0	3281	3281	0	0
10x20x29	3433	3433	0	3449	3449	0	-16
10x20x30	3564	3564	0	3591	3591	0	-27
10x20x31	3662	3662	0	3681	3681	0	-19
10x20x32	3744	3744	0	3744	3744	0	0
10x21x21	2686	2686	0	2748	2746	2	-60
10x21x22	2819	2819	0	2894	2894	0	-75
10x21x23	2924	2923	1	2986	2986	0	-63
10x21x24	3002	3002	0	3020	3020	0	-18
10x21x25	3164	3164	0	3232	3232	0	-68
10x21x26	3308	3308	0	3394	3394	0	-86
10x21x27	3424	3424	0	3489	3489	0	-65
10x21x28	3505	3505	0	3527	3527	0	-22
10x21x29	3661	3661	0	3729	3727	2	-66
10x21x30	3798	3798	0	3883	3883	0	-85
10x21x31	3910	3910	0	3970	3970	0	-60
10x21x32	3984	3984	0	4008	4008	0	-24
10x22x22	2966	2966	0	3058	3058	0	-92
10x22x23	3073	3071	2	3161	3161	0	-90
10x22x24	3164	3164	0	3196	3196	0	-32
10x22x25	3341	3341	0	3423	3423	0	-82
10x22x26	3493	3493	0	3599	3599	0	-106
10x22x27	3609	3609	0	3703	3703	0	-94
10x22x28	3702	3702	0	3741	3741	0	-39
10x22x29	3864	3864	0	3949	3947	2	-83
10x22x30	4003	4003	0	4108	4108	0	-105
10x22x31	4112	4112	0	4198	4198	0	-86
10x22x32	4194	4194	0	4236	4236	0	-42
10x23x23	3213	3209	4	3265	3265	0	-56
10x23x24	3284	3284	0	3307	3307	0	-23
10x23x25	3473	3473	0	3547	3547	0	-74
10x23x26	3629	3629	0	3728	3728	0	-99
10x23x27	3772	3772	0	3831	3831	0	-59
10x23x28	3848	3848	0	3876	3876	0	-28
10x23x29	4018	4017	1	4089	4087	2	-70
10x23x30	4157	4155	2	4250	4250	0	-95
10x23x31	4282	4278	4	4339	4339	0	-61
10x23x32	4350	4350	0	4380	4380	0	-30
10x24x24	3386	3386	0	3386	3386	0	0
10x24x25	3578	3578	0	3598	3598	0	-20
10x24x26	3744	3744	0	3778	3778	0	-34
10x24x27	3868	3868	0	3892	3892	0	-24
10x24x28	3972	3972	0	3972	3972	0	0
10x24x29	4140	4140	0	4158	4158	0	-18
10x24x30	4284	4284	0	4314	4313	1	-29
10x24x31	4392	4392	0	4413	4412	1	-20
10x24x32	4482	4482	0	4482	4482	0	0
10x25x25	3772	3772	0	3850	3850	0	-78
10x25x26	3941	3941	0	4033	4033	0	-92
10x25x27	4075	4075	0	4144	4144	0	-69
10x25x28	4172	4172	0	4192	4192	0	-20
10x25x29	4356	4356	0	4434	4432	2	-76
10x25x30	4519	4517	2	4620	4620	0	-103
10x25x31	4652	4650	2	4730	4730	0	-80
10x25x32	4746	4746	0	4772	4772	0	-26
10x26x26	4112	4112	0	4221	4221	0	-109
10x26x27	4243	4243	0	4334	4334	0	-91
10x26x28	4347	4347	0	4382	4382	0	-35
10x26x29	4552	4552	0	4648	4646	2	-94
10x26x30	4733	4731	2	4857	4854	3	-123
10x26x31	4867	4863	4	4982	4980	2	-117
10x26x32	4978	4978	0	5024	5022	2	-44
10x27x27	4397	4397	0	4453	4453	0	-56
10x27x28	4477	4477	0	4502	4502	0	-25
10x27x29	4701	4700	1	4789	4787	2	-87
10x27x30	4887	4885	2	5006	5004	2	-119
10x27x31	5059	5055	4	5130	5128	2	-73
10x27x32	5150	5150	0	5183	5181	2	-31
10x28x28	4587	4587	0	4587	4587	0	0
10x28x29	4819	4819	0	4843	4843	0	-24
10x28x30	5020	5020	0	5061	5060	1	-40
10x28x31	5170	5170	0	5199	5198	1	-28
10x28x32	5296	5296	0	5296	5296	0	0
10x29x29	5053	5053	0	5147	5147	0	-94
10x29x30	5257	5257	0	5368	5367	1	-110
10x29x31	5419	5419	0	5502	5502	0	-83
10x29x32	5536	5536	0	5560	5560	0	-24
10x30x30	5463	5463	0	5594	5594	0	-131
10x30x31	5621	5621	0	5730	5730	0	-109
10x30x32	5746	5746	0	5788	5788	0	-42
10x31x31	5806	5806	0	5873	5873	0	-67
10x31x32	5902	5902	0	5932	5932	0	-30
10x32x32	6034	6034	0	6034	6034	0	0
11x11x11	925	919	6	945	943	2	-24
11x11x12	965	965	0	969	967	2	-2
11x11x13	1056	1052	4	1082	1080	2	-28
11x11x14	1131	1123	8	1171	1169	2	-46
11x11x15	1195	1183	12	1215	1209	6	-26
11x11x16	1231	1231	0	1237	1231	6	0
11x11x17	1333	1331	2	1363	1357	6	-26
11x11x18	1418	1414	4	1465	1463	2	-49
11x11x19	1491	1485	6	1514	1512	2	-27
11x11x20	1531	1531	0	1538	1536	2	-5
11x11x21	1622	1622	0	1651	1649	2	-27
11x11x22	1697	1697	0	1742	1740	2	-43
11x11x23	1761	1761	0	1784	1782	2	-21
11x11x24	1797	1797	0	1806	1804	2	-7
11x11x25	1899	1899	0	1932	1930	2	-31
11x11x26	1984	1984	0	2034	2032	2	-48
11x11x27	2057	2057	0	2083	2081	2	-24
11x11x28	2097	2097	0	2107	2105	2	-8
11x11x29	2199	2199	0	2233	2231	2	-32
11x11x30	2284	2284	0	2335	2331	4	-47
11x11x31	2357	2357	0	2384	2380	4	-23
11x11x32	2396	2396	0	2408	2404	4	-8
11x12x12	1017	1017	0	1017	1017	0	0
11x12x13	1109	1109	0	1121	1119	2	-10
11x12x14	1185	1185	0	1202	1200	2	-15
11x12x15	1250	1250	0	1255	1251	4	-1
11x12x16	1291	1291	0	1291	1291	0	0
11x12x17	1395	1395	0	1409	1409	0	-14
11x12x18	1482	1482	0	1502	1501	1	-19
11x12x19	1557	1557	0	1562	1562	0	-5
11x12x20	1604	1604	0	1604	1604	0	0
11x12x21	1696	1696	0	1708	1708	0	-12
11x12x22	1772	1772	0	1790	1790	0	-18
11x12x23	1837	1837	0	1842	1842	0	-5
11x12x24	1878	1878	0	1878	1878	0	0
11x12x25	1982	1982	0	1996	1995	1	-13
11x12x26	2069	2069	0	2090	2088	2	-19
11x12x27	2144	2144	0	2149	2147	2	-3
11x12x28	2191	2191	0	2191	2191	0	0
11x12x29	2295	2295	0	2309	2309	0	-14
11x12x30	2382	2382	0	2403	2403	0	-21
11x12x31	2457	2457	0	2462	2462	0	-5
11x12x32	2504	2504	0	2504	2504	0	0
11x13x13	1211	1211	0	1253	1251	2	-40
11x13x14	1301	1301	0	1349	1345	4	-44
11x13x15	1379	1379	0	1414	1410	4	-31
11x13x16	1423	1423	0	1441	1439	2	-16
11x13x17	1535	1535	0	1585	1583	2	-48
11x13x18	1634	1634	0	1695	1695	0	-61
11x13x19	1719	1719	0	1762	1762	0	-43
11x13x20	1768	1768	0	1790	1789	1	-21
11x13x21	1864	1864	0	1912	1911	1	-47
11x13x22	1946	1946	0	2010	2010	0	-64
11x13x23	2016	2016	0	2058	2058	0	-42
11x13x24	2058	2058	0	2082	2081	1	-23
11x13x25	2172	2172	0	2230	2229	1	-57
11x13x26	2273	2272	1	2348	2346	2	-74
11x13x27	2361	2359	2	2412	2412	0	-53
11x13x28	2411	2411	0	2439	2439	0	-28
11x13x29	2522	2522	0	2584	2583	1	-61
11x13x30	2619	2619	0	2701	2701	0	-82
11x13x31	2703	2703	0	2757	2757	0	-54
11x13x32	2752	2752	0	2784	2784	0	-32
11x14x14	1397	1397	0	1462	1462	0	-65
11x14x15	1487	1487	0	1528	1528	0	-41
11x14x16	1534	1534	0	1555	1555	0	-21
11x14x17	1658	1658	0	1713	1713	0	-55
11x14x18	1761	1761	0	1835	1834	1	-73
11x14x19	1854	1854	0	1900	1899	1	-45
11x14x20	1905	1905	0	1930	1929	1	-24
11x14x21	2007	2007	0	2059	2058	1	-51
11x14x22	2091	2091	0	2160	2159	1	-68
11x14x23	2165	2165	0	2210	2209	1	-44
11x14x24	2208	2208	0	2235	2234	1	-26
11x14x25	2336	2335	1	2401	2398	3	-63
11x14x26	2443	2441	2	2527	2526	1	-85
11x14x27	2543	2539	4	2599	2598	1	-59
11x14x28	2596	2596	0	2629	2628	1	-32
11x14x29	2717	2717	0	2785	2784	1	-67
11x14x30	2818	2818	0	2906	2906	0	-88
11x14x31	2910	2910	0	2970	2970	0	-60
11x14x32	2961	2961	0	2999	2999	0	-38
11x15x15	1580	1580	0	1606	1602	4	-22
11x15x16	1630	1630	0	1636	1632	4	-2
11x15x17	1764	1764	0	1802	1798	4	-34
11x15x18	1875	1875	0	1928	1928	0	-53
11x15x19	1970	1970	0	1999	1997	2	-27
11x15x20	2023	2023	0	2031	2029	2	-6
11x15x21	2130	2130	0	2164	2162	2	-32
11x15x22	2218	2218	0	2271	2269	2	-51
11x15x23	2293	2293	0	2320	2318	2	-25
11x15x24	2337	2337	0	2346	2344	2	-7
11x15x25	2478	2476	2	2521	2519	2	-43
11x15x26	2597	2593	4	2662	2660	2	-67
11x15x27	2700	2694	6	2733	2731	2	-37
11x15x28	2756	2756	0	2766	2764	2	-8
11x15x29	2886	2886	0	2928	2926	2	-40
11x15x30	2995	2995	0	3058	3058	0	-63
11x15x31	3089	3089	0	3122	3122	0	-33
11x15x32	3142	3142	0	3153	3153	0	-11
11x16x16	1690	1690	0	1690	1690	0	0
11x16x17	1826	1826	0	1844	1844	0	-18
11x16x18	1939	1939	0	1965	1965	0	-26
11x16x19	2036	2036	0	2043	2043	0	-7
11x16x20	2097	2097	0	2097	2097	0	0
11x16x21	2205	2205	0	2219	2219	0	-14
11x16x22	2294	2294	0	2315	2315	0	-21
11x16x23	2370	2370	0	2376	2376	0	-6
11x16x24	2418	2418	0	2418	2418	0	0
11x16x25	2562	2562	0	2582	2581	1	-19
11x16x26	2684	2684	0	2714	2712	2	-28
11x16x27	2790	2790	0	2796	2794	2	-4
11x16x28	2856	2856	0	2856	2856	0	0
11x16x29	2988	2988	0	3006	3006	0	-18
11x16x30	3099	3099	0	3126	3126	0	-27
11x16x31	3195	3195	0	3201	3201	0	-6
11x16x32	3255	3255	0	3255	3255	0	0
11x17x17	1968	1968	0	2026	2026	0	-58
11x17x18	2089	2087	2	2156	2156	0	-69
11x17x19	2194	2190	4	2241	2241	0	-51
11x17x20	2257	2257	0	2279	2278	1	-21
11x17x21	2375	2375	0	2431	2430	1	-55
11x17x22	2478	2478	0	2549	2549	0	-71
11x17x23	2567	2567	0	2619	2617	2	-50
11x17x24	2618	2618	0	2646	2644	2	-26
11x17x25	2767	2767	0	2837	2835	2	-68
11x17x26	2897	2897	0	2984	2984	0	-87
11x17x27	3009	3009	0	3070	3070	0	-61
11x17x28	3076	3076	0	3106	3106	0	-30
11x17x29	3216	3216	0	3286	3286	0	-70
11x17x30	3339	3339	0	3430	3430	0	-91
11x17x31	3445	3445	0	3508	3507	1	-62
11x17x32	3507	3507	0	3541	3540	1	-33
11x18x18	2214	2210	4	2311	2310	1	-100
11x18x19	2327	2319	8	2388	2387	1	-68
11x18x20	2392	2392	0	2424	2423	1	-31
11x18x21	2524	2524	0	2591	2589	2	-65
11x18x22	2633	2633	0	2720	2718	2	-85
11x18x23	2734	2734	0	2793	2791	2	-57
11x18x24	2788	2788	0	2824	2822	2	-34
11x18x25	2945	2945	0	3026	3024	2	-79
11x18x26	3077	3077	0	3189	3189	0	-112
11x18x27	3193	3193	0	3265	3265	0	-72
11x18x28	3261	3261	0	3304	3304	0	-43
11x18x29	3413	3413	0	3498	3498	0	-85
11x18x30	3540	3540	0	3652	3651	1	-111
11x18x31	3654	3654	0	3730	3729	1	-75
11x18x32	3718	3718	0	3767	3766	1	-48
11x19x19	2442	2430	12	2478	2476	2	-46
11x19x20	2509	2509	0	2516	2514	2	-5
11x19x21	2654	2654	0	2695	2693	2	-39
11x19x22	2775	2775	0	2840	2836	4	-61
11x19x23	2879	2879	0	2910	2906	4	-27
11x19x24	2936	2936	0	2944	2940	4	-4
11x19x25	3099	3099	0	3149	3145	4	-46
11x19x26	3235	3235	0	3312	3312	0	-77
11x19x27	3352	3352	0	3391	3391	0	-39
11x19x28	3421	3421	0	3431	3431	0	-10
11x19x29	3583	3583	0	3633	3633	0	-50
11x19x30	3718	3718	0	3795	3793	2	-75
11x19x31	3834	3834	0	3873	3871	2	-37
11x19x32	3900	3900	0	3912	3910	2	-10
11x20x20	2582	2582	0	2582	2582	0	0
11x20x21	2730	2730	0	2750	2750	0	-20
11x20x22	2854	2854	0	2884	2884	0	-30
11x20x23	2961	2961	0	2968	2968	0	-7
11x20x24	3028	3028	0	3028	3028	0	0
11x20x25	3192	3192	0	3214	3214	0	-22
11x20x26	3329	3329	0	3362	3362	0	-33
11x20x27	3447	3447	0	3455	3455	0	-8
11x20x28	3521	3521	0	3521	3521	0	0
11x20x29	3685	3685	0	3707	3707	0	-22
11x20x30	3822	3822	0	3855	3855	0	-33
11x20x31	3940	3940	0	3948	3948	0	-8
11x20x32	4014	4014	0	4014	4014	0	0
11x21x21	2892	2892	0	2960	2960	0	-68
11x21x22	3036	3036	0	3114	3114	0	-78
11x21x23	3161	3161	0	3216	3216	0	-55
11x21x24	3232	3232	0	3260	3260	0	-28
11x21x25	3407	3407	0	3485	3485	0	-78
11x21x26	3560	3560	0	3655	3655	0	-95
11x21x27	3692	3692	0	3762	3762	0	-70
11x21x28	3769	3769	0	3803	3803	0	-34
11x21x29	3937	3937	0	4017	4017	0	-80
11x21x30	4080	4080	0	4183	4183	0	-103
11x21x31	4203	4203	0	4273	4273	0	-70
11x21x32	4278	4278	0	4314	4314	0	-36
11x22x22	3188	3188	0	3307	3306	1	-118
11x22x23	3329	3329	0	3408	3408	0	-79
11x22x24	3404	3404	0	3446	3446	0	-42
11x22x25	3595	3595	0	3687	3687	0	-92
11x22x26	3754	3754	0	3886	3886	0	-132
11x22x27	3898	3898	0	3986	3986	0	-88
11x22x28	3978	3978	0	4029	4029	0	-51
11x22x29	4152	4152	0	4249	4249	0	-97
11x22x30	4297	4297	0	4426	4426	0	-129
11x22x31	4424	4424	0	4513	4513	0	-89
11x22x32	4500	4500	0	4554	4554	0	-54
11x23x23	3474	3474	0	3515	3515	0	-41
11x23x24	3553	3553	0	3562	3562	0	-9
11x23x25	3758	3758	0	3817	3817	0	-59
11x23x26	3929	3929	0	4019	4019	0	-90
11x23x27	4076	4076	0	4121	4121	0	-45
11x23x28	4159	4159	0	4170	4170	0	-11
11x23x29	4338	4338	0	4395	4395	0	-57
11x23x30	4487	4487	0	4574	4574	0	-87
11x23x31	4615	4615	0	4660	4660	0	-45
11x23x32	4692	4692	0	4704	4704	0	-12
11x24x24	3646	3646	0	3646	3646	0	0
11x24x25	3854	3854	0	3882	3882	0	-28
11x24x26	4028	4028	0	4070	4070	0	-42
11x24x27	4178	4178	0	4188	4188	0	-10
11x24x28	4272	4272	0	4272	4272	0	0
11x24x29	4452	4452	0	4476	4475	1	-23
11x24x30	4602	4602	0	4638	4636	2	-34
11x24x31	4731	4731	0	4740	4738	2	-7
11x24x32	4812	4812	0	4812	4812	0	0
11x25x25	4065	4065	0	4151	4151	0	-86
11x25x26	4243	4243	0	4343	4343	0	-100
11x25x27	4397	4397	0	4465	4465	0	-68
11x25x28	4492	4492	0	4522	4522	0	-30
11x25x29	4690	4690	0	4778	4778	0	-88
11x25x30	4866	4865	1	4972	4970	2	-105
11x25x31	5018	5016	2	5097	5095	2	-79
11x25x32	5104	5104	0	5144	5142	2	-38
11x26x26	4423	4423	0	4561	4561	0	-138
11x26x27	4581	4581	0	4670	4670	0	-89
11x26x28	4677	4677	0	4722	4722	0	-45
11x26x29	4901	4900	1	5004	5004	0	-104
11x26x30	5087	5085	2	5243	5238	5	-153
11x26x31	5259	5255	4	5365	5361	4	-106
11x26x32	5350	5350	0	5410	5406	4	-56
11x27x27	4740	4740	0	4793	4793	0	-53
11x27x28	4837	4837	0	4847	4847	0	-10
11x27x29	5084	5082	2	5152	5152	0	-70
11x27x30	5290	5286	4	5395	5393	2	-107
11x27x31	5467	5461	6	5518	5514	4	-53
11x27x32	5563	5563	0	5576	5572	4	-9
11x28x28	4937	4937	0	4937	4937	0	0
11x28x29	5189	5189	0	5223	5222	1	-33
11x28x30	5400	5400	0	5451	5449	2	-49
11x28x31	5582	5582	0	5594	5592	2	-10
11x28x32	5696	5696	0	5696	5696	0	0
11x29x29	5444	5444	0	5548	5547	1	-103
11x29x30	5659	5659	0	5780	5778	2	-119
11x29x31	5845	5845	0	5927	5925	2	-80
11x29x32	5960	5960	0	5996	5996	0	-36
11x30x30	5876	5876	0	6042	6042	0	-166
11x30x31	6066	6066	0	6173	6173	0	-107
11x30x32	6182	6182	0	6236	6236	0	-54
11x31x31	6257	6257	0	6321	6321	0	-64
11x31x32	6374	6374	0	6386	6386	0	-12
11x32x32	6494	6494	0	6494	6494	0	0
SUMMARY	checked=1154	formula_wins=0	exact_wins=0	d450_reductions=107	d677_reductions=285	max_d450_reduction=12	max_d677_reduction=6
