target	formula_rank	live_fmm	matmulcatalog_any	matmulcatalog_f2	fmm17_integer	strongest_source	strongest_rank	audited_gain	alloc_n	alloc_m	alloc_p	source	s3_code
12x12x21	1788	1795	1791	1791		catalog	1791	3	3,3,3,3	3,3,3,3	5,6,5,5	12x12x21	0
12x12x28	2303	2309	2309			fmm	2309	6	3,3,3,3	3,3,3,3	7,7,7,7	12x12x28	0
12x12x31	2576	2580	2580			fmm	2580	4	3,3,3,3	8,8,8,7	3,3,3,3	12x31x12	5
12x12x32	2632	2640	2640			fmm	2640	8	3,3,3,3	3,3,3,3	8,8,8,8	12x12x32	0
12x13x21	1968	1985	1985		1965	fmm17	1965	-3	3,3,3,3	4,3,3,3	5,6,5,5	12x13x21	0
12x13x22	2050	2065	2065			fmm	2065	15	3,3,3,3	4,3,3,3	5,6,5,6	12x13x22	0
12x13x23	2114	2136	2136			fmm	2136	22	3,3,3,3	6,6,6,5	3,4,3,3	12x23x13	5
12x13x24	2166	2184	2184			fmm	2184	18	3,3,3,3	4,3,3,3	6,6,6,6	12x13x24	0
12x13x25	2290	2326	2326			fmm	2326	36	3,3,3,3	4,3,3,3	6,7,6,6	12x13x25	0
12x13x26	2393	2425	2425			fmm	2425	32	3,3,3,3	4,3,3,3	6,7,6,7	12x13x26	0
12x13x27	2475	2529	2529			fmm	2529	54	3,3,3,3	7,7,7,6	3,4,3,3	12x27x13	5
12x13x28	2543	2604	2604		2583	fmm17	2583	40	3,3,3,3	4,3,3,3	7,7,7,7	12x13x28	0
12x13x29	2663	2714	2672			catalog	2672	9	3,3,3,3	4,3,3,3	7,8,7,7	12x13x29	0
12x13x30	2762	2799	2720			catalog	2720	-42	3,3,3,3	4,3,3,3	7,8,7,8	12x13x30	0
12x13x31	2840	2904	2864			catalog	2864	24	3,3,3,3	8,8,8,7	3,4,3,3	12x31x13	5
12x13x32	2904	2965	2965		2934	fmm17	2934	30	3,3,3,3	4,3,3,3	8,8,8,8	12x13x32	0
12x14x21	2115	2133	2133		2127	fmm17	2127	12	3,3,3,3	4,4,3,3	5,6,5,5	12x14x21	0
12x14x22	2202	2226	2217			catalog	2217	15	3,3,3,3	4,4,3,3	5,6,6,5	12x14x22	0
12x14x23	2268	2298	2298			fmm	2298	30	3,3,3,3	6,6,6,5	3,4,4,3	12x23x14	5
12x14x24	2322	2352	2350			catalog	2350	28	3,3,3,3	4,4,3,3	6,6,6,6	12x14x24	0
12x14x25	2458	2496	2494			catalog	2494	36	3,3,3,3	4,4,3,3	6,7,6,6	12x14x25	0
12x14x26	2576	2604	2601			catalog	2601	25	3,3,3,3	4,4,3,3	6,7,7,6	12x14x26	0
12x14x27	2664	2712	2697			catalog	2697	33	3,3,3,3	7,7,7,6	3,4,4,3	12x27x14	5
12x14x28	2738	2772	2772			fmm	2772	34	3,3,3,3	4,4,3,3	7,7,7,7	12x14x28	0
12x14x29	2866	2916	2898			catalog	2898	32	3,3,3,3	4,4,3,3	7,8,7,7	12x14x29	0
12x14x31	3057	3108	3108			fmm	3108	51	3,3,3,3	8,8,8,7	3,4,4,3	12x31x14	5
12x14x32	3125	3195	3193			catalog	3193	68	3,3,3,3	4,4,3,3	8,8,8,8	12x14x32	0
12x15x22	2318	2360	2348		2349	catalog	2348	30	3,3,3,3	4,4,4,3	5,6,6,5	12x15x22	0
12x15x23	2394	2440	2408			catalog	2408	14	3,3,3,3	4,4,4,3	5,6,6,6	12x15x23	0
12x15x25	2590	2620	2620			fmm	2620	30	3,3,3,3	4,4,4,3	6,7,6,6	12x15x25	0
12x15x26	2714	2718	2718			fmm	2718	4	3,3,3,3	4,4,4,3	6,7,7,6	12x15x26	0
12x15x27	2821	2840	2840			fmm	2840	19	3,3,3,3	4,4,4,3	6,7,7,7	12x15x27	0
12x15x28	2888	2920	2920			fmm	2920	32	3,3,3,3	4,4,4,3	7,7,7,7	12x15x28	0
12x15x32	3295	3318	3318			fmm	3318	23	3,3,3,3	4,4,4,3	8,8,8,8	12x15x32	0
12x16x21	2321	2385	2384			catalog	2384	63	3,3,3,3	4,4,4,4	5,6,5,5	12x16x21	0
12x16x22	2412	2499	2493		2485	fmm17	2485	73	3,3,3,3	4,4,4,4	5,6,6,5	12x16x22	0
12x16x23	2482	2552	2552			fmm	2552	70	3,3,3,3	6,6,6,5	4,4,4,4	12x23x16	5
12x16x24	2538	2592	2592			fmm	2592	54	3,3,3,3	4,4,4,4	6,6,6,6	12x16x24	0
12x16x25	2698	2784	2772			catalog	2772	74	3,3,3,3	4,4,4,4	6,7,6,6	12x16x25	0
12x16x26	2828	2888	2888			fmm	2888	60	3,3,3,3	4,4,4,4	6,7,7,6	12x16x26	0
12x16x27	2928	2984	2964			catalog	2964	36	3,3,3,3	7,7,7,6	4,4,4,4	12x27x16	5
12x16x28	3008	3024	3024			fmm	3024	16	3,3,3,3	4,4,4,4	7,7,7,7	12x16x28	0
12x16x29	3152	3216	3216			fmm	3216	64	3,3,3,3	4,4,4,4	7,8,7,7	12x16x29	0
12x16x30	3269	3291	3275	3275	3275	catalog	3275	6	3,3,3,3	4,4,4,4	7,8,8,7	12x16x30	0
12x16x31	3359	3452	3438			catalog	3438	79	3,3,3,3	8,8,8,7	4,4,4,4	12x31x16	5
12x16x32	3431	3501	3501			fmm	3501	70	3,3,3,3	4,4,4,4	8,8,8,8	12x16x32	0
12x17x21	2509	2520	2520			fmm	2520	11	3,3,3,3	5,4,4,4	5,6,5,5	12x17x21	0
12x17x22	2612	2675	2675			fmm	2675	63	3,3,3,3	5,4,4,4	5,6,5,6	12x17x22	0
12x17x23	2694	2779	2779			fmm	2779	85	3,3,3,3	6,6,6,5	4,5,4,4	12x23x17	5
12x17x24	2762	2850	2846			catalog	2846	84	3,3,3,3	5,4,4,4	6,6,6,6	12x17x24	0
12x17x25	2926	3000	3000			fmm	3000	74	3,3,3,3	5,4,4,4	6,7,6,6	12x17x25	0
12x17x26	3060	3108	3106			catalog	3106	46	3,3,3,3	5,4,4,4	6,7,6,7	12x17x26	0
12x17x27	3164	3219	3219			fmm	3219	55	3,3,3,3	7,7,7,6	4,5,4,4	12x27x17	5
12x17x28	3248	3299	3299			fmm	3299	51	3,3,3,3	5,4,4,4	7,7,7,7	12x17x28	0
12x17x29	3400	3443	3443			fmm	3443	43	3,3,3,3	5,4,4,4	7,8,7,7	12x17x29	0
12x17x30	3525	3545	3542			catalog	3542	17	3,3,3,3	5,4,4,4	7,8,7,8	12x17x30	0
12x17x31	3623	3655	3655			fmm	3655	32	3,3,3,3	8,8,8,7	4,5,4,4	12x31x17	5
12x17x32	3703	3738	3738	3738		fmm	3738	35	3,3,3,3	5,4,4,4	8,8,8,8	12x17x32	0
12x19x22	2910	2992	2989			catalog	2989	79	3,3,3,3	5,5,5,4	5,6,6,5	12x19x22	0
12x19x23	3017	3106	3106			fmm	3106	89	3,3,3,3	5,5,5,4	5,6,6,6	12x19x23	0
12x19x24	3084	3184	3168			catalog	3168	84	3,3,3,3	5,5,5,4	6,6,6,6	12x19x24	0
12x19x25	3256	3357	3348			catalog	3348	92	3,3,3,3	5,5,5,4	6,7,6,6	12x19x25	0
12x19x26	3397	3484	3475			catalog	3475	78	3,3,3,3	5,5,5,4	6,7,7,6	12x19x26	0
12x19x27	3517	3602	3600	3600		catalog	3600	83	3,3,3,3	5,5,5,4	6,7,7,7	12x19x27	0
12x19x28	3593	3694	3694	3694		fmm	3694	101	3,3,3,3	5,5,5,4	7,7,7,7	12x19x28	0
12x19x29	3761	3846	3846			fmm	3846	85	3,3,3,3	5,5,5,4	7,8,7,7	12x19x29	0
12x19x30	3900	3960	3960			fmm	3960	60	3,3,3,3	5,5,5,4	7,8,8,7	12x19x30	0
12x19x31	4019	4081	4081			fmm	4081	62	3,3,3,3	5,5,5,4	7,8,8,8	12x19x31	0
12x19x32	4094	4176	4176	4176		fmm	4176	82	3,3,3,3	5,5,5,4	8,8,8,8	12x19x32	0
12x20x21	2886	2909	2909			fmm	2909	23	3,3,3,3	5,5,5,5	5,6,5,5	12x20x21	0
12x20x22	3016	3088	3061	3061		catalog	3061	45	3,3,3,3	5,5,5,5	5,6,6,5	12x20x22	0
12x20x23	3116	3184	3184			fmm	3184	68	3,3,3,3	6,6,6,5	5,5,5,5	12x23x20	5
12x20x24	3196	3264	3264			fmm	3264	68	3,3,3,3	5,5,5,5	6,6,6,6	12x20x24	0
12x20x25	3372	3499	3474		3477	catalog	3474	102	3,3,3,3	5,5,5,5	6,7,6,6	12x20x25	0
12x20x26	3515	3634	3624		3621	fmm17	3621	106	3,3,3,3	5,5,5,5	6,7,7,6	12x20x26	0
12x20x27	3625	3740	3734			catalog	3734	109	3,3,3,3	7,7,7,6	5,5,5,5	12x27x20	5
12x20x28	3713	3782	3782	3786		fmm	3782	69	3,3,3,3	5,5,5,5	7,7,7,7	12x20x28	0
12x20x29	3889	4022	4012			catalog	4012	123	3,3,3,3	5,5,5,5	7,8,7,7	12x20x29	0
12x20x30	4032	4092	4080	4080	4080	catalog	4080	48	3,3,3,3	5,5,5,5	7,8,8,7	12x20x30	0
12x20x31	4142	4276	4276			fmm	4276	134	3,3,3,3	8,8,8,7	5,5,5,5	12x31x20	5
12x20x32	4230	4320	4320			fmm	4320	90	3,3,3,3	5,5,5,5	8,8,8,8	12x20x32	0
12x21x23	3324	3357	3357			fmm	3357	33	3,3,3,3	6,6,6,5	5,6,5,5	12x23x21	5
12x21x25	3608	3652	3652			fmm	3652	44	3,3,3,3	6,5,5,5	6,7,6,6	12x21x25	0
12x21x26	3763	3768	3768			fmm	3768	5	3,3,3,3	6,5,5,5	6,7,6,7	12x21x26	0
12x21x27	3885	3920	3858	3858	3849	fmm17	3849	-36	3,3,3,3	7,7,7,6	5,6,5,5	12x27x21	5
12x21x32	4518	4549	4549			fmm	4549	31	3,3,3,3	6,5,5,5	8,8,8,8	12x21x32	0
12x22x22	3374	3430	3422	3422	3422	catalog	3422	48	3,3,3,3	6,6,5,5	5,6,6,5	12x22x22	0
12x22x23	3498	3554	3554			fmm	3554	56	3,3,3,3	6,6,6,5	5,6,6,5	12x23x22	5
12x22x24	3602	3632	3632			fmm	3632	30	3,3,3,3	6,6,5,5	6,6,6,6	12x22x24	0
12x22x25	3802	3859	3857			catalog	3857	55	3,3,3,3	6,6,5,5	6,7,6,6	12x22x25	0
12x22x26	3972	4018	3992			catalog	3992	20	3,3,3,3	6,6,5,5	6,7,7,6	12x22x26	0
12x22x27	4100	4125	4096	4102	4113	catalog	4096	-4	3,3,3,3	7,7,7,6	5,6,6,5	12x27x22	5
12x22x28	4206	4260	4222		4222	catalog	4222	16	3,3,3,3	6,6,5,5	7,7,7,7	12x22x28	0
12x22x29	4390	4451	4403			catalog	4403	13	3,3,3,3	6,6,5,5	7,8,7,7	12x22x29	0
12x22x31	4658	4695	4695			fmm	4695	37	3,3,3,3	8,8,8,7	5,6,6,5	12x31x22	5
12x22x32	4752	4788	4756		4756	catalog	4756	4	3,3,3,3	6,6,5,5	8,8,8,8	12x22x32	0
12x23x23	3648	3694	3694			fmm	3694	46	3,3,3,3	6,6,6,5	5,6,6,6	12x23x23	0
12x23x24	3742	3790	3790			fmm	3790	48	3,3,3,3	6,6,6,5	6,6,6,6	12x23x24	0
12x23x25	3954	4019	4019			fmm	4019	65	3,3,3,3	6,6,6,5	6,7,6,6	12x23x25	0
12x23x26	4130	4160	4150			catalog	4150	20	3,3,3,3	6,6,6,5	6,7,7,6	12x23x26	0
12x23x28	4376	4419	4419			fmm	4419	43	3,3,3,3	6,6,6,5	7,7,7,7	12x23x28	0
12x23x29	4564	4581	4581			fmm	4581	17	3,3,3,3	6,6,6,5	7,8,7,7	12x23x29	0
12x23x31	4849	4865	4865			fmm	4865	16	3,3,3,3	6,6,6,5	7,8,8,8	12x23x31	0
12x23x32	4932	4996	4996			fmm	4996	64	3,3,3,3	6,6,6,5	8,8,8,8	12x23x32	0
12x24x25	4078	4104	4104			fmm	4104	26	3,3,3,3	6,6,6,6	6,7,6,6	12x24x25	0
12x25x25	4306	4362	4362		4360	fmm17	4360	54	3,3,3,3	7,6,6,6	6,7,6,6	12x25x25	0
12x25x28	4752	4784	4777			catalog	4777	25	3,3,3,3	7,6,6,6	7,7,7,7	12x25x28	0
12x25x32	5396	5400	5400			fmm	5400	4	3,3,3,3	7,6,6,6	8,8,8,8	12x25x32	0
12x26x28	4947	4966	4966			fmm	4966	19	3,3,3,3	7,7,6,6	7,7,7,7	12x26x28	0
12x28x28	5217	5328	5328			fmm	5328	111	3,3,3,3	7,7,7,7	7,7,7,7	12x28x28	0
12x28x29	5489	5532	5532			fmm	5532	43	3,3,3,3	7,7,7,7	7,8,7,7	12x28x29	0
12x28x31	5880	5881	5881			fmm	5881	1	3,3,3,3	8,8,8,7	7,7,7,7	12x31x28	5
12x28x32	6016	6048	6048		6045	fmm17	6045	29	3,3,3,3	7,7,7,7	8,8,8,8	12x28x32	0
13x13x21	2161	2211	2197			catalog	2197	36	3,4,3,3	4,3,3,3	5,6,5,5	13x13x21	0
13x13x22	2252	2285	2285			fmm	2285	33	3,4,3,3	6,6,5,5	3,4,3,3	13x22x13	5
13x13x23	2325	2366	2366			fmm	2366	41	3,4,3,3	6,6,6,5	3,4,3,3	13x23x13	5
13x13x24	2386	2428	2428			fmm	2428	42	3,4,3,3	4,3,3,3	6,6,6,6	13x13x24	0
13x13x25	2521	2574	2574			fmm	2574	53	3,4,3,3	4,3,3,3	6,7,6,6	13x13x25	0
13x13x26	2635	2685	2685			fmm	2685	50	3,4,3,3	7,7,6,6	3,4,3,3	13x26x13	5
13x13x27	2728	2790	2790			fmm	2790	62	3,4,3,3	7,7,7,6	3,4,3,3	13x27x13	5
13x13x28	2807	2874	2874			fmm	2874	67	3,4,3,3	4,3,3,3	7,7,7,7	13x13x28	0
13x13x29	2935	2997	2997			fmm	2997	62	3,4,3,3	4,3,3,3	7,8,7,7	13x13x29	0
13x13x30	3042	3096	3068	3210		catalog	3068	26	3,4,3,3	8,8,7,7	3,4,3,3	13x30x13	5
13x13x31	3128	3206	3206			fmm	3206	78	3,4,3,3	8,8,8,7	3,4,3,3	13x31x13	5
13x13x32	3200	3291	3291			fmm	3291	91	3,4,3,3	4,3,3,3	8,8,8,8	13x13x32	0
13x14x21	2321	2361	2352	2352	2331	fmm17	2331	10	3,4,3,3	4,4,3,3	5,6,5,5	13x14x21	0
13x14x22	2423	2451	2451			fmm	2451	28	3,4,4,3	3,4,3,3	5,6,6,5	14x13x22	4
13x14x23	2511	2544	2544			fmm	2544	33	3,4,3,3	6,6,6,5	3,4,4,3	13x23x14	5
13x14x24	2570	2612	2610			catalog	2610	40	3,4,3,3	4,4,3,3	6,6,6,6	13x14x24	0
13x14x25	2716	2763	2763			fmm	2763	47	3,4,3,3	4,4,3,3	6,7,6,6	13x14x25	0
13x14x26	2847	2880	2879			catalog	2879	32	3,4,4,3	3,4,3,3	6,7,7,6	14x13x26	4
13x14x27	2955	2994	2987			catalog	2987	32	3,4,3,3	7,7,7,6	3,4,4,3	13x27x14	5
13x14x28	3026	3081	3074			catalog	3074	48	3,4,3,3	4,4,3,3	7,7,7,7	13x14x28	0
13x14x29	3162	3196	3185			catalog	3185	23	3,4,3,3	4,4,3,3	7,8,7,7	13x14x29	0
13x14x30	3281	3322	3280			catalog	3280	-1	3,4,4,3	3,4,3,3	7,8,8,7	14x13x30	4
13x14x31	3381	3417	3417			fmm	3417	36	3,4,3,3	8,8,8,7	3,4,4,3	13x31x14	5
13x14x32	3445	3527	3515			catalog	3515	70	3,4,3,3	4,4,3,3	8,8,8,8	13x14x32	0
13x15x21	2448	2484	2484	2484	2463	fmm17	2463	15	3,4,3,3	4,4,4,3	5,6,5,5	13x15x21	0
13x15x22	2563	2628	2604		2592	fmm17	2592	29	3,4,3,3	4,4,4,3	5,6,6,5	13x15x22	0
13x15x23	2664	2724	2679			catalog	2679	15	3,4,3,3	4,4,4,3	5,6,6,6	13x15x23	0
13x15x24	2718	2800	2720		2736	catalog	2720	2	3,4,3,3	4,4,4,3	6,6,6,6	13x15x24	0
13x15x25	2875	2955	2900			catalog	2900	25	3,4,3,3	4,4,4,3	6,7,6,6	13x15x25	0
13x15x26	3013	3074	3020		3067	catalog	3020	7	3,4,3,3	4,4,4,3	6,7,7,6	13x15x26	0
13x15x27	3131	3191	3155			catalog	3155	24	3,4,3,3	4,4,4,3	6,7,7,7	13x15x27	0
13x15x28	3200	3281	3240		3165	fmm17	3165	-35	3,4,3,3	4,4,4,3	7,7,7,7	13x15x28	0
13x15x29	3344	3405	3392			catalog	3392	48	3,4,3,3	4,4,4,3	7,8,7,7	13x15x29	0
13x15x30	3469	3490	3390			catalog	3390	-79	3,4,3,3	4,4,4,3	7,8,8,7	13x15x30	0
13x15x31	3576	3648	3570			catalog	3570	-6	3,4,3,3	4,4,4,3	7,8,8,8	13x15x31	0
13x15x32	3639	3744	3710		3594	fmm17	3594	-45	3,4,3,3	4,4,4,3	8,8,8,8	13x15x32	0
13x16x21	2553	2657	2650		2583	fmm17	2583	30	3,4,3,3	4,4,4,4	5,6,5,5	13x16x21	0
13x16x22	2668	2757	2757			fmm	2757	89	4,4,4,4	4,3,3,3	5,6,5,6	16x13x22	4
13x16x23	2762	2863	2863			fmm	2863	101	3,4,3,3	6,6,6,5	4,4,4,4	13x23x16	5
13x16x24	2842	2942	2942		2930	fmm17	2930	88	3,4,3,3	4,4,4,4	6,6,6,6	13x16x24	0
13x16x25	3010	3102	3102			fmm	3102	92	3,4,3,3	4,4,4,4	6,7,6,6	13x16x25	0
13x16x26	3148	3226	3222			catalog	3222	74	4,4,4,4	4,3,3,3	6,7,6,7	16x13x26	4
13x16x27	3256	3346	3346		3295	fmm17	3295	39	3,4,3,3	7,7,7,6	4,4,4,4	13x27x16	5
13x16x28	3344	3439	3439			fmm	3439	95	3,4,3,3	4,4,4,4	7,7,7,7	13x16x28	0
13x16x29	3496	3562	3562			fmm	3562	66	3,4,3,3	4,4,4,4	7,8,7,7	13x16x29	0
13x16x30	3621	3668	3668		3623	fmm17	3623	2	4,4,4,4	4,3,3,3	7,8,7,8	16x13x30	4
13x16x31	3719	3810	3810			fmm	3810	91	3,4,3,3	8,8,8,7	4,4,4,4	13x31x16	5
13x16x32	3799	3922	3922	3922		fmm	3922	123	3,4,3,3	4,4,4,4	8,8,8,8	13x16x32	0
13x17x21	2759	2847	2842			catalog	2842	83	3,4,3,3	5,4,4,4	5,6,5,5	13x17x21	0
13x17x22	2884	2967	2952			catalog	2952	68	3,4,3,3	6,6,5,5	4,5,4,4	13x22x17	5
13x17x23	2988	3072	3072			fmm	3072	84	3,4,3,3	6,6,6,5	4,5,4,4	13x23x17	5
13x17x24	3078	3156	3156			fmm	3156	78	3,4,3,3	5,4,4,4	6,6,6,6	13x17x24	0
13x17x25	3251	3329	3329			fmm	3329	78	3,4,3,3	5,4,4,4	6,7,6,6	13x17x25	0
13x17x26	3394	3452	3450			catalog	3450	56	3,4,3,3	7,7,6,6	4,5,4,4	13x26x17	5
13x17x27	3507	3586	3586			fmm	3586	79	3,4,3,3	7,7,7,6	4,5,4,4	13x27x17	5
13x17x28	3600	3681	3681			fmm	3681	81	3,4,3,3	5,4,4,4	7,7,7,7	13x17x28	0
13x17x29	3761	3809	3809			fmm	3809	48	3,4,3,3	5,4,4,4	7,8,7,7	13x17x29	0
13x17x30	3895	3920	3920			fmm	3920	25	3,4,3,3	8,8,7,7	4,5,4,4	13x30x17	5
13x17x31	4002	4039	4039			fmm	4039	37	3,4,3,3	8,8,8,7	4,5,4,4	13x31x17	5
13x17x32	4091	4144	4144			fmm	4144	53	3,4,3,3	5,4,4,4	8,8,8,8	13x17x32	0
13x18x23	3186	3224	3218			catalog	3218	32	3,4,3,3	6,6,6,5	4,5,5,4	13x23x18	5
13x18x24	3272	3278	3252		3245	fmm17	3245	-27	3,4,3,3	5,5,4,4	6,6,6,6	13x18x24	0
13x18x25	3450	3494	3494			fmm	3494	44	3,4,3,3	5,5,4,4	6,7,6,6	13x18x25	0
13x18x26	3600	3626	3626	3626		fmm	3626	26	4,5,5,4	3,4,3,3	6,7,7,6	18x13x26	4
13x18x27	3722	3726	3726	3726	3668	fmm17	3668	-54	3,4,3,3	7,7,7,6	4,5,5,4	13x27x18	5
13x18x28	3811	3870	3870		3771	fmm17	3771	-40	3,4,3,3	5,5,4,4	7,7,7,7	13x18x28	0
13x18x29	3981	4010	3996			catalog	3996	15	3,4,3,3	5,5,4,4	7,8,7,7	13x18x29	0
13x19x21	3072	3171	3166			catalog	3166	94	3,4,3,3	5,5,5,4	5,6,5,5	13x19x21	0
13x19x22	3224	3287	3287			fmm	3287	63	3,4,3,3	5,5,5,4	5,6,6,5	13x19x22	0
13x19x23	3353	3420	3420			fmm	3420	67	3,4,3,3	5,5,5,4	5,6,6,6	13x19x23	0
13x19x24	3424	3494	3494			fmm	3494	70	3,4,3,3	5,5,5,4	6,6,6,6	13x19x24	0
13x19x25	3607	3705	3705			fmm	3705	98	3,4,3,3	5,5,5,4	6,7,6,6	13x19x25	0
13x19x26	3764	3838	3835			catalog	3835	71	3,4,3,3	5,5,5,4	6,7,7,6	13x19x26	0
13x19x27	3898	3989	3987			catalog	3987	89	3,4,3,3	5,5,5,4	6,7,7,7	13x19x27	0
13x19x28	3977	4096	4062			catalog	4062	85	3,4,3,3	5,5,5,4	7,7,7,7	13x19x28	0
13x19x29	4156	4248	4249			fmm	4248	92	3,4,3,3	5,5,5,4	7,8,7,7	13x19x29	0
13x19x30	4311	4368	4368			fmm	4368	57	3,4,3,3	5,5,5,4	7,8,8,7	13x19x30	0
13x19x31	4444	4498	4498			fmm	4498	54	3,4,3,3	5,5,5,4	7,8,8,8	13x19x31	0
13x19x32	4522	4609	4609			fmm	4609	87	3,4,3,3	5,5,5,4	8,8,8,8	13x19x32	0
13x20x21	3190	3306	3291		3165	fmm17	3165	-25	3,4,3,3	5,5,5,5	5,6,5,5	13x20x21	0
13x20x22	3336	3428	3428			fmm	3428	92	5,5,5,5	4,3,3,3	5,6,5,6	20x13x22	4
13x20x23	3452	3564	3564			fmm	3564	112	3,4,3,3	6,6,6,5	5,5,5,5	13x23x20	5
13x20x24	3548	3656	3656		3594	fmm17	3594	46	3,4,3,3	5,5,5,5	6,6,6,6	13x20x24	0
13x20x25	3736	3858	3858			fmm	3858	122	3,4,3,3	5,5,5,5	6,7,6,6	13x20x25	0
13x20x26	3891	4016	4002			catalog	4002	111	5,5,5,5	4,3,3,3	6,7,6,7	20x13x26	4
13x20x27	4013	4160	4160	4160	4035	fmm17	4035	22	3,4,3,3	7,7,7,6	5,5,5,5	13x27x20	5
13x20x28	4113	4271	4271	4271		fmm	4271	158	3,4,3,3	5,5,5,5	7,7,7,7	13x20x28	0
13x20x29	4301	4435	4435	4435		fmm	4435	134	3,4,3,3	5,5,5,5	7,8,7,7	13x20x29	0
13x20x30	4456	4558	4558	4558	4476	fmm17	4476	20	5,5,5,5	4,3,3,3	7,8,7,8	20x13x30	4
13x20x31	4578	4714	4714			fmm	4714	136	3,4,3,3	8,8,8,7	5,5,5,5	13x31x20	5
13x20x32	4678	4834	4834			fmm	4834	156	3,4,3,3	5,5,5,5	8,8,8,8	13x20x32	0
13x21x21	3379	3481	3475	3475	3419	fmm17	3419	40	3,4,3,3	6,5,5,5	5,6,5,5	13x21x21	0
13x21x22	3538	3632	3620			catalog	3620	82	3,4,3,3	6,6,5,5	5,6,5,5	13x22x21	5
13x21x23	3667	3765	3764			catalog	3764	97	3,4,3,3	6,6,6,5	5,6,5,5	13x23x21	5
13x21x24	3776	3814	3814		3771	fmm17	3771	-5	3,4,3,3	6,5,5,5	6,6,6,6	13x21x24	0
13x21x25	3977	4072	4063			catalog	4063	86	3,4,3,3	6,5,5,5	6,7,6,6	13x21x25	0
13x21x26	4145	4234	4234			fmm	4234	89	3,4,3,3	7,7,6,6	5,6,5,5	13x26x21	5
13x21x27	4280	4403	4369	4369		catalog	4369	89	3,4,3,3	7,7,7,6	5,6,5,5	13x27x21	5
13x21x28	4393	4527	4526		4404	fmm17	4404	11	3,4,3,3	6,5,5,5	7,7,7,7	13x21x28	0
13x21x29	4587	4704	4680			catalog	4680	93	3,4,3,3	6,5,5,5	7,8,7,7	13x21x29	0
13x21x30	4748	4784	4782			catalog	4782	34	3,4,3,3	8,8,7,7	5,6,5,5	13x30x21	5
13x21x31	4876	4991	4968			catalog	4968	92	3,4,3,3	8,8,8,7	5,6,5,5	13x31x21	5
13x21x32	4982	5114	5114		5059	fmm17	5059	77	3,4,3,3	6,5,5,5	8,8,8,8	13x21x32	0
13x22x22	3718	3778	3764			catalog	3764	46	5,6,6,5	3,4,3,3	5,6,6,5	22x13x22	4
13x22x23	3853	3922	3921			catalog	3921	68	3,4,3,3	6,6,6,5	5,6,6,5	13x23x22	5
13x22x24	3962	4030	4030			fmm	4030	68	3,4,3,3	6,6,5,5	6,6,6,6	13x22x24	0
13x22x25	4176	4255	4250			catalog	4250	74	3,4,3,3	6,6,5,5	6,7,6,6	13x22x25	0
13x22x26	4363	4422	4402			catalog	4402	39	5,6,6,5	3,4,3,3	6,7,7,6	22x13x26	4
13x22x27	4505	4579	4566		4478	fmm17	4478	-27	3,4,3,3	7,7,7,6	5,6,6,5	13x27x22	5
13x22x28	4622	4723	4697			catalog	4697	75	3,4,3,3	6,6,5,5	7,7,7,7	13x22x28	0
13x22x29	4822	4915	4861			catalog	4861	39	3,4,3,3	6,6,5,5	7,8,7,7	13x22x29	0
13x22x30	4991	5067	4984			catalog	4984	-7	5,6,6,5	3,4,3,3	7,8,8,7	22x13x30	4
13x22x31	5128	5219	5175			catalog	5175	47	3,4,3,3	8,8,8,7	5,6,6,5	13x31x22	5
13x22x32	5232	5340	5330			catalog	5330	98	3,4,3,3	6,6,5,5	8,8,8,8	13x22x32	0
13x23x23	4011	4075	4075			fmm	4075	64	3,4,3,3	6,6,6,5	5,6,6,6	13x23x23	0
13x23x24	4106	4197	4197			fmm	4197	91	3,4,3,3	6,6,6,5	6,6,6,6	13x23x24	0
13x23x25	4333	4426	4426			fmm	4426	93	3,4,3,3	6,6,6,5	6,7,6,6	13x23x25	0
13x23x26	4531	4602	4584			catalog	4584	53	3,4,3,3	6,6,6,5	6,7,7,6	13x23x26	0
13x23x27	4698	4758	4758			fmm	4758	60	3,4,3,3	7,7,7,6	5,6,6,6	13x27x23	5
13x23x28	4800	4893	4893			fmm	4893	93	3,4,3,3	6,6,6,5	7,7,7,7	13x23x28	0
13x23x29	5006	5056	5056			fmm	5056	50	3,4,3,3	6,6,6,5	7,8,7,7	13x23x29	0
13x23x30	5186	5209	5209			fmm	5209	23	3,4,3,3	6,6,6,5	7,8,8,7	13x23x30	0
13x23x31	5340	5398	5398			fmm	5398	58	3,4,3,3	6,6,6,5	7,8,8,8	13x23x31	0
13x23x32	5428	5556	5556			fmm	5556	128	3,4,3,3	6,6,6,5	8,8,8,8	13x23x32	0
13x24x24	4222	4320	4320		4266	fmm17	4266	44	3,4,3,3	6,6,6,6	6,6,6,6	13x24x24	0
13x24x25	4462	4558	4558			fmm	4558	96	3,4,3,3	6,6,6,6	6,7,6,6	13x24x25	0
13x24x26	4660	4741	4718			catalog	4718	58	6,6,6,6	4,3,3,3	6,7,6,7	24x13x26	4
13x24x28	4944	5031	5031			fmm	5031	87	3,4,3,3	6,6,6,6	7,7,7,7	13x24x28	0
13x24x29	5156	5195	5195			fmm	5195	39	3,4,3,3	6,6,6,6	7,8,7,7	13x24x29	0
13x24x31	5472	5544	5544			fmm	5544	72	3,4,3,3	8,8,8,7	6,6,6,6	13x31x24	5
13x24x32	5588	5720	5679	5679	5710	catalog	5679	91	3,4,3,3	6,6,6,6	8,8,8,8	13x24x32	0
13x25x25	4708	4790	4790			fmm	4790	82	3,4,3,3	7,6,6,6	6,7,6,6	13x25x25	0
13x25x26	4912	4987	4987			fmm	4987	75	3,4,3,3	7,7,6,6	6,7,6,6	13x26x25	5
13x25x27	5074	5154	5154			fmm	5154	80	3,4,3,3	7,7,7,6	6,7,6,6	13x27x25	5
13x25x28	5208	5339	5290			catalog	5290	82	3,4,3,3	7,6,6,6	7,7,7,7	13x25x28	0
13x25x29	5435	5518	5518			fmm	5518	83	3,4,3,3	7,6,6,6	7,8,7,7	13x25x29	0
13x25x30	5626	5660	5660			fmm	5660	34	3,4,3,3	8,8,7,7	6,7,6,6	13x30x25	5
13x25x31	5781	5846	5846			fmm	5846	65	3,4,3,3	8,8,8,7	6,7,6,6	13x31x25	5
13x25x32	5912	6012	6012			fmm	6012	100	3,4,3,3	7,6,6,6	8,8,8,8	13x25x32	0
13x26x26	5124	5198	5183			catalog	5183	59	6,7,7,6	3,4,3,3	6,7,7,6	26x13x26	4
13x26x27	5299	5348	5346		5287	fmm17	5287	-12	3,4,3,3	7,7,7,6	6,7,7,6	13x27x26	5
13x26x28	5427	5578	5563			catalog	5563	136	3,4,3,3	7,7,6,6	7,7,7,7	13x26x28	0
13x26x29	5669	5768	5723			catalog	5723	54	3,4,3,3	7,7,6,6	7,8,7,7	13x26x29	0
13x26x30	5885	5915	5848		5866	catalog	5848	-37	3,4,3,3	7,7,6,6	7,8,8,7	13x26x30	0
13x26x31	6047	6101	6081			catalog	6081	34	3,4,3,3	8,8,8,7	6,7,7,6	13x31x26	5
13x26x32	6176	6242	6242			fmm	6242	66	3,4,3,3	7,7,6,6	8,8,8,8	13x26x32	0
13x27x27	5491	5556	5553			catalog	5553	62	3,4,3,3	7,7,7,6	6,7,7,7	13x27x27	0
13x27x28	5601	5750	5725		5688	fmm17	5688	87	3,4,3,3	7,7,7,6	7,7,7,7	13x27x28	0
13x27x29	5858	5953	5932			catalog	5932	74	3,4,3,3	7,7,7,6	7,8,7,7	13x27x29	0
13x27x30	6079	6090	6090			fmm	6090	11	3,4,3,3	7,7,7,6	7,8,8,7	13x27x30	0
13x27x31	6266	6313	6311			catalog	6311	45	3,4,3,3	7,7,7,6	7,8,8,8	13x27x31	0
13x27x32	6380	6488	6487	6487	6473	fmm17	6473	93	3,4,3,3	7,7,7,6	8,8,8,8	13x27x32	0
13x28x28	5745	5943	5937			catalog	5937	192	3,4,3,3	7,7,7,7	7,7,7,7	13x28x28	0
13x28x29	6017	6126	6126	6126		fmm	6126	109	3,4,3,3	7,7,7,7	7,8,7,7	13x28x29	0
13x28x30	6238	6250	6250	6250		fmm	6250	12	3,4,3,3	7,7,7,7	7,8,8,7	13x28x30	0
13x28x31	6408	6490	6490			fmm	6490	82	3,4,3,3	8,8,8,7	7,7,7,7	13x31x28	5
13x28x32	6544	6680	6675	6675		catalog	6675	131	3,4,3,3	7,7,7,7	8,8,8,8	13x28x32	0
13x29x29	6294	6332	6332			fmm	6332	38	3,4,3,3	8,7,7,7	7,8,7,7	13x29x29	0
13x29x31	6695	6713	6713			fmm	6713	18	3,4,3,3	8,8,8,7	7,8,7,7	13x31x29	5
13x29x32	6836	6914	6914			fmm	6914	78	3,4,3,3	8,7,7,7	8,8,8,8	13x29x32	0
13x30x32	7074	7092	7092			fmm	7092	18	3,4,3,3	8,8,7,7	8,8,8,8	13x30x32	0
13x31x31	7132	7148	7148			fmm	7148	16	3,4,3,3	8,8,8,7	7,8,8,8	13x31x31	0
13x31x32	7258	7326	7326			fmm	7326	68	3,4,3,3	8,8,8,7	8,8,8,8	13x31x32	0
13x32x32	7406	7508	7508			fmm	7508	102	3,4,3,3	8,8,8,8	8,8,8,8	13x32x32	0
14x14x21	2498	2512	2508	2508	2492	fmm17	2492	-6	3,4,4,3	5,6,5,5	3,4,4,3	14x21x14	5
14x14x23	2711	2729	2729			fmm	2729	18	3,4,4,3	6,6,6,5	3,4,4,3	14x23x14	5
14x14x24	2789	2800	2800			fmm	2800	11	3,4,4,3	4,4,3,3	6,6,6,6	14x14x24	0
14x14x25	2950	2962	2962			fmm	2962	12	3,4,4,3	4,4,3,3	6,7,6,6	14x14x25	0
14x14x27	3194	3200	3200			fmm	3200	6	3,4,4,3	7,7,7,6	3,4,4,3	14x27x14	5
14x14x28	3275	3290	3290			fmm	3290	15	3,4,4,3	4,4,3,3	7,7,7,7	14x14x28	0
14x14x31	3646	3659	3654			catalog	3654	8	3,4,4,3	8,8,8,7	3,4,4,3	14x31x14	5
14x14x32	3720	3757	3757		3703	fmm17	3703	-17	3,4,4,3	4,4,3,3	8,8,8,8	14x14x32	0
14x15x22	2766	2793	2770	2770	2766	fmm17	2766	0	3,4,4,3	4,4,4,3	5,6,6,5	14x15x22	0
14x15x23	2891	2908	2871	2871		catalog	2871	-20	3,4,4,3	4,4,4,3	5,6,6,6	14x15x23	0
14x15x24	2951	2961	2940	2940	2940	catalog	2940	-11	3,4,4,3	4,4,4,3	6,6,6,6	14x15x24	0
14x15x25	3122	3138	3120	3120	3112	fmm17	3112	-10	3,4,4,3	4,4,4,3	6,7,6,6	14x15x25	0
14x15x26	3264	3284	3261	3261	3255	fmm17	3255	-9	3,4,4,3	4,4,4,3	6,7,7,6	14x15x26	0
14x15x27	3390	3416	3354	3354	3345	fmm17	3345	-45	3,4,4,3	4,4,4,3	6,7,7,7	14x15x27	0
14x15x28	3461	3465	3462			catalog	3462	1	3,4,4,3	4,4,4,3	7,7,7,7	14x15x28	0
14x15x29	3617	3636	3592	3643		catalog	3592	-25	3,4,4,3	4,4,4,3	7,8,7,7	14x15x29	0
14x15x31	3861	3870	3839	3839		catalog	3839	-22	3,4,4,3	4,4,4,3	7,8,8,8	14x15x31	0
14x15x32	3926	3965	3947		3947	catalog	3947	21	3,4,4,3	4,4,4,3	8,8,8,8	14x15x32	0
14x16x21	2746	2823	2811	2811	2807	fmm17	2807	61	4,4,4,4	4,4,3,3	5,6,5,5	16x14x21	4
14x16x22	2891	2961	2932	2932	2932	catalog	2932	41	4,4,4,4	4,4,3,3	5,6,6,5	16x14x22	4
14x16x23	2997	3071	3071			fmm	3071	74	3,4,4,3	6,6,6,5	4,4,4,4	14x23x16	5
14x16x24	3089	3138	3138	3138		fmm	3138	49	3,4,4,3	4,4,4,4	6,6,6,6	14x16x24	0
14x16x25	3265	3301	3286			catalog	3286	21	4,4,4,4	4,4,3,3	6,7,6,6	16x14x25	4
14x16x26	3413	3472	3458		3436	fmm17	3436	23	4,4,4,4	4,4,3,3	6,7,7,6	16x14x26	4
14x16x27	3525	3604	3563	3563	3591	catalog	3563	38	3,4,4,3	7,7,7,6	4,4,4,4	14x27x16	5
14x16x28	3617	3674	3674			fmm	3674	57	3,4,4,3	4,4,4,4	7,7,7,7	14x16x28	0
14x16x29	3777	3815	3815			fmm	3815	38	4,4,4,4	4,4,3,3	7,8,7,7	16x14x29	4
14x16x31	4014	4063	4063			fmm	4063	49	3,4,4,3	8,8,8,7	4,4,4,4	14x31x16	5
14x16x32	4098	4186	4119	4119	4119	catalog	4119	21	3,4,4,3	4,4,4,4	8,8,8,8	14x16x32	0
14x17x21	2970	3027	3021			catalog	3021	51	4,5,4,4	4,4,3,3	5,6,5,5	17x14x21	4
14x17x22	3127	3147	3147			fmm	3147	20	4,5,4,4	4,4,3,3	5,6,6,5	17x14x22	4
14x17x23	3245	3289	3270			catalog	3270	25	3,4,4,3	6,6,6,5	4,5,4,4	14x23x17	5
14x17x24	3337	3364	3364			fmm	3364	27	3,4,4,3	4,5,4,4	6,6,6,6	14x17x24	0
14x17x25	3519	3549	3549			fmm	3549	30	4,5,4,4	4,4,3,3	6,7,6,6	17x14x25	4
14x17x26	3675	3679	3677			catalog	3677	2	3,4,4,3	4,5,4,4	6,7,7,6	14x17x26	0
14x17x27	3798	3820	3820	3820		fmm	3820	22	3,4,4,3	7,7,7,6	4,5,4,4	14x27x17	5
14x17x28	3889	3927	3927			fmm	3927	38	3,4,4,3	4,5,4,4	7,7,7,7	14x17x28	0
14x17x29	4059	4079	4073			catalog	4073	14	4,5,4,4	4,4,3,3	7,8,7,7	17x14x29	4
14x17x32	4410	4416	4416	4416		fmm	4416	6	3,4,4,3	4,5,4,4	8,8,8,8	14x17x32	0
14x18x28	4120	4134	4085	4085	4109	catalog	4085	-35	3,4,4,3	5,5,4,4	7,7,7,7	14x18x28	0
14x19x21	3324	3377	3363	3363		catalog	3363	39	3,4,4,3	5,5,5,4	5,6,5,5	14x19x21	0
14x19x22	3484	3505	3505			fmm	3505	21	3,4,4,3	5,5,5,4	5,6,6,5	14x19x22	0
14x19x23	3629	3644	3641			catalog	3641	12	3,4,4,3	5,5,5,4	5,6,6,6	14x19x23	0
14x19x24	3704	3752	3729			catalog	3729	25	3,4,4,3	5,5,5,4	6,6,6,6	14x19x24	0
14x19x25	3903	3956	3949			catalog	3949	46	3,4,4,3	5,5,5,4	6,7,6,6	14x19x25	0
14x19x26	4066	4087	4087			fmm	4087	21	3,4,4,3	5,5,5,4	6,7,7,6	14x19x26	0
14x19x27	4212	4260	4248	4248		catalog	4248	36	3,4,4,3	5,5,5,4	6,7,7,7	14x19x27	0
14x19x28	4294	4360	4360	4360		fmm	4360	66	3,4,4,3	5,5,5,4	7,7,7,7	14x19x28	0
14x19x29	4489	4533	4533			fmm	4533	44	3,4,4,3	5,5,5,4	7,8,7,7	14x19x29	0
14x19x30	4650	4678	4671			catalog	4671	21	3,4,4,3	5,5,5,4	7,8,8,7	14x19x30	0
14x19x31	4795	4810	4810			fmm	4810	15	3,4,4,3	5,5,5,4	7,8,8,8	14x19x31	0
14x19x32	4876	4926	4926			fmm	4926	50	3,4,4,3	5,5,5,4	8,8,8,8	14x19x32	0
14x20x21	3440	3453	3444		3443	fmm17	3443	3	5,5,5,5	4,4,3,3	5,6,5,5	20x14x21	4
14x20x22	3606	3682	3580	3580	3580	catalog	3580	-26	5,5,5,5	4,4,3,3	5,6,6,5	20x14x22	4
14x20x23	3730	3806	3785	3785		catalog	3785	55	3,4,4,3	6,6,6,5	5,5,5,5	14x23x20	5
14x20x24	3834	3873	3837	3837	3837	catalog	3837	3	3,4,4,3	5,5,5,5	6,6,6,6	14x20x24	0
14x20x25	4034	4043	4028			catalog	4028	-6	5,5,5,5	4,4,3,3	6,7,6,6	20x14x25	4
14x20x26	4204	4298	4246		4239	fmm17	4239	35	5,5,5,5	4,4,3,3	6,7,7,6	20x14x26	4
14x20x27	4332	4454	4358	4358	4363	catalog	4358	26	3,4,4,3	7,7,7,6	5,5,5,5	14x27x20	5
14x20x28	4438	4556	4523	4530	4529	catalog	4523	85	3,4,4,3	5,5,5,5	7,7,7,7	14x20x28	0
14x20x29	4638	4708	4708	4735		fmm	4708	70	5,5,5,5	4,4,3,3	7,8,7,7	20x14x29	4
14x20x31	4936	5026	5026			fmm	5026	90	3,4,4,3	8,8,8,7	5,5,5,5	14x31x20	5
14x20x32	5042	5152	5148			catalog	5148	106	3,4,4,3	5,5,5,5	8,8,8,8	14x20x32	0
14x21x21	3642	3679	3644	3690	3644	catalog	3644	2	5,6,5,5	4,4,3,3	5,6,5,5	21x14x21	4
14x21x22	3822	3851	3840			catalog	3840	18	3,4,4,3	5,6,5,5	5,6,6,5	14x21x22	0
14x21x23	3957	3987	3987			fmm	3987	30	3,4,4,3	6,6,6,5	5,6,5,5	14x23x21	5
14x21x24	4066	4109	4109			fmm	4109	43	3,4,4,3	5,6,5,5	6,6,6,6	14x21x24	0
14x21x25	4280	4313	4289	4289	4281	fmm17	4281	1	5,6,5,5	4,4,3,3	6,7,6,6	21x14x25	4
14x21x26	4467	4476	4476			fmm	4476	9	3,4,4,3	5,6,5,5	6,7,7,6	14x21x26	0
14x21x27	4609	4647	4629	4629	4620	fmm17	4620	11	3,4,4,3	7,7,7,6	5,6,5,5	14x27x21	5
14x21x28	4726	4778	4778			fmm	4778	52	3,4,4,3	5,6,5,5	7,7,7,7	14x21x28	0
14x21x29	4934	4960	4960			fmm	4960	26	5,6,5,5	4,4,3,3	7,8,7,7	21x14x29	4
14x21x31	5254	5272	5272			fmm	5272	18	3,4,4,3	8,8,8,7	5,6,5,5	14x31x21	5
14x21x32	5362	5414	5414			fmm	5414	52	3,4,4,3	5,6,5,5	8,8,8,8	14x21x32	0
14x22x22	4006	4008	4008			fmm	4008	2	3,4,4,3	6,6,5,5	5,6,6,5	14x22x22	0
14x22x23	4145	4165	4165			fmm	4165	20	3,4,4,3	6,6,6,5	5,6,6,5	14x23x22	5
14x22x24	4257	4284	4267			catalog	4267	10	3,4,4,3	6,6,5,5	6,6,6,6	14x22x24	0
14x22x25	4486	4505	4505			fmm	4505	19	3,4,4,3	6,7,6,6	5,6,6,5	14x25x22	5
14x22x27	4838	4846	4795	4795	4796	catalog	4795	-43	3,4,4,3	7,7,7,6	5,6,6,5	14x27x22	5
14x22x28	4965	4981	4981			fmm	4981	16	3,4,4,3	6,6,5,5	7,7,7,7	14x22x28	0
14x22x31	5514	5516	5516			fmm	5516	2	3,4,4,3	8,8,8,7	5,6,6,5	14x31x22	5
14x22x32	5632	5666	5646	5646	5646	catalog	5646	14	3,4,4,3	6,6,5,5	8,8,8,8	14x22x32	0
14x23x23	4307	4315	4315			fmm	4315	8	3,4,4,3	6,6,6,5	5,6,6,6	14x23x23	0
14x23x24	4403	4433	4433			fmm	4433	30	3,4,4,3	6,6,6,5	6,6,6,6	14x23x24	0
14x23x25	4652	4676	4663			catalog	4663	11	3,4,4,3	6,6,6,5	6,7,6,6	14x23x25	0
14x23x26	4858	4861	4854			catalog	4854	-4	3,4,4,3	6,6,6,5	6,7,7,6	14x23x26	0
14x23x27	5039	5077	5041			catalog	5041	2	3,4,4,3	7,7,7,6	5,6,6,6	14x27x23	5
14x23x28	5147	5259	5197			catalog	5197	50	3,4,4,3	6,6,6,5	7,7,7,7	14x23x28	0
14x23x29	5379	5383	5383			fmm	5383	4	3,4,4,3	6,6,6,5	7,8,7,7	14x23x29	0
14x23x32	5836	5884	5884			fmm	5884	48	3,4,4,3	6,6,6,5	8,8,8,8	14x23x32	0
14x24x24	4521	4560	4560			fmm	4560	39	3,4,4,3	6,6,6,6	6,6,6,6	14x24x24	0
14x24x25	4777	4782	4761			catalog	4761	-16	6,6,6,6	4,4,3,3	6,7,6,6	24x14x25	4
14x24x26	4995	5041	4969		5035	catalog	4969	-26	6,6,6,6	4,4,3,3	6,7,7,6	24x14x26	4
14x24x28	5295	5418	5307		5373	catalog	5307	12	3,4,4,3	6,6,6,6	7,7,7,7	14x24x28	0
14x24x29	5527	5582	5511			catalog	5511	-16	6,6,6,6	4,4,3,3	7,8,7,7	24x14x29	4
14x24x31	5878	5886	5886			fmm	5886	8	3,4,4,3	8,8,8,7	6,6,6,6	14x31x24	5
14x24x32	6004	6064	6048		6048	catalog	6048	44	3,4,4,3	6,6,6,6	8,8,8,8	14x24x32	0
14x25x25	5041	5049	5030	5030	5030	catalog	5030	-11	6,7,6,6	4,4,3,3	6,7,6,6	25x14x25	4
14x25x26	5271	5293	5243			catalog	5243	-28	3,4,4,3	6,7,6,6	6,7,7,6	14x25x26	0
14x25x27	5449	5499	5460		5495	catalog	5460	11	3,4,4,3	7,7,7,6	6,7,6,6	14x27x25	5
14x25x28	5583	5607	5590			catalog	5590	7	3,4,4,3	6,7,6,6	7,7,7,7	14x25x28	0
14x25x29	5825	5885	5843			catalog	5843	18	6,7,6,6	4,4,3,3	7,8,7,7	25x14x29	4
14x25x31	6203	6266	6191			catalog	6191	-12	3,4,4,3	8,8,8,7	6,7,6,6	14x31x25	5
14x25x32	6332	6428	6360			catalog	6360	28	3,4,4,3	6,7,6,6	8,8,8,8	14x25x32	0
14x26x28	5832	5872	5872			fmm	5872	40	3,4,4,3	7,7,6,6	7,7,7,7	14x26x28	0
14x27x28	6018	6111	6022	6022	6050	catalog	6022	4	3,4,4,3	7,7,7,6	7,7,7,7	14x27x28	0
14x27x29	6285	6299	6299			fmm	6299	14	3,4,4,3	7,7,7,6	7,8,7,7	14x27x29	0
14x27x32	6807	6832	6810	6810		catalog	6810	3	3,4,4,3	7,7,7,6	8,8,8,8	14x27x32	0
14x28x28	6174	6305	6267			catalog	6267	93	3,4,4,3	7,7,7,7	7,7,7,7	14x28x28	0
14x28x29	6446	6498	6494			catalog	6494	48	3,4,4,3	7,7,7,7	7,8,7,7	14x28x29	0
14x28x31	6837	6929	6867			catalog	6867	30	3,4,4,3	8,8,8,7	7,7,7,7	14x31x28	5
14x28x32	6973	7116	7008		7059	catalog	7008	35	3,4,4,3	7,7,7,7	8,8,8,8	14x28x32	0
14x29x29	6724	6747	6747			fmm	6747	23	3,4,4,3	7,8,7,7	7,8,7,7	14x29x29	0
14x29x32	7269	7310	7282			catalog	7282	13	3,4,4,3	7,8,7,7	8,8,8,8	14x29x32	0
15x15x21	2805	2823	2782	2802	2782	catalog	2782	-23	3,4,4,4	4,4,4,3	5,6,5,5	15x15x21	0
15x16x21	2900	2961	2961		2960	fmm17	2960	60	4,4,4,4	4,4,4,3	5,6,5,5	16x15x21	4
15x16x22	3057	3168	3091		3091	catalog	3091	34	4,4,4,4	4,4,4,3	5,6,6,5	16x15x22	4
15x16x23	3194	3238	3238			fmm	3238	44	4,4,4,4	4,4,4,3	5,6,6,6	16x15x23	4
15x16x24	3279	3294	3294			fmm	3294	15	4,4,4,4	4,4,4,3	6,6,6,6	16x15x24	4
15x16x25	3463	3500	3474			catalog	3474	11	4,4,4,4	4,4,4,3	6,7,6,6	16x15x25	4
15x16x26	3615	3662	3624		3621	fmm17	3621	6	4,4,4,4	4,4,4,3	6,7,7,6	16x15x26	4
15x16x27	3745	3787	3756	3756	3748	fmm17	3748	3	4,4,4,4	4,4,4,3	6,7,7,7	16x15x27	4
15x16x28	3827	3843	3843		3810	fmm17	3810	-17	4,4,4,4	4,4,4,3	7,7,7,7	16x15x28	4
15x16x29	3995	4044	4022			catalog	4022	27	4,4,4,4	4,4,4,3	7,8,7,7	16x15x29	4
15x16x31	4253	4290	4284			catalog	4284	31	4,4,4,4	4,4,4,3	7,8,8,8	16x15x31	4
15x16x32	4328	4418	4413	4413	4320	fmm17	4320	-8	4,4,4,4	4,4,4,3	8,8,8,8	16x15x32	4
15x17x21	3142	3160	3160			fmm	3160	18	4,5,4,4	4,4,4,3	5,6,5,5	17x15x21	4
15x17x22	3309	3338	3338			fmm	3338	29	4,5,4,4	4,4,4,3	5,6,6,5	17x15x22	4
15x17x23	3453	3460	3453			catalog	3453	0	4,5,4,4	4,4,4,3	5,6,6,6	17x15x23	4
15x17x24	3539	3545	3545			fmm	3545	6	4,5,4,4	4,4,4,3	6,6,6,6	17x15x24	4
15x17x25	3730	3756	3756			fmm	3756	26	4,5,4,4	4,4,4,3	6,7,6,6	17x15x25	4
15x17x26	3892	3900	3887			catalog	3887	-5	4,5,4,4	4,4,4,3	6,7,7,6	17x15x26	4
15x17x27	4031	4046	4046			fmm	4046	15	4,5,4,4	4,4,4,3	6,7,7,7	17x15x27	4
15x17x28	4115	4189	4166	4166		catalog	4166	51	4,5,4,4	4,4,4,3	7,7,7,7	17x15x28	4
15x17x29	4294	4355	4331			catalog	4331	37	4,5,4,4	4,4,4,3	7,8,7,7	17x15x29	4
15x17x31	4582	4616	4600			catalog	4600	18	4,5,4,4	4,4,4,3	7,8,8,8	17x15x31	4
15x17x32	4660	4734	4722	4722		catalog	4722	62	4,5,4,4	4,4,4,3	8,8,8,8	17x15x32	4
15x19x22	3701	3710	3710			fmm	3710	9	4,5,5,5	4,4,4,3	5,6,6,5	19x15x22	4
15x19x24	3938	3960	3917			catalog	3917	-21	4,5,5,5	4,4,4,3	6,6,6,6	19x15x24	4
15x19x25	4148	4218	4171			catalog	4171	23	4,5,5,5	4,4,4,3	6,7,6,6	19x15x25	4
15x19x26	4322	4392	4319			catalog	4319	-3	4,5,5,5	4,4,4,3	6,7,7,6	19x15x26	4
15x19x27	4471	4485	4485			fmm	4485	14	4,5,5,5	4,4,4,3	6,7,7,7	19x15x27	4
15x19x28	4559	4663	4656			catalog	4656	97	4,5,5,5	4,4,4,3	7,7,7,7	19x15x28	4
15x19x29	4768	4835	4828			catalog	4828	60	4,5,5,5	4,4,4,3	7,8,7,7	19x15x29	4
15x19x31	5089	5131	5121			catalog	5121	32	4,5,5,5	4,4,4,3	7,8,8,8	19x15x31	4
15x19x32	5173	5253	5253			fmm	5253	80	4,5,5,5	4,4,4,3	8,8,8,8	19x15x32	4
15x20x21	3636	3643	3633	3633	3637	catalog	3633	-3	5,5,5,5	4,4,4,3	5,6,5,5	20x15x21	4
15x20x22	3810	3858	3776		3776	catalog	3776	-34	5,5,5,5	4,4,4,3	5,6,6,5	20x15x22	4
15x20x23	3960	4032	4008	4008		catalog	4008	48	5,5,5,5	4,4,4,3	5,6,6,6	20x15x23	4
15x20x25	4266	4300	4300	4300	4294	fmm17	4294	28	5,5,5,5	4,4,4,3	6,7,6,6	20x15x25	4
15x20x26	4442	4464	4422		4422	catalog	4422	-20	5,5,5,5	4,4,4,3	6,7,7,6	20x15x26	4
15x20x27	4593	4621	4610	4610	4605	fmm17	4605	12	5,5,5,5	4,4,4,3	6,7,7,7	20x15x27	4
15x20x28	4688	4734	4734			fmm	4734	46	5,5,5,5	4,4,4,3	7,7,7,7	20x15x28	4
15x20x29	4900	4954	4954	5026		fmm	4954	54	5,5,5,5	4,4,4,3	7,8,7,7	20x15x29	4
15x20x31	5227	5316	5247	5292		catalog	5247	20	5,5,5,5	4,4,4,3	7,8,8,8	20x15x31	4
15x20x32	5322	5440	5410	5410	5220	fmm17	5220	-102	5,5,5,5	4,4,4,3	8,8,8,8	20x15x32	4
15x21x21	3851	3861	3791		3791	catalog	3791	-60	5,6,5,5	4,4,4,3	5,6,5,5	21x15x21	4
15x22x22	4225	4245	4245			fmm	4245	20	5,6,6,5	4,4,4,3	5,6,6,5	22x15x22	4
15x22x23	4387	4401	4401			fmm	4401	14	5,6,6,5	4,4,4,3	5,6,6,6	22x15x23	4
15x22x24	4483	4520	4460		4460	catalog	4460	-23	5,6,6,5	4,4,4,3	6,6,6,6	22x15x24	4
15x22x25	4732	4787	4786	4786	4782	fmm17	4782	50	5,6,6,5	4,4,4,3	6,7,6,6	22x15x25	4
15x22x26	4938	4974	4966			catalog	4966	28	5,6,6,5	4,4,4,3	6,7,7,6	22x15x26	4
15x22x27	5124	5148	5148		5141	fmm17	5141	17	5,6,6,5	4,4,4,3	6,7,7,7	22x15x27	4
15x22x28	5227	5332	5264		5264	catalog	5264	37	5,6,6,5	4,4,4,3	7,7,7,7	22x15x28	4
15x22x29	5463	5515	5515			fmm	5515	52	5,6,6,5	4,4,4,3	7,8,7,7	22x15x29	4
15x22x31	5835	5844	5844			fmm	5844	9	5,6,6,5	4,4,4,3	7,8,8,8	22x15x31	4
15x22x32	5936	6004	5948		5948	catalog	5948	12	5,6,6,5	4,4,4,3	8,8,8,8	22x15x32	4
15x23x23	4550	4585	4585			fmm	4585	35	5,6,6,6	4,4,4,3	5,6,6,6	23x15x23	4
15x23x24	4647	4712	4712			fmm	4712	65	5,6,6,6	4,4,4,3	6,6,6,6	23x15x24	4
15x23x25	4915	4968	4968			fmm	4968	53	5,6,6,6	4,4,4,3	6,7,6,6	23x15x25	4
15x23x26	5137	5167	5167			fmm	5167	30	5,6,6,6	4,4,4,3	6,7,7,6	23x15x26	4
15x23x28	5434	5539	5526			catalog	5526	92	5,6,6,6	4,4,4,3	7,7,7,7	23x15x28	4
15x23x29	5683	5747	5740			catalog	5740	57	5,6,6,6	4,4,4,3	7,8,7,7	23x15x29	4
15x23x31	6070	6105	6076			catalog	6076	6	5,6,6,6	4,4,4,3	7,8,8,8	23x15x31	4
15x23x32	6174	6289	6205			catalog	6205	31	5,6,6,6	4,4,4,3	8,8,8,8	23x15x32	4
15x24x25	5023	5060	5046	5046	5046	catalog	5046	23	6,6,6,6	4,4,4,3	6,7,6,6	24x15x25	4
15x24x26	5249	5272	5272			fmm	5272	23	6,6,6,6	4,4,4,3	6,7,7,6	24x15x26	4
15x24x28	5565	5607	5601		5598	fmm17	5598	33	6,6,6,6	4,4,4,3	7,7,7,7	24x15x28	4
15x25x25	5305	5370	5341	5341	5341	catalog	5341	36	6,7,6,6	4,4,4,3	6,7,6,6	25x15x25	4
15x25x26	5545	5634	5567	5567	5567	catalog	5567	22	6,7,6,6	4,4,4,3	6,7,7,6	25x15x26	4
15x25x29	6134	6188	6188	6188		fmm	6188	54	6,7,6,6	4,4,4,3	7,8,7,7	25x15x29	4
15x25x31	6542	6585	6585			fmm	6585	43	6,7,6,6	4,4,4,3	7,8,8,8	25x15x31	4
15x25x32	6656	6660	6660	6660		fmm	6660	4	6,7,6,6	4,4,4,3	8,8,8,8	25x15x32	4
15x26x26	5791	5847	5843			catalog	5843	52	6,7,7,6	4,4,4,3	6,7,7,6	26x15x26	4
15x26x28	6138	6251	6176		6140	fmm17	6140	2	6,7,7,6	4,4,4,3	7,7,7,7	26x15x28	4
15x26x29	6405	6427	6427			fmm	6427	22	6,7,7,6	4,4,4,3	7,8,7,7	26x15x29	4
15x26x31	6813	6830	6830			fmm	6830	17	6,7,7,6	4,4,4,3	7,8,8,8	26x15x31	4
15x26x32	6927	7038	7002		6966	fmm17	6966	39	6,7,7,6	4,4,4,3	8,8,8,8	26x15x32	4
15x28x28	6504	6543	6534			catalog	6534	30	7,7,7,7	4,4,4,3	7,7,7,7	28x15x28	4
15x28x31	7184	7266	7134			catalog	7134	-50	7,7,7,7	4,4,4,3	7,8,8,8	28x15x31	4
15x28x32	7303	7426	7419		7410	fmm17	7410	107	7,7,7,7	4,4,4,3	8,8,8,8	28x15x32	4
15x29x29	7055	7107	7107			fmm	7107	52	7,8,7,7	4,4,4,3	7,8,7,7	29x15x29	4
15x29x31	7482	7555	7555			fmm	7555	73	7,8,7,7	4,4,4,3	7,8,8,8	29x15x31	4
15x29x32	7603	7761	7720			catalog	7720	117	7,8,7,7	4,4,4,3	8,8,8,8	29x15x32	4
15x31x31	7931	8018	8018			fmm	8018	87	7,8,8,8	4,4,4,3	7,8,8,8	31x15x31	4
15x31x32	8056	8189	8189			fmm	8189	133	7,8,8,8	4,4,4,3	8,8,8,8	31x15x32	4
15x32x32	8188	8364	8364			fmm	8364	176	8,8,8,8	4,4,4,3	8,8,8,8	32x15x32	4
16x16x21	3028	3156	3136		3120	fmm17	3120	92	4,4,4,4	4,4,4,4	5,6,5,5	16x16x21	0
16x16x22	3197	3276	3276			fmm	3276	79	4,4,4,4	4,4,4,4	5,6,6,5	16x16x22	0
16x16x23	3327	3441	3441	3441		fmm	3441	114	4,4,4,4	6,6,6,5	4,4,4,4	16x23x16	5
16x16x24	3431	3504	3504			fmm	3504	73	4,4,4,4	4,4,4,4	6,6,6,6	16x16x24	0
16x16x25	3623	3684	3684			fmm	3684	61	4,4,4,4	4,4,4,4	6,7,6,6	16x16x25	0
16x16x26	3779	3864	3864			fmm	3864	85	4,4,4,4	4,4,4,4	6,7,7,6	16x16x26	0
16x16x27	3899	3946	3944			catalog	3944	45	4,4,4,4	7,7,7,6	4,4,4,4	16x27x16	5
16x16x28	3995	4080	4060			catalog	4060	65	4,4,4,4	4,4,4,4	7,7,7,7	16x16x28	0
16x16x29	4171	4297	4260			catalog	4260	89	4,4,4,4	4,4,4,4	7,8,7,7	16x16x29	0
16x16x30	4314	4325	4325	4325		fmm	4325	11	4,4,4,4	4,4,4,4	7,8,8,7	16x16x30	0
16x16x31	4424	4548	4548			fmm	4548	124	4,4,4,4	8,8,8,7	4,4,4,4	16x31x16	5
16x16x32	4512	4608	4608			fmm	4608	96	4,4,4,4	4,4,4,4	8,8,8,8	16x16x32	0
16x17x21	3288	3374	3368			catalog	3368	80	4,4,4,4	5,4,4,4	5,6,5,5	16x17x21	0
16x17x22	3461	3509	3509	3509		fmm	3509	48	4,4,4,4	5,4,4,4	5,6,5,6	16x17x22	0
16x17x23	3595	3645	3645			fmm	3645	50	4,4,4,4	6,6,6,5	4,5,4,4	16x23x17	5
16x17x24	3703	3752	3752			fmm	3752	49	4,4,4,4	5,4,4,4	6,6,6,6	16x17x24	0
16x17x25	3903	3972	3972			fmm	3972	69	4,4,4,4	5,4,4,4	6,7,6,6	16x17x25	0
16x17x26	4067	4122	4122			fmm	4122	55	4,4,4,4	5,4,4,4	6,7,6,7	16x17x26	0
16x17x27	4195	4287	4278			catalog	4278	83	4,4,4,4	7,7,7,6	4,5,4,4	16x27x17	5
16x17x28	4299	4401	4401	4401		fmm	4401	102	4,4,4,4	5,4,4,4	7,7,7,7	16x17x28	0
16x17x29	4487	4557	4557			fmm	4557	70	4,4,4,4	5,4,4,4	7,8,7,7	16x17x29	0
16x17x30	4642	4680	4680			fmm	4680	38	4,4,4,4	5,4,4,4	7,8,7,8	16x17x30	0
16x17x31	4764	4826	4826			fmm	4826	62	4,4,4,4	8,8,8,7	4,5,4,4	16x31x17	5
16x17x32	4864	4938	4938	4938		fmm	4938	74	4,4,4,4	5,4,4,4	8,8,8,8	16x17x32	0
16x18x25	4132	4140	4140			fmm	4140	8	4,4,4,4	5,5,4,4	6,7,6,6	16x18x25	0
16x18x28	4546	4578	4578	4578		fmm	4578	32	4,4,4,4	5,5,4,4	7,7,7,7	16x18x28	0
16x18x29	4746	4758	4758	4758		fmm	4758	12	4,4,4,4	5,5,4,4	7,8,7,7	16x18x29	0
16x19x21	3664	3738	3738			fmm	3738	74	4,4,4,4	5,5,5,4	5,6,5,5	16x19x21	0
16x19x22	3844	3906	3906			fmm	3906	62	4,4,4,4	5,5,5,4	5,6,6,5	16x19x22	0
16x19x23	3997	4062	4062			fmm	4062	65	4,4,4,4	5,5,5,4	5,6,6,6	16x19x23	0
16x19x24	4094	4176	4158			catalog	4158	64	4,4,4,4	5,5,5,4	6,6,6,6	16x19x24	0
16x19x25	4310	4410	4410			fmm	4410	100	4,4,4,4	5,5,5,4	6,7,6,6	16x19x25	0
16x19x26	4488	4589	4568			catalog	4568	80	4,4,4,4	5,5,5,4	6,7,7,6	16x19x26	0
16x19x27	4640	4746	4746	4746		fmm	4746	106	4,4,4,4	5,5,5,4	6,7,7,7	16x19x27	0
16x19x28	4736	4866	4866	4866		fmm	4866	130	4,4,4,4	5,5,5,4	7,7,7,7	16x19x28	0
16x19x29	4948	5060	5060			fmm	5060	112	4,4,4,4	5,5,5,4	7,8,7,7	16x19x29	0
16x19x30	5124	5209	5209			fmm	5209	85	4,4,4,4	5,5,5,4	7,8,8,7	16x19x30	0
16x19x31	5275	5369	5369			fmm	5369	94	4,4,4,4	5,5,5,4	7,8,8,8	16x19x31	0
16x19x32	5370	5493	5493			fmm	5493	123	4,4,4,4	5,5,5,4	8,8,8,8	16x19x32	0
16x20x21	3796	3917	3896		3810	fmm17	3810	14	4,4,4,4	5,5,5,5	5,6,5,5	16x20x21	0
16x20x22	3978	4116	4061	4061	4049	fmm17	4049	71	4,4,4,4	5,5,5,5	5,6,6,5	16x20x22	0
16x20x23	4118	4260	4260			fmm	4260	142	4,4,4,4	6,6,6,5	5,5,5,5	16x23x20	5
16x20x24	4230	4320	4320			fmm	4320	90	4,4,4,4	5,5,5,5	6,6,6,6	16x20x24	0
16x20x25	4454	4510	4510	4510		fmm	4510	56	4,4,4,4	5,5,5,5	6,7,6,6	16x20x25	0
16x20x26	4636	4802	4776		4794	catalog	4776	140	4,4,4,4	5,5,5,5	6,7,7,6	16x20x26	0
16x20x27	4776	4884	4884		4875	fmm17	4875	99	4,4,4,4	7,7,7,6	5,5,5,5	16x27x20	5
16x20x28	4888	4944	4986			fmm	4944	56	4,4,4,4	5,5,5,5	7,7,7,7	16x20x28	0
16x20x29	5112	5264	5272			fmm	5264	152	4,4,4,4	5,5,5,5	7,8,7,7	16x20x29	0
16x20x30	5294	5345	5345	5345		fmm	5345	51	4,4,4,4	5,5,5,5	7,8,8,7	16x20x30	0
16x20x31	5434	5622	5608			catalog	5608	174	4,4,4,4	8,8,8,7	5,5,5,5	16x31x20	5
16x20x32	5546	5658	5658			fmm	5658	112	4,4,4,4	5,5,5,5	8,8,8,8	16x20x32	0
16x21x22	4210	4293	4222		4222	catalog	4222	12	4,4,4,4	6,5,5,5	5,6,5,6	16x21x22	0
16x21x23	4354	4469	4433			catalog	4433	79	4,4,4,4	6,6,6,5	5,6,5,5	16x23x21	5
16x21x24	4470	4560	4560		4557	fmm17	4557	87	4,4,4,4	6,5,5,5	6,6,6,6	16x21x24	0
16x21x25	4710	4836	4792		4826	catalog	4792	82	4,4,4,4	6,5,5,5	6,7,6,6	16x21x25	0
16x21x26	4908	5041	4969		5022	catalog	4969	61	4,4,4,4	6,5,5,5	6,7,6,7	16x21x26	0
16x21x27	5064	5205	5138	5138	5144	catalog	5138	74	4,4,4,4	7,7,7,6	5,6,5,5	16x27x21	5
16x21x28	5192	5334	5334			fmm	5334	142	4,4,4,4	6,5,5,5	7,7,7,7	16x21x28	0
16x21x29	5428	5578	5546			catalog	5546	118	4,4,4,4	6,5,5,5	7,8,7,7	16x21x29	0
16x21x31	5774	5926	5897			catalog	5897	123	4,4,4,4	8,8,8,7	5,6,5,5	16x31x21	5
16x21x32	5898	6045	6045		5985	fmm17	5985	87	4,4,4,4	6,5,5,5	8,8,8,8	16x21x32	0
16x22x22	4401	4487	4464			catalog	4464	63	4,4,4,4	6,6,5,5	5,6,6,5	16x22x22	0
16x22x23	4547	4627	4627			fmm	4627	80	4,4,4,4	6,6,6,5	5,6,6,5	16x23x22	5
16x22x24	4665	4732	4732			fmm	4732	67	4,4,4,4	6,6,5,5	6,6,6,6	16x22x24	0
16x22x25	4921	5028	4997			catalog	4997	76	4,4,4,4	6,6,5,5	6,7,6,6	16x22x25	0
16x22x26	5139	5250	5182			catalog	5182	43	4,4,4,4	6,6,5,5	6,7,7,6	16x22x26	0
16x22x27	5303	5384	5384	5384		fmm	5384	81	4,4,4,4	7,7,7,6	5,6,6,5	16x27x22	5
16x22x28	5439	5628	5500		5584	catalog	5500	61	4,4,4,4	6,6,5,5	7,7,7,7	16x22x28	0
16x22x29	5687	5804	5776			catalog	5776	89	4,4,4,4	6,6,5,5	7,8,7,7	16x22x29	0
16x22x30	5896	5936	5925		5853	fmm17	5853	-43	4,4,4,4	6,6,5,5	7,8,8,7	16x22x30	0
16x22x31	6054	6160	6150			catalog	6150	96	4,4,4,4	8,8,8,7	5,6,6,5	16x31x22	5
16x22x32	6184	6306	6306			fmm	6306	122	4,4,4,4	6,6,5,5	8,8,8,8	16x22x32	0
16x23x23	4711	4785	4785			fmm	4785	74	4,4,4,4	6,6,6,5	5,6,6,6	16x23x23	0
16x23x24	4815	4908	4908			fmm	4908	93	4,4,4,4	6,6,6,5	6,6,6,6	16x23x24	0
16x23x25	5087	5165	5165			fmm	5165	78	4,4,4,4	6,6,6,5	6,7,6,6	16x23x25	0
16x23x26	5313	5374	5374			fmm	5374	61	4,4,4,4	6,6,6,5	6,7,7,6	16x23x26	0
16x23x27	5507	5606	5590			catalog	5590	83	4,4,4,4	6,6,6,5	6,7,7,7	16x23x27	0
16x23x28	5629	5784	5784			fmm	5784	155	4,4,4,4	6,6,6,5	7,7,7,7	16x23x28	0
16x23x29	5889	5994	5994			fmm	5994	105	4,4,4,4	6,6,6,5	7,8,7,7	16x23x29	0
16x23x30	6104	6160	6129			catalog	6129	25	4,4,4,4	6,6,6,5	7,8,8,7	16x23x30	0
16x23x31	6288	6384	6384			fmm	6384	96	4,4,4,4	6,6,6,5	7,8,8,8	16x23x31	0
16x23x32	6404	6552	6552			fmm	6552	148	4,4,4,4	6,6,6,5	8,8,8,8	16x23x32	0
16x24x24	4935	5040	5040			fmm	5040	105	4,4,4,4	6,6,6,6	6,6,6,6	16x24x24	0
16x24x25	5223	5284	5284			fmm	5284	61	4,4,4,4	6,6,6,6	6,7,6,6	16x24x25	0
16x24x26	5457	5467	5467			fmm	5467	10	4,4,4,4	6,6,6,6	6,7,7,6	16x24x26	0
16x24x28	5781	5901	5892	5892		catalog	5892	111	4,4,4,4	6,6,6,6	7,7,7,7	16x24x28	0
16x24x29	6053	6145	6145			fmm	6145	92	4,4,4,4	6,6,6,6	7,8,7,7	16x24x29	0
16x24x31	6444	6549	6549			fmm	6549	105	4,4,4,4	8,8,8,7	6,6,6,6	16x31x24	5
16x24x32	6580	6696	6696		6690	fmm17	6690	110	4,4,4,4	6,6,6,6	8,8,8,8	16x24x32	0
16x25x25	5523	5604	5604			fmm	5604	81	4,4,4,4	7,6,6,6	6,7,6,6	16x25x25	0
16x25x26	5769	5863	5856			catalog	5856	87	4,4,4,4	7,6,6,6	6,7,6,7	16x25x26	0
16x25x27	5961	6048	6048			fmm	6048	87	4,4,4,4	7,7,7,6	6,7,6,6	16x27x25	5
16x25x28	6117	6307	6283	6283	6273	fmm17	6273	156	4,4,4,4	7,6,6,6	7,7,7,7	16x25x28	0
16x25x29	6389	6507	6507			fmm	6507	118	4,4,4,4	7,6,6,6	7,8,7,7	16x25x29	0
16x25x30	6610	6645	6645			fmm	6645	35	4,4,4,4	7,6,6,6	7,8,8,7	16x25x30	0
16x25x31	6780	6914	6914			fmm	6914	134	4,4,4,4	8,8,8,7	6,7,6,6	16x31x25	5
16x25x32	6916	7096	7096			fmm	7096	180	4,4,4,4	7,6,6,6	8,8,8,8	16x25x32	0
16x26x26	6030	6094	6094			fmm	6094	64	4,4,4,4	7,7,6,6	6,7,7,6	16x26x26	0
16x26x27	6228	6278	6278			fmm	6278	50	4,4,4,4	7,7,7,6	6,7,7,6	16x27x26	5
16x26x28	6390	6552	6488			catalog	6488	98	4,4,4,4	7,7,6,6	7,7,7,7	16x26x28	0
16x26x29	6662	6796	6778			catalog	6778	116	4,4,4,4	7,7,6,6	7,8,7,7	16x26x29	0
16x26x30	6883	6900	6900	6937	6878	fmm17	6878	-5	4,4,4,4	7,7,6,6	7,8,8,7	16x26x30	0
16x26x31	7053	7189	7143			catalog	7143	90	4,4,4,4	8,8,8,7	6,7,7,6	16x31x26	5
16x26x32	7189	7378	7296			catalog	7296	107	4,4,4,4	7,7,6,6	8,8,8,8	16x26x32	0
16x27x29	6872	6984	6984			fmm	6984	112	4,4,4,4	7,7,7,6	7,8,7,7	16x27x29	0
16x27x31	7280	7411	7411			fmm	7411	131	4,4,4,4	7,7,7,6	7,8,8,8	16x27x31	0
16x27x32	7399	7570	7568			catalog	7568	169	4,4,4,4	7,7,7,6	8,8,8,8	16x27x32	0
16x28x28	6768	6902	6860			catalog	6860	92	4,4,4,4	7,7,7,7	7,7,7,7	16x28x28	0
16x28x29	7040	7200	7176			catalog	7176	136	4,4,4,4	7,7,7,7	7,8,7,7	16x28x29	0
16x28x31	7431	7605	7605			fmm	7605	174	4,4,4,4	8,8,8,7	7,7,7,7	16x31x28	5
16x28x32	7567	7728	7728			fmm	7728	161	4,4,4,4	7,7,7,7	8,8,8,8	16x28x32	0
16x29x29	7320	7516	7504			catalog	7504	184	4,4,4,4	8,7,7,7	7,8,7,7	16x29x29	0
16x29x30	7549	7680	7680			fmm	7680	131	4,4,4,4	8,7,7,7	7,8,7,8	16x29x30	0
16x29x31	7727	7901	7901			fmm	7901	174	4,4,4,4	8,8,8,7	7,8,7,7	16x31x29	5
16x29x32	7871	8052	8052			fmm	8052	181	4,4,4,4	8,7,7,7	8,8,8,8	16x29x32	0
16x30x30	7788	7830	7830		7821	fmm17	7821	33	4,4,4,4	8,8,7,7	7,8,8,7	16x30x30	0
16x30x31	7970	8130	8101			catalog	8101	131	4,4,4,4	8,8,8,7	7,8,8,7	16x31x30	5
16x30x32	8118	8295	8232			catalog	8232	114	4,4,4,4	8,8,7,7	8,8,8,8	16x30x32	0
16x31x31	8177	8320	8320			fmm	8320	143	4,4,4,4	8,8,8,7	7,8,8,8	16x31x31	0
16x31x32	8308	8475	8475			fmm	8475	167	4,4,4,4	8,8,8,7	8,8,8,8	16x31x32	0
16x32x32	8460	8610	8610			fmm	8610	150	4,4,4,4	8,8,8,8	8,8,8,8	16x32x32	0
17x17x26	4369	4370	4327			catalog	4327	-42	4,5,4,4	7,7,6,6	4,5,4,4	17x26x17	5
17x17x28	4619	4651	4651			fmm	4651	32	4,5,4,4	5,4,4,4	7,7,7,7	17x17x28	0
17x17x32	5232	5250	5250			fmm	5250	18	4,5,4,4	5,4,4,4	8,8,8,8	17x17x32	0
17x19x25	4629	4632	4632			fmm	4632	3	4,5,4,4	5,5,5,4	6,7,6,6	17x19x25	0
17x19x26	4823	4838	4800			catalog	4800	-23	4,5,4,4	5,5,5,4	6,7,7,6	17x19x26	0
17x19x27	4989	5023	4993			catalog	4993	4	4,5,4,4	5,5,5,4	6,7,7,7	17x19x27	0
17x19x28	5088	5162	5162			fmm	5162	74	4,5,4,4	5,5,5,4	7,7,7,7	17x19x28	0
17x19x29	5312	5347	5347			fmm	5347	35	4,5,4,4	5,5,5,4	7,8,7,7	17x19x29	0
17x19x31	5672	5687	5687			fmm	5687	15	4,5,4,4	5,5,5,4	7,8,8,8	17x19x31	0
17x19x32	5770	5855	5855			fmm	5855	85	4,5,4,4	5,5,5,4	8,8,8,8	17x19x32	0
17x20x21	4080	4174	4126			catalog	4126	46	4,5,4,4	5,5,5,5	5,6,5,5	17x20x21	0
17x20x22	4274	4335	4281			catalog	4281	7	5,5,5,5	5,4,4,4	5,6,5,6	20x17x22	4
17x20x23	4426	4455	4455			fmm	4455	29	4,5,4,4	6,6,6,5	5,5,5,5	17x23x20	5
17x20x25	4786	4848	4848			fmm	4848	62	4,5,4,4	5,5,5,5	6,7,6,6	17x20x25	0
17x20x26	4980	5064	5028			catalog	5028	48	5,5,5,5	5,4,4,4	6,7,6,7	20x17x26	4
17x20x27	5132	5238	5238			fmm	5238	106	4,5,4,4	7,7,7,6	5,5,5,5	17x27x20	5
17x20x28	5256	5410	5410			fmm	5410	154	4,5,4,4	5,5,5,5	7,7,7,7	17x20x28	0
17x20x29	5492	5620	5620			fmm	5620	128	4,5,4,4	5,5,5,5	7,8,7,7	17x20x29	0
17x20x30	5686	5736	5736			fmm	5736	50	5,5,5,5	5,4,4,4	7,8,7,8	20x17x30	4
17x20x31	5838	5976	5976			fmm	5976	138	4,5,4,4	8,8,8,7	5,5,5,5	17x31x20	5
17x20x32	5962	6130	6126			catalog	6126	164	4,5,4,4	5,5,5,5	8,8,8,8	17x20x32	0
17x21x25	5061	5075	5072			catalog	5072	11	4,5,4,4	6,5,5,5	6,7,6,6	17x21x25	0
17x21x26	5270	5277	5277			fmm	5277	7	4,5,4,4	7,7,6,6	5,6,5,5	17x26x21	5
17x21x27	5437	5510	5479			catalog	5479	42	4,5,4,4	7,7,7,6	5,6,5,5	17x27x21	5
17x21x28	5576	5710	5660			catalog	5660	84	4,5,4,4	6,5,5,5	7,7,7,7	17x21x28	0
17x21x29	5824	5857	5857			fmm	5857	33	4,5,4,4	6,5,5,5	7,8,7,7	17x21x29	0
17x21x31	6194	6287	6189			catalog	6189	-5	4,5,4,4	8,8,8,7	5,6,5,5	17x31x21	5
17x21x32	6330	6452	6357			catalog	6357	27	4,5,4,4	6,5,5,5	8,8,8,8	17x21x32	0
17x22x27	5702	5736	5730			catalog	5730	28	4,5,4,4	7,7,7,6	5,6,6,5	17x27x22	5
17x22x28	5839	5940	5902			catalog	5902	63	4,5,4,4	6,6,5,5	7,7,7,7	17x22x28	0
17x22x29	6099	6125	6125			fmm	6125	26	4,5,4,4	6,6,5,5	7,8,7,7	17x22x29	0
17x22x31	6498	6503	6473			catalog	6473	-25	4,5,4,4	8,8,8,7	5,6,6,5	17x31x22	5
17x22x32	6632	6644	6625			catalog	6625	-7	4,5,4,4	6,6,5,5	8,8,8,8	17x22x32	0
17x23x25	5476	5483	5483			fmm	5483	7	4,5,4,4	6,6,6,5	6,7,6,6	17x23x25	0
17x23x26	5716	5738	5722			catalog	5722	6	4,5,4,4	6,6,6,5	6,7,7,6	17x23x26	0
17x23x27	5921	5946	5940			catalog	5940	19	4,5,4,4	6,6,6,5	6,7,7,7	17x23x27	0
17x23x28	6045	6134	6130			catalog	6130	85	4,5,4,4	6,6,6,5	7,7,7,7	17x23x28	0
17x23x29	6317	6351	6351			fmm	6351	34	4,5,4,4	6,6,6,5	7,8,7,7	17x23x29	0
17x23x32	6868	6869	6869			fmm	6869	1	4,5,4,4	6,6,6,5	8,8,8,8	17x23x32	0
17x24x24	5335	5360	5360			fmm	5360	25	4,5,4,4	6,6,6,6	6,6,6,6	17x24x24	0
17x24x25	5631	5638	5638			fmm	5638	7	4,5,4,4	6,6,6,6	6,7,6,6	17x24x25	0
17x24x27	6061	6103	6103			fmm	6103	42	4,5,4,4	7,7,7,6	6,6,6,6	17x27x24	5
17x24x28	6213	6289	6289			fmm	6289	76	4,5,4,4	6,6,6,6	7,7,7,7	17x24x28	0
17x24x29	6497	6518	6505			catalog	6505	8	4,5,4,4	6,6,6,6	7,8,7,7	17x24x29	0
17x25x25	5942	5979	5979			fmm	5979	37	4,5,4,4	7,6,6,6	6,7,6,6	17x25x25	0
17x25x26	6199	6259	6193			catalog	6193	-6	4,5,4,4	7,7,6,6	6,7,6,6	17x26x25	5
17x25x27	6402	6454	6454			fmm	6454	52	4,5,4,4	7,7,7,6	6,7,6,6	17x27x25	5
17x25x28	6569	6642	6642			fmm	6642	73	4,5,4,4	7,6,6,6	7,7,7,7	17x25x28	0
17x25x29	6861	6901	6901			fmm	6901	40	4,5,4,4	7,6,6,6	7,8,7,7	17x25x29	0
17x25x30	7102	7116	7102			catalog	7102	0	6,7,6,6	5,4,4,4	7,8,7,8	25x17x30	4
17x25x31	7292	7305	7305			fmm	7305	13	4,5,4,4	8,8,8,7	6,7,6,6	17x31x25	5
17x25x32	7448	7472	7472			fmm	7472	24	4,5,4,4	7,6,6,6	8,8,8,8	17x25x32	0
17x26x26	6477	6531	6456			catalog	6456	-21	6,7,7,6	4,5,4,4	6,7,7,6	26x17x26	4
17x26x27	6693	6744	6717			catalog	6717	24	4,5,4,4	7,7,7,6	6,7,7,6	17x27x26	5
17x26x28	6862	6928	6928			fmm	6928	66	4,5,4,4	7,7,6,6	7,7,7,7	17x26x28	0
17x26x29	7162	7212	7177			catalog	7177	15	4,5,4,4	7,7,6,6	7,8,7,7	17x26x29	0
17x26x30	7411	7444	7372			catalog	7372	-39	6,7,7,6	4,5,4,4	7,8,8,7	26x17x30	4
17x26x31	7627	7656	7570			catalog	7570	-57	4,5,4,4	8,8,8,7	6,7,7,6	17x31x26	5
17x26x32	7773	7830	7746			catalog	7746	-27	4,5,4,4	7,7,6,6	8,8,8,8	17x26x32	0
17x27x27	6943	6954	6954	6954		fmm	6954	11	4,5,4,4	7,7,7,6	6,7,7,7	17x27x27	0
17x27x28	7092	7202	7190			catalog	7190	98	4,5,4,4	7,7,7,6	7,7,7,7	17x27x28	0
17x27x29	7400	7456	7438			catalog	7438	38	4,5,4,4	7,7,7,6	7,8,7,7	17x27x29	0
17x27x31	7905	7906	7845			catalog	7845	-60	4,5,4,4	7,7,7,6	7,8,8,8	17x27x31	0
17x27x32	8035	8078	8040			catalog	8040	5	4,5,4,4	7,7,7,6	8,8,8,8	17x27x32	0
17x28x28	7280	7416	7395			catalog	7395	115	4,5,4,4	7,7,7,7	7,7,7,7	17x28x28	0
17x28x29	7596	7682	7682			fmm	7682	86	4,5,4,4	7,7,7,7	7,8,7,7	17x28x29	0
17x28x31	8075	8129	8089			catalog	8089	14	4,5,4,4	8,8,8,7	7,7,7,7	17x31x28	5
17x28x32	8255	8328	8250			catalog	8250	-5	4,5,4,4	7,7,7,7	8,8,8,8	17x28x32	0
17x29x29	7916	7930	7930			fmm	7930	14	4,5,4,4	8,7,7,7	7,8,7,7	17x29x29	0
17x29x32	8587	8607	8607			fmm	8607	20	4,5,4,4	8,7,7,7	8,8,8,8	17x29x32	0
18x19x32	6100	6130	6130			fmm	6130	30	4,5,5,4	5,5,5,4	8,8,8,8	18x19x32	0
18x20x22	4522	4557	4460		4460	catalog	4460	-62	5,5,5,5	5,5,4,4	5,6,6,5	20x18x22	4
18x20x27	5425	5478	5460		5472	catalog	5460	35	4,5,5,4	7,7,7,6	5,5,5,5	18x27x20	5
18x20x28	5555	5615	5614			catalog	5614	59	4,5,5,4	5,5,5,5	7,7,7,7	18x20x28	0
18x20x29	5803	5860	5860			fmm	5860	57	5,5,5,5	5,5,4,4	7,8,7,7	20x18x29	4
18x20x31	6170	6247	6231	6231		catalog	6231	61	4,5,5,4	8,8,8,7	5,5,5,5	18x31x20	5
18x20x32	6300	6412	6345	6345	6382	catalog	6345	45	4,5,5,4	5,5,5,5	8,8,8,8	18x20x32	0
18x21x28	5891	5909	5860			catalog	5860	-31	4,5,5,4	5,6,5,5	7,7,7,7	18x21x28	0
18x23x28	6388	6406	6377			catalog	6377	-11	4,5,5,4	6,6,6,5	7,7,7,7	18x23x28	0
18x24x28	6564	6580	6540			catalog	6540	-24	4,5,5,4	6,6,6,6	7,7,7,7	18x24x28	0
18x26x26	6855	6856	6730		6790	catalog	6730	-125	4,5,5,4	7,7,6,6	6,7,7,6	18x26x26	0
18x28x28	7696	7707	7676	7676		catalog	7676	-20	4,5,5,4	7,7,7,7	7,7,7,7	18x28x28	0
19x19x27	5523	5572	5536			catalog	5536	13	4,5,5,5	5,5,5,4	6,7,7,7	19x19x27	0
19x19x28	5628	5723	5723			fmm	5723	95	4,5,5,5	5,5,5,4	7,7,7,7	19x19x28	0
19x19x29	5885	5938	5937			catalog	5937	52	4,5,5,5	5,5,5,4	7,8,7,7	19x19x29	0
19x19x30	6097	6113	6113			fmm	6113	16	4,5,5,5	5,5,5,4	7,8,8,7	19x19x30	0
19x19x31	6278	6324	6325			fmm	6324	46	4,5,5,5	5,5,5,4	7,8,8,8	19x19x31	0
19x19x32	6382	6500	6500			fmm	6500	118	4,5,5,5	5,5,5,4	8,8,8,8	19x19x32	0
19x20x21	4495	4637	4596			catalog	4596	101	5,5,5,5	5,5,5,4	5,6,5,5	20x19x21	4
19x20x22	4710	4829	4767			catalog	4767	57	5,5,5,5	5,5,5,4	5,6,6,5	20x19x22	4
19x20x23	4894	4957	4957			fmm	4957	63	5,5,5,5	5,5,5,4	5,6,6,6	20x19x23	4
19x20x24	5010	5068	5068			fmm	5068	58	5,5,5,5	5,5,5,4	6,6,6,6	20x19x24	4
19x20x25	5270	5374	5374			fmm	5374	104	5,5,5,5	5,5,5,4	6,7,6,6	20x19x25	4
19x20x26	5485	5626	5577			catalog	5577	92	5,5,5,5	5,5,5,4	6,7,7,6	20x19x26	4
19x20x27	5669	5828	5828			fmm	5828	159	5,5,5,5	5,5,5,4	6,7,7,7	20x19x27	4
19x20x28	5785	5980	5980			fmm	5980	195	5,5,5,5	5,5,5,4	7,7,7,7	20x19x28	4
19x20x29	6045	6222	6222			fmm	6222	177	5,5,5,5	5,5,5,4	7,8,7,7	20x19x29	4
19x20x30	6260	6411	6411	6420		fmm	6411	151	5,5,5,5	5,5,5,4	7,8,8,7	20x19x30	4
19x20x31	6444	6619	6619			fmm	6619	175	5,5,5,5	5,5,5,4	7,8,8,8	20x19x31	4
19x20x32	6560	6780	6780			fmm	6780	220	5,5,5,5	5,5,5,4	8,8,8,8	20x19x32	4
19x21x21	4765	4770	4770			fmm	4770	5	5,6,5,5	5,5,5,4	5,6,5,5	21x19x21	4
19x21x22	4994	4999	4999			fmm	4999	5	5,6,5,5	5,5,5,4	5,6,6,5	21x19x22	4
19x21x23	5191	5206	5199			catalog	5199	8	5,6,5,5	5,5,5,4	5,6,6,6	21x19x23	4
19x21x24	5310	5374	5340			catalog	5340	30	5,6,5,5	5,5,5,4	6,6,6,6	21x19x24	4
19x21x25	5583	5675	5674			catalog	5674	91	5,6,5,5	5,5,5,4	6,7,6,6	21x19x25	4
19x21x26	5818	5892	5888			catalog	5888	70	5,6,5,5	5,5,5,4	6,7,7,6	21x19x26	4
19x21x27	6018	6154	6112			catalog	6112	94	5,6,5,5	5,5,5,4	6,7,7,7	21x19x27	4
19x21x28	6137	6312	6312			fmm	6312	175	5,6,5,5	5,5,5,4	7,7,7,7	21x19x28	4
19x21x29	6409	6571	6540			catalog	6540	131	5,6,5,5	5,5,5,4	7,8,7,7	21x19x29	4
19x21x31	6841	6980	6908			catalog	6908	67	5,6,5,5	5,5,5,4	7,8,8,8	21x19x31	4
19x21x32	6960	7148	7076			catalog	7076	116	5,6,5,5	5,5,5,4	8,8,8,8	21x19x32	4
19x22x22	5229	5288	5221			catalog	5221	-8	5,6,6,5	5,5,5,4	5,6,6,5	22x19x22	4
19x22x23	5438	5440	5433			catalog	5433	-5	5,6,6,5	5,5,5,4	5,6,6,6	22x19x23	4
19x22x24	5560	5610	5604			catalog	5604	44	5,6,6,5	5,5,5,4	6,6,6,6	22x19x24	4
19x22x25	5853	5912	5912			fmm	5912	59	5,6,6,5	5,5,5,4	6,7,6,6	22x19x25	4
19x22x26	6094	6201	6138			catalog	6138	44	5,6,6,5	5,5,5,4	6,7,7,6	22x19x26	4
19x22x27	6306	6409	6391			catalog	6391	85	5,6,6,5	5,5,5,4	6,7,7,7	22x19x27	4
19x22x28	6428	6570	6566			catalog	6566	138	5,6,6,5	5,5,5,4	7,7,7,7	22x19x28	4
19x22x29	6718	6816	6813			catalog	6813	95	5,6,6,5	5,5,5,4	7,8,7,7	22x19x29	4
19x22x30	6957	7011	7001			catalog	7001	44	5,6,6,5	5,5,5,4	7,8,8,7	22x19x30	4
19x22x31	7168	7225	7197	7197		catalog	7197	29	5,6,6,5	5,5,5,4	7,8,8,8	22x19x31	4
19x22x32	7290	7436	7354			catalog	7354	64	5,6,6,5	5,5,5,4	8,8,8,8	22x19x32	4
19x23x23	5650	5656	5656			fmm	5656	6	5,6,6,6	5,5,5,4	5,6,6,6	23x19x23	4
19x23x24	5775	5825	5825			fmm	5825	50	5,6,6,6	5,5,5,4	6,6,6,6	23x19x24	4
19x23x25	6084	6154	6154			fmm	6154	70	5,6,6,6	5,5,5,4	6,7,6,6	23x19x25	4
19x23x26	6337	6388	6388			fmm	6388	51	5,6,6,6	5,5,5,4	6,7,7,6	23x19x26	4
19x23x27	6552	6639	6639			fmm	6639	87	5,6,6,6	5,5,5,4	6,7,7,7	23x19x27	4
19x23x28	6677	6820	6820			fmm	6820	143	5,6,6,6	5,5,5,4	7,7,7,7	23x19x28	4
19x23x29	6982	7075	7075			fmm	7075	93	5,6,6,6	5,5,5,4	7,8,7,7	23x19x29	4
19x23x30	7233	7292	7271			catalog	7271	38	5,6,6,6	5,5,5,4	7,8,8,7	23x19x30	4
19x23x31	7447	7479	7479	7479		fmm	7479	32	5,6,6,6	5,5,5,4	7,8,8,8	23x19x31	4
19x23x32	7572	7642	7642	7642		fmm	7642	70	5,6,6,6	5,5,5,4	8,8,8,8	23x19x32	4
19x24x24	5910	6000	6000			fmm	6000	90	6,6,6,6	5,5,5,4	6,6,6,6	24x19x24	4
19x24x25	6222	6336	6336			fmm	6336	114	6,6,6,6	5,5,5,4	6,7,6,6	24x19x25	4
19x24x26	6478	6594	6584			catalog	6584	106	6,6,6,6	5,5,5,4	6,7,7,6	24x19x26	4
19x24x27	6696	6830	6830			fmm	6830	134	6,6,6,6	5,5,5,4	6,7,7,7	24x19x27	4
19x24x28	6834	7012	7012			fmm	7012	178	6,6,6,6	5,5,5,4	7,7,7,7	24x19x28	4
19x24x29	7142	7272	7272			fmm	7272	130	6,6,6,6	5,5,5,4	7,8,7,7	24x19x29	4
19x24x30	7396	7476	7462			catalog	7462	66	6,6,6,6	5,5,5,4	7,8,8,7	24x19x30	4
19x24x31	7613	7662	7662	7662		fmm	7662	49	6,6,6,6	5,5,5,4	7,8,8,8	24x19x31	4
19x24x32	7750	7809	7809	7809		fmm	7809	59	6,6,6,6	5,5,5,4	8,8,8,8	24x19x32	4
19x25x25	6555	6688	6688			fmm	6688	133	6,7,6,6	5,5,5,4	6,7,6,6	25x19x25	4
19x25x26	6841	6973	6938			catalog	6938	97	6,7,6,6	5,5,5,4	6,7,7,6	25x19x26	4
19x25x27	7086	7198	7198			fmm	7198	112	6,7,6,6	5,5,5,4	6,7,7,7	25x19x27	4
19x25x28	7230	7388	7388			fmm	7388	158	6,7,6,6	5,5,5,4	7,7,7,7	25x19x28	4
19x25x29	7562	7674	7674			fmm	7674	112	6,7,6,6	5,5,5,4	7,8,7,7	25x19x29	4
19x25x30	7848	7923	7923	7923		fmm	7923	75	6,7,6,6	5,5,5,4	7,8,8,7	25x19x30	4
19x25x31	8097	8152	8152			fmm	8152	55	6,7,6,6	5,5,5,4	7,8,8,8	25x19x31	4
19x25x32	8242	8357	8357			fmm	8357	115	6,7,6,6	5,5,5,4	8,8,8,8	25x19x32	4
19x26x26	7139	7271	7214			catalog	7214	75	6,7,7,6	5,5,5,4	6,7,7,6	26x19x26	4
19x26x27	7408	7497	7489			catalog	7489	81	6,7,7,6	5,5,5,4	6,7,7,7	26x19x27	4
19x26x28	7558	7680	7680			fmm	7680	122	6,7,7,6	5,5,5,4	7,7,7,7	26x19x28	4
19x26x29	7922	8009	7990			catalog	7990	68	6,7,7,6	5,5,5,4	7,8,7,7	26x19x29	4
19x26x30	8224	8277	8218			catalog	8218	-6	6,7,7,6	5,5,5,4	7,8,8,7	26x19x30	4
19x26x31	8505	8549	8474			catalog	8474	-31	6,7,7,6	5,5,5,4	7,8,8,8	26x19x31	4
19x26x32	8658	8701	8691			catalog	8691	33	6,7,7,6	5,5,5,4	8,8,8,8	26x19x32	4
19x27x27	7683	7722	7722			fmm	7722	39	6,7,7,7	5,5,5,4	6,7,7,7	27x19x27	4
19x27x28	7839	7994	7983			catalog	7983	144	6,7,7,7	5,5,5,4	7,7,7,7	27x19x28	4
19x27x29	8235	8250	8250			fmm	8250	15	6,7,7,7	5,5,5,4	7,8,7,7	27x19x29	4
19x28x28	8016	8231	8231			fmm	8231	215	7,7,7,7	5,5,5,4	7,7,7,7	28x19x28	4
19x28x29	8420	8543	8543			fmm	8543	123	7,7,7,7	5,5,5,4	7,8,7,7	28x19x29	4
19x28x30	8762	8781	8781			fmm	8781	19	7,7,7,7	5,5,5,4	7,8,8,7	28x19x30	4
19x28x31	9059	9107	9075			catalog	9075	16	7,7,7,7	5,5,5,4	7,8,8,8	28x19x31	4
19x28x32	9244	9354	9267			catalog	9267	23	7,7,7,7	5,5,5,4	8,8,8,8	28x19x32	4
19x29x32	9632	9654	9654			fmm	9654	22	7,8,7,7	5,5,5,4	8,8,8,8	29x19x32	4
20x20x21	4643	4740	4740			fmm	4740	97	5,5,5,5	5,5,5,5	5,6,5,5	20x20x21	0
20x20x22	4864	4950	4950			fmm	4950	86	5,5,5,5	5,5,5,5	5,6,6,5	20x20x22	0
20x20x23	5034	5212	5212			fmm	5212	178	5,5,5,5	6,6,6,5	5,5,5,5	20x23x20	5
20x20x24	5170	5280	5232	5232	5250	catalog	5232	62	5,5,5,5	5,5,5,5	6,6,6,6	20x20x24	0
20x20x25	5442	5632	5611	5611	5611	catalog	5611	169	5,5,5,5	5,5,5,5	6,7,6,6	20x20x25	0
20x20x26	5663	5838	5793	5793	5812	catalog	5793	130	5,5,5,5	5,5,5,5	6,7,7,6	20x20x26	0
20x20x27	5833	6006	5986			catalog	5986	153	5,5,5,5	7,7,7,6	5,5,5,5	20x27x20	5
20x20x28	5969	6093	6093			fmm	6093	124	5,5,5,5	5,5,5,5	7,7,7,7	20x20x28	0
20x20x29	6241	6472	6436			catalog	6436	195	5,5,5,5	5,5,5,5	7,8,7,7	20x20x29	0
20x20x30	6462	6652	6580	6580	6580	catalog	6580	118	5,5,5,5	5,5,5,5	7,8,8,7	20x20x30	0
20x20x31	6632	6844	6844			fmm	6844	212	5,5,5,5	8,8,8,7	5,5,5,5	20x31x20	5
20x20x32	6768	6912	6912			fmm	6912	144	5,5,5,5	5,5,5,5	8,8,8,8	20x20x32	0
20x21x21	4927	4967	4967			fmm	4967	40	5,5,5,5	6,5,5,5	5,6,5,5	20x21x21	0
20x21x22	5160	5261	5261			fmm	5261	101	5,5,5,5	6,5,5,5	5,6,5,6	20x21x22	0
20x21x23	5342	5465	5465			fmm	5465	123	5,5,5,5	6,6,6,5	5,6,5,5	20x23x21	5
20x21x24	5490	5592	5589		5580	fmm17	5580	90	5,5,5,5	6,5,5,5	6,6,6,6	20x21x24	0
20x21x25	5774	5940	5914	5923	5882	fmm17	5882	108	5,5,5,5	6,5,5,5	6,7,6,6	20x21x25	0
20x21x26	6007	6201	6175		6140	fmm17	6140	133	5,5,5,5	6,5,5,5	6,7,6,7	20x21x26	0
20x21x27	6189	6390	6376			catalog	6376	187	5,5,5,5	7,7,7,6	5,6,5,5	20x27x21	5
20x21x28	6337	6528	6516			catalog	6516	179	5,5,5,5	6,5,5,5	7,7,7,7	20x21x28	0
20x21x29	6621	6840	6798	6865		catalog	6798	177	5,5,5,5	6,5,5,5	7,8,7,7	20x21x29	0
20x21x31	7036	7260	7248			catalog	7248	212	5,5,5,5	8,8,8,7	5,6,5,5	20x31x21	5
20x21x32	7184	7440	7440		7410	fmm17	7410	226	5,5,5,5	6,5,5,5	8,8,8,8	20x21x32	0
20x22x23	5596	5722	5722			fmm	5722	126	5,5,5,5	6,6,6,5	5,6,6,5	20x23x22	5
20x22x24	5750	5889	5879			catalog	5879	129	5,5,5,5	6,6,5,5	6,6,6,6	20x22x24	0
20x22x25	6046	6181	6179			catalog	6179	133	5,5,5,5	6,6,5,5	6,7,6,6	20x22x25	0
20x22x26	6294	6468	6448	6448		catalog	6448	154	5,5,5,5	6,6,5,5	6,7,7,6	20x22x26	0
20x22x27	6482	6696	6631			catalog	6631	149	5,5,5,5	7,7,7,6	5,6,6,5	20x27x22	5
20x22x28	6636	6867	6867	6867	6859	fmm17	6859	223	5,5,5,5	6,6,5,5	7,7,7,7	20x22x28	0
20x22x29	6932	7143	7143	7143		fmm	7143	211	5,5,5,5	6,6,5,5	7,8,7,7	20x22x29	0
20x22x30	7180	7350	7308		7341	catalog	7308	128	5,5,5,5	6,6,5,5	7,8,8,7	20x22x30	0
20x22x31	7368	7598	7569	7569		catalog	7569	201	5,5,5,5	8,8,8,7	5,6,6,5	20x31x22	5
20x22x32	7522	7766	7728	7728		catalog	7728	206	5,5,5,5	6,6,5,5	8,8,8,8	20x22x32	0
20x23x23	5813	5906	5906			fmm	5906	93	5,5,5,5	6,6,6,5	5,6,6,6	20x23x23	0
20x23x24	5950	6102	6102			fmm	6102	152	5,5,5,5	6,6,6,5	6,6,6,6	20x23x24	0
20x23x25	6258	6466	6456			catalog	6456	198	5,5,5,5	6,6,6,5	6,7,6,6	20x23x25	0
20x23x26	6512	6732	6715			catalog	6715	203	5,5,5,5	6,6,6,5	6,7,7,6	20x23x26	0
20x23x27	6729	6962	6962	6962		fmm	6962	233	5,5,5,5	6,6,6,5	6,7,7,7	20x23x27	0
20x23x28	6866	7100	7100			fmm	7100	234	5,5,5,5	6,6,6,5	7,7,7,7	20x23x28	0
20x23x29	7174	7421	7421	7421		fmm	7421	247	5,5,5,5	6,6,6,5	7,8,7,7	20x23x29	0
20x23x30	7428	7638	7638	7638		fmm	7638	210	5,5,5,5	6,6,6,5	7,8,8,7	20x23x30	0
20x23x31	7645	7862	7862	7862		fmm	7862	217	5,5,5,5	6,6,6,5	7,8,8,8	20x23x31	0
20x23x32	7782	8040	8040	8040		fmm	8040	258	5,5,5,5	6,6,6,5	8,8,8,8	20x23x32	0
20x24x24	6110	6237	6234			catalog	6234	124	5,5,5,5	6,6,6,6	6,6,6,6	20x24x24	0
20x24x25	6430	6466	6474			fmm	6466	36	5,5,5,5	6,6,6,6	6,7,6,6	20x24x25	0
20x24x26	6690	6930	6906	6906	6898	fmm17	6898	208	5,5,5,5	6,6,6,6	6,7,7,6	20x24x26	0
20x24x27	6890	7056	7056			fmm	7056	166	5,5,5,5	7,7,7,6	6,6,6,6	20x27x24	5
20x24x28	7050	7200	7191			catalog	7191	141	5,5,5,5	6,6,6,6	7,7,7,7	20x24x28	0
20x24x29	7370	7632	7600			catalog	7600	230	5,5,5,5	6,6,6,6	7,8,7,7	20x24x29	0
20x24x30	7630	7746	7730	7730	7730	catalog	7730	100	5,5,5,5	6,6,6,6	7,8,8,7	20x24x30	0
20x24x31	7830	8070	8070	8070		fmm	8070	240	5,5,5,5	8,8,8,7	6,6,6,6	20x31x24	5
20x24x32	7990	8157	8157			fmm	8157	167	5,5,5,5	6,6,6,6	8,8,8,8	20x24x32	0
20x25x25	6774	6924	6924	6924		fmm	6924	150	5,5,5,5	7,6,6,6	6,7,6,6	20x25x25	0
20x25x26	7058	7171	7167			catalog	7167	109	5,5,5,5	7,6,6,6	6,7,6,7	20x25x26	0
20x25x27	7282	7542	7509	7509	7497	fmm17	7497	215	5,5,5,5	7,7,7,6	6,7,6,6	20x27x25	5
20x25x28	7466	7718	7686	7686	7678	fmm17	7678	212	5,5,5,5	7,6,6,6	7,7,7,7	20x25x28	0
20x25x29	7818	8056	8024	8024		catalog	8024	206	5,5,5,5	7,6,6,6	7,8,7,7	20x25x29	0
20x25x31	8342	8570	8570			fmm	8570	228	5,5,5,5	8,8,8,7	6,7,6,6	20x31x25	5
20x25x32	8534	8744	8710	8710	8706	fmm17	8706	172	5,5,5,5	7,6,6,6	8,8,8,8	20x25x32	0
20x26x26	7372	7574	7566	7566		catalog	7566	194	5,5,5,5	7,7,6,6	6,7,7,6	20x26x26	0
20x26x27	7608	7802	7762	7762		catalog	7762	154	5,5,5,5	7,7,7,6	6,7,7,6	20x27x26	5
20x26x28	7804	8054	7866		7986	catalog	7866	62	5,5,5,5	7,7,6,6	7,7,7,7	20x26x28	0
20x26x29	8188	8376	8376	8376		fmm	8376	188	5,5,5,5	7,7,6,6	7,8,7,7	20x26x29	0
20x26x30	8520	8610	8590	8610	8569	fmm17	8569	49	5,5,5,5	7,7,6,6	7,8,8,7	20x26x30	0
20x26x31	8768	8895	8895			fmm	8895	127	5,5,5,5	8,8,8,7	6,7,7,6	20x31x26	5
20x26x32	8976	9133	9078			catalog	9078	102	5,5,5,5	7,7,6,6	8,8,8,8	20x26x32	0
20x27x27	7888	7980	7980			fmm	7980	92	5,5,5,5	7,7,7,6	6,7,7,7	20x27x27	0
20x27x28	8064	8196	8192			catalog	8192	128	5,5,5,5	7,7,7,6	7,7,7,7	20x27x28	0
20x27x29	8480	8658	8606			catalog	8606	126	5,5,5,5	7,7,7,6	7,8,7,7	20x27x29	0
20x27x31	9128	9198	9080			catalog	9080	-48	5,5,5,5	7,7,7,6	7,8,8,8	20x27x31	0
20x27x32	9316	9356	9200	9200		catalog	9200	-116	5,5,5,5	7,7,7,6	8,8,8,8	20x27x32	0
20x28x28	8272	8438	8434			catalog	8434	162	5,5,5,5	7,7,7,7	7,7,7,7	20x28x28	0
20x28x29	8720	8943	8939	8939		catalog	8939	219	5,5,5,5	7,7,7,7	7,8,7,7	20x28x29	0
20x28x31	9364	9525	9525	9525		fmm	9525	161	5,5,5,5	8,8,8,7	7,7,7,7	20x31x28	5
20x28x32	9588	9780	9760			catalog	9760	172	5,5,5,5	7,7,7,7	8,8,8,8	20x28x32	0
20x29x29	9152	9247	9247			fmm	9247	95	5,5,5,5	8,7,7,7	7,7,8,7	20x29x29	0
20x29x31	9782	9844	9844			fmm	9844	62	5,5,5,5	8,8,7,8	7,7,8,7	20x31x29	5
20x29x32	10004	10122	10122			fmm	10122	118	5,5,5,5	8,7,7,7	8,8,8,8	20x29x32	0
20x31x32	10602	10686	10686			fmm	10686	84	5,5,5,5	8,8,8,7	8,8,8,8	20x31x32	0
20x32x32	10810	10920	10920			fmm	10920	110	5,5,5,5	8,8,8,8	8,8,8,8	20x32x32	0
