target	d450_formula	d677_formula	d677_gain	d677_alloc_n	d677_alloc_m	d677_alloc_p	d677_source	d677_s3_code
8x8x8	329	329	0	2,2,2,2	2,2,2,2	2,2,2,2	8x8x8	0
8x8x9	393	393	0	3,2,2,2	2,2,2,2	2,2,2,2	9x8x8	3
8x8x10	445	445	0	3,3,2,2	2,2,2,2	2,2,2,2	10x8x8	3
8x8x11	485	485	0	3,3,3,2	2,2,2,2	2,2,2,2	11x8x8	3
8x8x12	517	517	0	2,2,2,2	2,2,2,2	3,3,3,3	8x8x12	0
8x8x13	565	565	0	4,3,3,3	2,2,2,2	2,2,2,2	13x8x8	3
8x8x14	604	604	0	4,4,3,3	2,2,2,2	2,2,2,2	14x8x8	3
8x8x15	634	634	0	4,4,4,3	2,2,2,2	2,2,2,2	15x8x8	3
8x8x16	658	658	0	2,2,2,2	2,2,2,2	4,4,4,4	8x8x16	0
8x8x17	722	722	0	5,4,4,4	2,2,2,2	2,2,2,2	17x8x8	3
8x8x18	774	774	0	5,5,4,4	2,2,2,2	2,2,2,2	18x8x8	3
8x8x19	814	814	0	5,5,5,4	2,2,2,2	2,2,2,2	19x8x8	3
8x8x20	846	846	0	2,2,2,2	2,2,2,2	5,5,5,5	8x8x20	0
8x8x21	894	894	0	6,5,5,5	2,2,2,2	2,2,2,2	21x8x8	3
8x8x22	933	933	0	6,6,5,5	2,2,2,2	2,2,2,2	22x8x8	3
8x8x23	963	963	0	6,6,6,5	2,2,2,2	2,2,2,2	23x8x8	3
8x8x24	987	987	0	2,2,2,2	2,2,2,2	6,6,6,6	8x8x24	0
8x8x25	1051	1051	0	7,6,6,6	2,2,2,2	2,2,2,2	25x8x8	3
8x8x26	1103	1103	0	7,7,6,6	2,2,2,2	2,2,2,2	26x8x8	3
8x8x27	1143	1143	0	7,7,7,6	2,2,2,2	2,2,2,2	27x8x8	3
8x8x28	1175	1175	0	2,2,2,2	2,2,2,2	7,7,7,7	8x8x28	0
8x8x29	1223	1223	0	8,7,7,7	2,2,2,2	2,2,2,2	29x8x8	3
8x8x30	1262	1262	0	8,8,7,7	2,2,2,2	2,2,2,2	30x8x8	3
8x8x31	1292	1292	0	8,8,8,7	2,2,2,2	2,2,2,2	31x8x8	3
8x8x32	1316	1316	0	2,2,2,2	2,2,2,2	8,8,8,8	8x8x32	0
8x9x9	457	465	-8	3,2,2,2	2,2,2,3	2,2,2,2	9x9x8	3
8x9x10	509	517	-8	3,3,2,2	2,2,2,3	2,2,2,2	10x9x8	3
8x9x11	549	557	-8	3,3,3,2	2,2,2,3	2,2,2,2	11x9x8	3
8x9x12	581	581	0	3,2,2,2	2,2,2,2	3,3,3,3	9x8x12	4
8x9x13	637	643	-6	3,2,2,2	3,3,3,4	2,2,2,2	9x13x8	2
8x9x14	684	692	-8	4,3,4,3	2,2,2,3	2,2,2,2	14x9x8	3
8x9x15	722	728	-6	3,2,2,2	4,4,3,4	2,2,2,2	9x15x8	2
8x9x16	754	754	0	3,2,2,2	2,2,2,2	4,4,4,4	9x8x16	4
8x9x17	822	830	-8	3,2,2,2	4,4,4,5	2,2,2,2	9x17x8	2
8x9x18	878	890	-12	5,4,5,4	2,2,2,3	2,2,2,2	18x9x8	3
8x9x19	922	930	-8	3,2,2,2	5,5,4,5	2,2,2,2	9x19x8	2
8x9x20	958	958	0	3,2,2,2	2,2,2,2	5,5,5,5	9x8x20	4
8x9x21	1014	1020	-6	3,2,2,2	5,5,5,6	2,2,2,2	9x21x8	2
8x9x22	1061	1070	-9	3,2,2,2	6,5,5,6	2,2,2,2	9x22x8	2
8x9x23	1099	1105	-6	3,2,2,2	6,6,5,6	2,2,2,2	9x23x8	2
8x9x24	1131	1131	0	3,2,2,2	2,2,2,2	6,6,6,6	9x8x24	4
8x9x25	1199	1207	-8	3,2,2,2	6,6,6,7	2,2,2,2	9x25x8	2
8x9x26	1255	1267	-12	3,2,2,2	7,6,6,7	2,2,2,2	9x26x8	2
8x9x27	1299	1307	-8	3,2,2,2	7,7,6,7	2,2,2,2	9x27x8	2
8x9x28	1335	1335	0	3,2,2,2	2,2,2,2	7,7,7,7	9x8x28	4
8x9x29	1391	1397	-6	3,2,2,2	7,7,7,8	2,2,2,2	9x29x8	2
8x9x30	1438	1447	-9	3,2,2,2	8,7,7,8	2,2,2,2	9x30x8	2
8x9x31	1476	1482	-6	3,2,2,2	8,8,7,8	2,2,2,2	9x31x8	2
8x9x32	1508	1508	0	3,2,2,2	2,2,2,2	8,8,8,8	9x8x32	4
8x10x10	561	573	-12	3,3,2,2	3,2,2,3	2,2,2,2	10x10x8	3
8x10x11	601	609	-8	3,3,2,2	3,3,2,3	2,2,2,2	10x11x8	2
8x10x12	633	633	0	3,3,2,2	2,2,2,2	3,3,3,3	10x8x12	4
8x10x13	697	703	-6	3,2,3,2	3,3,3,4	2,2,2,2	10x13x8	2
8x10x14	754	765	-11	3,2,3,2	4,3,3,4	2,2,2,2	10x14x8	2
8x10x15	796	804	-8	3,3,2,2	4,4,3,4	2,2,2,2	10x15x8	2
8x10x16	832	832	0	3,3,2,2	2,2,2,2	4,4,4,4	10x8x16	4
8x10x17	904	912	-8	3,2,3,2	4,4,4,5	2,2,2,2	10x17x8	2
8x10x18	965	978	-13	3,2,3,2	5,4,4,5	2,2,2,2	10x18x8	2
8x10x19	1011	1020	-9	3,3,2,2	5,5,4,5	2,2,2,2	10x19x8	2
8x10x20	1049	1049	0	3,3,2,2	2,2,2,2	5,5,5,5	10x8x20	4
8x10x21	1113	1119	-6	3,2,3,2	5,5,5,6	2,2,2,2	10x21x8	2
8x10x22	1170	1181	-11	3,2,3,2	6,5,5,6	2,2,2,2	10x22x8	2
8x10x23	1212	1220	-8	3,3,2,2	6,6,5,6	2,2,2,2	10x23x8	2
8x10x24	1248	1248	0	3,3,2,2	2,2,2,2	6,6,6,6	10x8x24	4
8x10x25	1320	1328	-8	3,2,3,2	6,6,6,7	2,2,2,2	10x25x8	2
8x10x26	1381	1394	-13	3,2,3,2	7,6,6,7	2,2,2,2	10x26x8	2
8x10x27	1427	1436	-9	3,3,2,2	7,7,6,7	2,2,2,2	10x27x8	2
8x10x28	1465	1465	0	3,3,2,2	2,2,2,2	7,7,7,7	10x8x28	4
8x10x29	1529	1535	-6	3,2,3,2	7,7,7,8	2,2,2,2	10x29x8	2
8x10x30	1586	1597	-11	3,2,3,2	8,7,7,8	2,2,2,2	10x30x8	2
8x10x31	1628	1636	-8	3,3,2,2	8,8,7,8	2,2,2,2	10x31x8	2
8x10x32	1664	1664	0	3,3,2,2	2,2,2,2	8,8,8,8	10x8x32	4
8x11x11	645	649	-4	3,3,3,2	3,3,2,3	2,2,2,2	11x11x8	3
8x11x12	673	673	0	3,3,3,2	2,2,2,2	3,3,3,3	11x8x12	4
8x11x13	745	753	-8	4,3,3,3	3,3,2,3	2,2,2,2	13x11x8	3
8x11x14	806	816	-10	4,4,3,3	3,3,2,3	2,2,2,2	14x11x8	3
8x11x15	859	862	-3	3,3,3,2	4,4,3,4	2,2,2,2	11x15x8	2
8x11x16	892	892	0	3,3,3,2	2,2,2,2	4,4,4,4	11x8x16	4
8x11x17	968	978	-10	3,3,3,2	4,4,4,5	2,2,2,2	11x17x8	2
8x11x18	1031	1044	-13	5,5,4,4	3,3,2,3	2,2,2,2	18x11x8	3
8x11x19	1085	1089	-4	3,3,3,2	5,5,4,5	2,2,2,2	11x19x8	2
8x11x20	1119	1119	0	3,3,3,2	2,2,2,2	5,5,5,5	11x8x20	4
8x11x21	1191	1201	-10	3,3,3,2	5,5,5,6	2,2,2,2	11x21x8	2
8x11x22	1252	1267	-15	3,3,3,2	6,5,5,6	2,2,2,2	11x22x8	2
8x11x23	1305	1308	-3	3,3,3,2	6,6,5,6	2,2,2,2	11x23x8	2
8x11x24	1338	1338	0	3,3,3,2	2,2,2,2	6,6,6,6	11x8x24	4
8x11x25	1414	1424	-10	3,3,3,2	6,6,6,7	2,2,2,2	11x25x8	2
8x11x26	1477	1492	-15	3,3,3,2	7,6,6,7	2,2,2,2	11x26x8	2
8x11x27	1531	1535	-4	3,3,3,2	7,7,6,7	2,2,2,2	11x27x8	2
8x11x28	1565	1565	0	3,3,3,2	2,2,2,2	7,7,7,7	11x8x28	4
8x11x29	1637	1647	-10	3,3,3,2	7,7,7,8	2,2,2,2	11x29x8	2
8x11x30	1698	1713	-15	3,3,3,2	8,7,7,8	2,2,2,2	11x30x8	2
8x11x31	1751	1754	-3	3,3,3,2	8,8,7,8	2,2,2,2	11x31x8	2
8x11x32	1784	1784	0	3,3,3,2	2,2,2,2	8,8,8,8	11x8x32	4
8x12x12	705	705	0	2,2,2,2	3,3,3,3	3,3,3,3	8x12x12	0
8x12x13	785	785	0	4,3,3,3	3,3,3,3	2,2,2,2	13x12x8	3
8x12x14	850	850	0	4,4,3,3	3,3,3,3	2,2,2,2	14x12x8	3
8x12x15	900	900	0	4,4,4,3	3,3,3,3	2,2,2,2	15x12x8	3
8x12x16	940	940	0	2,2,2,2	3,3,3,3	4,4,4,4	8x12x16	0
8x12x17	1020	1020	0	5,4,4,4	3,3,3,3	2,2,2,2	17x12x8	3
8x12x18	1085	1085	0	5,5,4,4	3,3,3,3	2,2,2,2	18x12x8	3
8x12x19	1135	1135	0	5,5,5,4	3,3,3,3	2,2,2,2	19x12x8	3
8x12x20	1175	1175	0	2,2,2,2	3,3,3,3	5,5,5,5	8x12x20	0
8x12x21	1255	1255	0	6,5,5,5	3,3,3,3	2,2,2,2	21x12x8	3
8x12x22	1320	1320	0	6,6,5,5	3,3,3,3	2,2,2,2	22x12x8	3
8x12x23	1370	1370	0	6,6,6,5	3,3,3,3	2,2,2,2	23x12x8	3
8x12x24	1410	1410	0	2,2,2,2	3,3,3,3	6,6,6,6	8x12x24	0
8x12x25	1490	1490	0	7,6,6,6	3,3,3,3	2,2,2,2	25x12x8	3
8x12x26	1555	1555	0	7,7,6,6	3,3,3,3	2,2,2,2	26x12x8	3
8x12x27	1605	1605	0	7,7,7,6	3,3,3,3	2,2,2,2	27x12x8	3
8x12x28	1645	1645	0	2,2,2,2	3,3,3,3	7,7,7,7	8x12x28	0
8x12x29	1725	1725	0	8,7,7,7	3,3,3,3	2,2,2,2	29x12x8	3
8x12x30	1790	1790	0	8,8,7,7	3,3,3,3	2,2,2,2	30x12x8	3
8x12x31	1840	1840	0	8,8,8,7	3,3,3,3	2,2,2,2	31x12x8	3
8x12x32	1880	1880	0	2,2,2,2	3,3,3,3	8,8,8,8	8x12x32	0
8x13x13	869	879	-10	4,3,3,3	3,3,3,4	2,2,2,2	13x13x8	3
8x13x14	938	948	-10	4,3,4,3	3,3,3,4	2,2,2,2	14x13x8	3
8x13x15	992	1002	-10	4,3,3,3	4,4,3,4	2,2,2,2	13x15x8	2
8x13x16	1036	1036	0	4,3,3,3	2,2,2,2	4,4,4,4	13x8x16	4
8x13x17	1124	1134	-10	4,3,3,3	4,4,4,5	2,2,2,2	13x17x8	2
8x13x18	1197	1209	-12	5,4,5,4	3,3,3,4	2,2,2,2	18x13x8	3
8x13x19	1255	1265	-10	4,3,3,3	5,5,4,5	2,2,2,2	13x19x8	2
8x13x20	1303	1303	0	4,3,3,3	2,2,2,2	5,5,5,5	13x8x20	4
8x13x21	1387	1397	-10	4,3,3,3	5,5,5,6	2,2,2,2	13x21x8	2
8x13x22	1456	1471	-15	4,3,3,3	6,5,5,6	2,2,2,2	13x22x8	2
8x13x23	1510	1520	-10	4,3,3,3	6,6,5,6	2,2,2,2	13x23x8	2
8x13x24	1554	1554	0	4,3,3,3	2,2,2,2	6,6,6,6	13x8x24	4
8x13x25	1638	1648	-10	4,3,3,3	6,6,6,7	2,2,2,2	13x25x8	2
8x13x26	1707	1722	-15	4,3,3,3	7,6,6,7	2,2,2,2	13x26x8	2
8x13x27	1761	1771	-10	4,3,3,3	7,7,6,7	2,2,2,2	13x27x8	2
8x13x28	1805	1805	0	4,3,3,3	2,2,2,2	7,7,7,7	13x8x28	4
8x13x29	1889	1899	-10	4,3,3,3	7,7,7,8	2,2,2,2	13x29x8	2
8x13x30	1958	1973	-15	4,3,3,3	8,7,7,8	2,2,2,2	13x30x8	2
8x13x31	2012	2022	-10	4,3,3,3	8,8,7,8	2,2,2,2	13x31x8	2
8x13x32	2056	2056	0	4,3,3,3	2,2,2,2	8,8,8,8	13x8x32	4
8x14x14	1012	1028	-16	4,3,4,3	4,3,3,4	2,2,2,2	14x14x8	3
8x14x15	1068	1079	-11	4,4,3,3	4,4,3,4	2,2,2,2	14x15x8	2
8x14x16	1114	1114	0	4,4,3,3	2,2,2,2	4,4,4,4	14x8x16	4
8x14x17	1210	1220	-10	4,3,4,3	4,4,4,5	2,2,2,2	14x17x8	2
8x14x18	1293	1310	-17	4,3,4,3	5,4,4,5	2,2,2,2	14x18x8	2
8x14x19	1355	1367	-12	4,4,3,3	5,5,4,5	2,2,2,2	14x19x8	2
8x14x20	1407	1407	0	4,4,3,3	2,2,2,2	5,5,5,5	14x8x20	4
8x14x21	1495	1505	-10	4,3,4,3	5,5,5,6	2,2,2,2	14x21x8	2
8x14x22	1569	1585	-16	4,3,4,3	6,5,5,6	2,2,2,2	14x22x8	2
8x14x23	1625	1636	-11	4,4,3,3	6,6,5,6	2,2,2,2	14x23x8	2
8x14x24	1671	1671	0	4,4,3,3	2,2,2,2	6,6,6,6	14x8x24	4
8x14x25	1759	1769	-10	4,3,4,3	6,6,6,7	2,2,2,2	14x25x8	2
8x14x26	1833	1849	-16	4,3,4,3	7,6,6,7	2,2,2,2	14x26x8	2
8x14x27	1889	1900	-11	4,4,3,3	7,7,6,7	2,2,2,2	14x27x8	2
8x14x28	1935	1935	0	4,4,3,3	2,2,2,2	7,7,7,7	14x8x28	4
8x14x29	2023	2033	-10	4,3,4,3	7,7,7,8	2,2,2,2	14x29x8	2
8x14x30	2097	2113	-16	4,3,4,3	8,7,7,8	2,2,2,2	14x30x8	2
8x14x31	2153	2164	-11	4,4,3,3	8,8,7,8	2,2,2,2	14x31x8	2
8x14x32	2199	2199	0	4,4,3,3	2,2,2,2	8,8,8,8	14x8x32	4
8x15x15	1133	1138	-5	4,4,4,3	4,4,3,4	2,2,2,2	15x15x8	3
8x15x16	1174	1174	0	4,4,4,3	2,2,2,2	4,4,4,4	15x8x16	4
8x15x17	1278	1290	-12	5,4,4,4	4,4,3,4	2,2,2,2	17x15x8	3
8x15x18	1365	1379	-14	5,5,4,4	4,4,3,4	2,2,2,2	18x15x8	3
8x15x19	1440	1445	-5	4,4,4,3	5,5,4,5	2,2,2,2	15x19x8	2
8x15x20	1487	1487	0	4,4,4,3	2,2,2,2	5,5,5,5	15x8x20	4
8x15x21	1579	1591	-12	4,4,4,3	5,5,5,6	2,2,2,2	15x21x8	2
8x15x22	1655	1672	-17	6,6,5,5	4,4,3,4	2,2,2,2	22x15x8	3
8x15x23	1720	1725	-5	4,4,4,3	6,6,5,6	2,2,2,2	15x23x8	2
8x15x24	1761	1761	0	4,4,4,3	2,2,2,2	6,6,6,6	15x8x24	4
8x15x25	1853	1865	-12	4,4,4,3	6,6,6,7	2,2,2,2	15x25x8	2
8x15x26	1929	1947	-18	4,4,4,3	7,6,6,7	2,2,2,2	15x26x8	2
8x15x27	1994	1999	-5	4,4,4,3	7,7,6,7	2,2,2,2	15x27x8	2
8x15x28	2035	2035	0	4,4,4,3	2,2,2,2	7,7,7,7	15x8x28	4
8x15x29	2127	2139	-12	4,4,4,3	7,7,7,8	2,2,2,2	15x29x8	2
8x15x30	2203	2221	-18	4,4,4,3	8,7,7,8	2,2,2,2	15x30x8	2
8x15x31	2268	2273	-5	4,4,4,3	8,8,7,8	2,2,2,2	15x31x8	2
8x15x32	2309	2309	0	4,4,4,3	2,2,2,2	8,8,8,8	15x8x32	4
8x16x16	1222	1222	0	2,2,2,2	4,4,4,4	4,4,4,4	8x16x16	0
8x16x17	1334	1334	0	5,4,4,4	4,4,4,4	2,2,2,2	17x16x8	3
8x16x18	1425	1425	0	5,5,4,4	4,4,4,4	2,2,2,2	18x16x8	3
8x16x19	1495	1495	0	5,5,5,4	4,4,4,4	2,2,2,2	19x16x8	3
8x16x20	1551	1551	0	2,2,2,2	4,4,4,4	5,5,5,5	8x16x20	0
8x16x21	1647	1647	0	6,5,5,5	4,4,4,4	2,2,2,2	21x16x8	3
8x16x22	1725	1725	0	6,6,5,5	4,4,4,4	2,2,2,2	22x16x8	3
8x16x23	1785	1785	0	6,6,6,5	4,4,4,4	2,2,2,2	23x16x8	3
8x16x24	1833	1833	0	2,2,2,2	4,4,4,4	6,6,6,6	8x16x24	0
8x16x25	1929	1929	0	7,6,6,6	4,4,4,4	2,2,2,2	25x16x8	3
8x16x26	2007	2007	0	7,7,6,6	4,4,4,4	2,2,2,2	26x16x8	3
8x16x27	2067	2067	0	7,7,7,6	4,4,4,4	2,2,2,2	27x16x8	3
8x16x28	2115	2115	0	2,2,2,2	4,4,4,4	7,7,7,7	8x16x28	0
8x16x29	2211	2211	0	8,7,7,7	4,4,4,4	2,2,2,2	29x16x8	3
8x16x30	2289	2289	0	8,8,7,7	4,4,4,4	2,2,2,2	30x16x8	3
8x16x31	2349	2349	0	8,8,8,7	4,4,4,4	2,2,2,2	31x16x8	3
8x16x32	2397	2397	0	2,2,2,2	4,4,4,4	8,8,8,8	8x16x32	0
8x17x17	1446	1460	-14	5,4,4,4	4,4,4,5	2,2,2,2	17x17x8	3
8x17x18	1537	1551	-14	5,5,4,4	4,4,4,5	2,2,2,2	18x17x8	3
8x17x19	1607	1621	-14	5,5,5,4	4,4,4,5	2,2,2,2	19x17x8	3
8x17x20	1663	1663	0	5,4,4,4	2,2,2,2	5,5,5,5	17x8x20	4
8x17x21	1763	1775	-12	5,4,4,4	5,5,5,6	2,2,2,2	17x21x8	2
8x17x22	1845	1859	-14	6,5,6,5	4,4,4,5	2,2,2,2	22x17x8	3
8x17x23	1909	1921	-12	5,4,4,4	6,6,5,6	2,2,2,2	17x23x8	2
8x17x24	1961	1961	0	5,4,4,4	2,2,2,2	6,6,6,6	17x8x24	4
8x17x25	2065	2077	-12	5,4,4,4	6,6,6,7	2,2,2,2	17x25x8	2
8x17x26	2151	2167	-16	7,6,7,6	4,4,4,5	2,2,2,2	26x17x8	3
8x17x27	2219	2231	-12	5,4,4,4	7,7,6,7	2,2,2,2	17x27x8	2
8x17x28	2275	2275	0	5,4,4,4	2,2,2,2	7,7,7,7	17x8x28	4
8x17x29	2379	2391	-12	5,4,4,4	7,7,7,8	2,2,2,2	17x29x8	2
8x17x30	2465	2483	-18	5,4,4,4	8,7,7,8	2,2,2,2	17x30x8	2
8x17x31	2533	2545	-12	5,4,4,4	8,8,7,8	2,2,2,2	17x31x8	2
8x17x32	2589	2589	0	5,4,4,4	2,2,2,2	8,8,8,8	17x8x32	4
8x18x18	1628	1649	-21	5,5,4,4	5,4,4,5	2,2,2,2	18x18x8	3
8x18x19	1698	1712	-14	5,5,4,4	5,5,4,5	2,2,2,2	18x19x8	2
8x18x20	1754	1754	0	5,5,4,4	2,2,2,2	5,5,5,5	18x8x20	4
8x18x21	1858	1870	-12	5,4,5,4	5,5,5,6	2,2,2,2	18x21x8	2
8x18x22	1945	1964	-19	5,4,5,4	6,5,5,6	2,2,2,2	18x22x8	2
8x18x23	2011	2024	-13	5,5,4,4	6,6,5,6	2,2,2,2	18x23x8	2
8x18x24	2065	2065	0	5,5,4,4	2,2,2,2	6,6,6,6	18x8x24	4
8x18x25	2177	2189	-12	5,4,5,4	6,6,6,7	2,2,2,2	18x25x8	2
8x18x26	2273	2293	-20	5,4,5,4	7,6,6,7	2,2,2,2	18x26x8	2
8x18x27	2345	2359	-14	5,5,4,4	7,7,6,7	2,2,2,2	18x27x8	2
8x18x28	2405	2405	0	5,5,4,4	2,2,2,2	7,7,7,7	18x8x28	4
8x18x29	2517	2529	-12	5,4,5,4	7,7,7,8	2,2,2,2	18x29x8	2
8x18x30	2613	2633	-20	5,4,5,4	8,7,7,8	2,2,2,2	18x30x8	2
8x18x31	2685	2699	-14	5,5,4,4	8,8,7,8	2,2,2,2	18x31x8	2
8x18x32	2745	2745	0	5,5,4,4	2,2,2,2	8,8,8,8	18x8x32	4
8x19x19	1775	1782	-7	5,5,5,4	5,5,4,5	2,2,2,2	19x19x8	3
8x19x20	1824	1824	0	5,5,5,4	2,2,2,2	5,5,5,5	19x8x20	4
8x19x21	1932	1946	-14	6,5,5,5	5,5,4,5	2,2,2,2	21x19x8	3
8x19x22	2021	2036	-15	6,6,5,5	5,5,4,5	2,2,2,2	22x19x8	3
8x19x23	2097	2103	-6	5,5,5,4	6,6,5,6	2,2,2,2	19x23x8	2
8x19x24	2145	2145	0	5,5,5,4	2,2,2,2	6,6,6,6	19x8x24	4
8x19x25	2265	2281	-16	7,6,6,6	5,5,4,5	2,2,2,2	25x19x8	3
8x19x26	2365	2383	-18	7,7,6,6	5,5,4,5	2,2,2,2	26x19x8	3
8x19x27	2451	2457	-6	5,5,5,4	7,7,6,7	2,2,2,2	19x27x8	2
8x19x28	2505	2505	0	5,5,5,4	2,2,2,2	7,7,7,7	19x8x28	4
8x19x29	2625	2641	-16	5,5,5,4	7,7,7,8	2,2,2,2	19x29x8	2
8x19x30	2725	2747	-22	8,8,7,7	5,5,4,5	2,2,2,2	30x19x8	3
8x19x31	2811	2817	-6	5,5,5,4	8,8,7,8	2,2,2,2	19x31x8	2
8x19x32	2865	2865	0	5,5,5,4	2,2,2,2	8,8,8,8	19x8x32	4
8x20x20	1880	1880	0	2,2,2,2	5,5,5,5	5,5,5,5	8x20x20	0
8x20x21	1992	1992	0	6,5,5,5	5,5,5,5	2,2,2,2	21x20x8	3
8x20x22	2083	2083	0	6,6,5,5	5,5,5,5	2,2,2,2	22x20x8	3
8x20x23	2153	2153	0	6,6,6,5	5,5,5,5	2,2,2,2	23x20x8	3
8x20x24	2209	2209	0	2,2,2,2	5,5,5,5	6,6,6,6	8x20x24	0
8x20x25	2337	2337	0	7,6,6,6	5,5,5,5	2,2,2,2	25x20x8	3
8x20x26	2441	2441	0	7,7,6,6	5,5,5,5	2,2,2,2	26x20x8	3
8x20x27	2521	2521	0	7,7,7,6	5,5,5,5	2,2,2,2	27x20x8	3
8x20x28	2585	2585	0	2,2,2,2	5,5,5,5	7,7,7,7	8x20x28	0
8x20x29	2713	2713	0	8,7,7,7	5,5,5,5	2,2,2,2	29x20x8	3
8x20x30	2817	2817	0	8,8,7,7	5,5,5,5	2,2,2,2	30x20x8	3
8x20x31	2897	2897	0	8,8,8,7	5,5,5,5	2,2,2,2	31x20x8	3
8x20x32	2961	2961	0	2,2,2,2	5,5,5,5	8,8,8,8	8x20x32	0
8x21x21	2112	2126	-14	6,5,5,5	5,5,5,6	2,2,2,2	21x21x8	3
8x21x22	2211	2225	-14	6,5,6,5	5,5,5,6	2,2,2,2	22x21x8	3
8x21x23	2289	2303	-14	6,5,5,5	6,6,5,6	2,2,2,2	21x23x8	2
8x21x24	2353	2353	0	6,5,5,5	2,2,2,2	6,6,6,6	21x8x24	4
8x21x25	2489	2505	-16	6,5,5,5	6,6,6,7	2,2,2,2	21x25x8	2
8x21x26	2601	2619	-18	7,6,7,6	5,5,5,6	2,2,2,2	26x21x8	3
8x21x27	2689	2705	-16	6,5,5,5	7,7,6,7	2,2,2,2	21x27x8	2
8x21x28	2761	2761	0	6,5,5,5	2,2,2,2	7,7,7,7	21x8x28	4
8x21x29	2893	2909	-16	6,5,5,5	7,7,7,8	2,2,2,2	21x29x8	2
8x21x30	3001	3023	-22	8,7,8,7	5,5,5,6	2,2,2,2	30x21x8	3
8x21x31	3085	3101	-16	6,5,5,5	8,8,7,8	2,2,2,2	21x31x8	2
8x21x32	3153	3153	0	6,5,5,5	2,2,2,2	8,8,8,8	21x8x32	4
8x22x22	2320	2343	-23	6,5,6,5	6,5,5,6	2,2,2,2	22x22x8	3
8x22x23	2402	2418	-16	6,6,5,5	6,6,5,6	2,2,2,2	22x23x8	2
8x22x24	2470	2470	0	6,6,5,5	2,2,2,2	6,6,6,6	22x8x24	4
8x22x25	2614	2630	-16	6,5,6,5	6,6,6,7	2,2,2,2	22x25x8	2
8x22x26	2736	2762	-26	6,5,6,5	7,6,6,7	2,2,2,2	22x26x8	2
8x22x27	2828	2846	-18	6,6,5,5	7,7,6,7	2,2,2,2	22x27x8	2
8x22x28	2904	2904	0	6,6,5,5	2,2,2,2	7,7,7,7	22x8x28	4
8x22x29	3040	3056	-16	6,5,6,5	7,7,7,8	2,2,2,2	22x29x8	2
8x22x30	3153	3178	-25	6,5,6,5	8,7,7,8	2,2,2,2	22x30x8	2
8x22x31	3239	3256	-17	6,6,5,5	8,8,7,8	2,2,2,2	22x31x8	2
8x22x32	3309	3309	0	6,6,5,5	2,2,2,2	8,8,8,8	22x8x32	4
8x23x23	2499	2506	-7	6,6,6,5	6,6,5,6	2,2,2,2	23x23x8	3
8x23x24	2560	2560	0	6,6,6,5	2,2,2,2	6,6,6,6	23x8x24	4
8x23x25	2712	2730	-18	7,6,6,6	6,6,5,6	2,2,2,2	25x23x8	3
8x23x26	2838	2858	-20	7,7,6,6	6,6,5,6	2,2,2,2	26x23x8	3
8x23x27	2946	2954	-8	6,6,6,5	7,7,6,7	2,2,2,2	23x27x8	2
8x23x28	3014	3014	0	6,6,6,5	2,2,2,2	7,7,7,7	23x8x28	4
8x23x29	3154	3172	-18	6,6,6,5	7,7,7,8	2,2,2,2	23x29x8	2
8x23x30	3269	3292	-23	8,8,7,7	6,6,5,6	2,2,2,2	30x23x8	3
8x23x31	3367	3375	-8	6,6,6,5	8,8,7,8	2,2,2,2	23x31x8	2
8x23x32	3429	3429	0	6,6,6,5	2,2,2,2	8,8,8,8	23x8x32	4
8x24x24	2632	2632	0	2,2,2,2	6,6,6,6	6,6,6,6	8x24x24	0
8x24x25	2792	2792	0	7,6,6,6	6,6,6,6	2,2,2,2	25x24x8	3
8x24x26	2922	2922	0	7,7,6,6	6,6,6,6	2,2,2,2	26x24x8	3
8x24x27	3022	3022	0	7,7,7,6	6,6,6,6	2,2,2,2	27x24x8	3
8x24x28	3102	3102	0	2,2,2,2	6,6,6,6	7,7,7,7	8x24x28	0
8x24x29	3246	3246	0	8,7,7,7	6,6,6,6	2,2,2,2	29x24x8	3
8x24x30	3363	3363	0	8,8,7,7	6,6,6,6	2,2,2,2	30x24x8	3
8x24x31	3453	3453	0	8,8,8,7	6,6,6,6	2,2,2,2	31x24x8	3
8x24x32	3525	3525	0	2,2,2,2	6,6,6,6	8,8,8,8	8x24x32	0
8x25x25	2952	2972	-20	7,6,6,6	6,6,6,7	2,2,2,2	25x25x8	3
8x25x26	3082	3102	-20	7,7,6,6	6,6,6,7	2,2,2,2	26x25x8	3
8x25x27	3182	3202	-20	7,7,7,6	6,6,6,7	2,2,2,2	27x25x8	3
8x25x28	3262	3262	0	7,6,6,6	2,2,2,2	7,7,7,7	25x8x28	4
8x25x29	3418	3436	-18	7,6,6,6	7,7,7,8	2,2,2,2	25x29x8	2
8x25x30	3547	3567	-20	8,7,8,7	6,6,6,7	2,2,2,2	30x25x8	3
8x25x31	3649	3667	-18	7,6,6,6	8,8,7,8	2,2,2,2	25x31x8	2
8x25x32	3733	3733	0	7,6,6,6	2,2,2,2	8,8,8,8	25x8x32	4
8x26x26	3212	3242	-30	7,7,6,6	7,6,6,7	2,2,2,2	26x26x8	3
8x26x27	3312	3332	-20	7,7,6,6	7,7,6,7	2,2,2,2	26x27x8	2
8x26x28	3392	3392	0	7,7,6,6	2,2,2,2	7,7,7,7	26x8x28	4
8x26x29	3560	3578	-18	7,6,7,6	7,7,7,8	2,2,2,2	26x29x8	2
8x26x30	3704	3734	-30	7,6,7,6	8,7,7,8	2,2,2,2	26x30x8	2
8x26x31	3812	3833	-21	7,7,6,6	8,8,7,8	2,2,2,2	26x31x8	2
8x26x32	3902	3902	0	7,7,6,6	2,2,2,2	8,8,8,8	26x8x32	4
8x27x27	3422	3432	-10	7,7,7,6	7,7,6,7	2,2,2,2	27x27x8	3
8x27x28	3492	3492	0	7,7,7,6	2,2,2,2	7,7,7,7	27x8x28	4
8x27x29	3672	3692	-20	8,7,7,7	7,7,6,7	2,2,2,2	29x27x8	3
8x27x30	3822	3845	-23	8,8,7,7	7,7,6,7	2,2,2,2	30x27x8	3
8x27x31	3951	3960	-9	7,7,7,6	8,8,7,8	2,2,2,2	27x31x8	2
8x27x32	4032	4032	0	7,7,7,6	2,2,2,2	8,8,8,8	27x8x32	4
8x28x28	3572	3572	0	2,2,2,2	7,7,7,7	7,7,7,7	8x28x28	0
8x28x29	3764	3764	0	8,7,7,7	7,7,7,7	2,2,2,2	29x28x8	3
8x28x30	3920	3920	0	8,8,7,7	7,7,7,7	2,2,2,2	30x28x8	3
8x28x31	4040	4040	0	8,8,8,7	7,7,7,7	2,2,2,2	31x28x8	3
8x28x32	4136	4136	0	2,2,2,2	7,7,7,7	8,8,8,8	8x28x32	0
8x29x29	3956	3980	-24	8,7,7,7	7,7,7,8	2,2,2,2	29x29x8	3
8x29x30	4112	4136	-24	8,8,7,7	7,7,7,8	2,2,2,2	30x29x8	3
8x29x31	4232	4256	-24	8,8,8,7	7,7,7,8	2,2,2,2	31x29x8	3
8x29x32	4328	4328	0	8,7,7,7	2,2,2,2	8,8,8,8	29x8x32	4
8x30x30	4268	4304	-36	8,8,7,7	8,7,7,8	2,2,2,2	30x30x8	3
8x30x31	4388	4412	-24	8,8,7,7	8,8,7,8	2,2,2,2	30x31x8	2
8x30x32	4484	4484	0	8,8,7,7	2,2,2,2	8,8,8,8	30x8x32	4
8x31x31	4520	4532	-12	8,8,8,7	8,8,7,8	2,2,2,2	31x31x8	3
8x31x32	4604	4604	0	8,8,8,7	2,2,2,2	8,8,8,8	31x8x32	4
8x32x32	4700	4700	0	2,2,2,2	8,8,8,8	8,8,8,8	8x32x32	0
9x9x9	525	553	-28	3,2,2,2	2,2,2,3	2,2,3,2	9x9x9	0
9x9x10	581	613	-32	3,3,2,2	2,2,2,3	2,2,3,2	10x9x9	3
9x9x11	625	653	-28	3,2,2,2	2,2,2,3	3,3,2,3	9x9x11	0
9x9x12	661	669	-8	3,2,2,2	2,2,2,3	3,3,3,3	9x9x12	0
9x9x13	724	753	-29	3,2,2,2	2,2,2,3	3,3,4,3	9x9x13	0
9x9x14	778	816	-38	4,3,4,3	2,2,2,3	2,2,3,2	14x9x9	3
9x9x15	823	860	-37	3,2,2,2	2,2,2,3	4,4,3,4	9x9x15	0
9x9x16	862	874	-12	3,2,2,2	2,2,2,3	4,4,4,4	9x9x16	0
9x9x17	935	969	-34	3,2,2,2	2,2,2,3	4,4,5,4	9x9x17	0
9x9x18	996	1044	-48	3,2,2,2	2,2,2,3	4,4,5,5	9x9x18	0
9x9x19	1045	1083	-38	3,2,2,2	2,2,2,3	5,5,4,5	9x9x19	0
9x9x20	1086	1100	-14	3,2,2,2	2,2,2,3	5,5,5,5	9x9x20	0
9x9x21	1149	1184	-35	3,2,2,2	2,2,2,3	5,5,6,5	9x9x21	0
9x9x22	1203	1254	-51	3,2,2,2	2,2,2,3	5,5,6,6	9x9x22	0
9x9x23	1248	1291	-43	3,2,2,2	2,2,2,3	6,6,5,6	9x9x23	0
9x9x24	1287	1305	-18	3,2,2,2	2,2,2,3	6,6,6,6	9x9x24	0
9x9x25	1360	1400	-40	3,2,2,2	2,2,2,3	6,6,7,6	9x9x25	0
9x9x26	1421	1475	-54	3,2,2,2	2,2,2,3	6,6,7,7	9x9x26	0
9x9x27	1470	1514	-44	3,2,2,2	2,2,2,3	7,7,6,7	9x9x27	0
9x9x28	1511	1531	-20	3,2,2,2	2,2,2,3	7,7,7,7	9x9x28	0
9x9x29	1575	1617	-42	3,2,2,2	2,2,2,3	7,7,8,7	9x9x29	0
9x9x30	1630	1687	-57	3,2,2,2	2,2,2,3	7,7,8,8	9x9x30	0
9x9x31	1676	1726	-50	3,2,2,2	2,2,2,3	8,8,7,8	9x9x31	0
9x9x32	1716	1740	-24	3,2,2,2	2,2,2,3	8,8,8,8	9x9x32	0
9x10x10	641	677	-36	3,2,3,2	2,2,2,3	2,2,3,3	10x9x10	4
9x10x11	693	721	-28	3,2,3,2	2,2,2,3	3,3,2,3	10x9x11	4
9x10x12	729	737	-8	3,2,3,2	2,2,2,3	3,3,3,3	10x9x12	4
9x10x13	799	829	-30	3,2,3,2	2,2,2,3	3,3,4,3	10x9x13	4
9x10x14	864	905	-41	3,2,3,2	2,2,2,3	3,3,4,4	10x9x14	4
9x10x15	917	948	-31	3,2,3,2	2,2,2,3	4,4,3,4	10x9x15	4
9x10x16	952	964	-12	3,2,3,2	2,2,2,3	4,4,4,4	10x9x16	4
9x10x17	1030	1066	-36	3,2,3,2	2,2,2,3	4,4,5,4	10x9x17	4
9x10x18	1098	1144	-46	3,2,3,2	2,2,2,3	4,4,5,5	10x9x18	4
9x10x19	1156	1189	-33	3,2,3,2	2,2,2,3	5,5,4,5	10x9x19	4
9x10x20	1193	1207	-14	3,2,3,2	2,2,2,3	5,5,5,5	10x9x20	4
9x10x21	1263	1299	-36	3,2,3,2	2,2,2,3	5,5,6,5	10x9x21	4
9x10x22	1328	1375	-47	3,2,3,2	2,2,2,3	5,5,6,6	10x9x22	4
9x10x23	1381	1418	-37	3,2,3,2	2,2,2,3	6,6,5,6	10x9x23	4
9x10x24	1416	1434	-18	3,2,3,2	2,2,2,3	6,6,6,6	10x9x24	4
9x10x25	1494	1536	-42	3,2,3,2	2,2,2,3	6,6,7,6	10x9x25	4
9x10x26	1562	1614	-52	3,2,3,2	2,2,2,3	6,6,7,7	10x9x26	4
9x10x27	1620	1659	-39	3,2,3,2	2,2,2,3	7,7,6,7	10x9x27	4
9x10x28	1657	1677	-20	3,2,3,2	2,2,2,3	7,7,7,7	10x9x28	4
9x10x29	1729	1773	-44	3,2,3,2	2,2,2,3	7,7,8,7	10x9x29	4
9x10x30	1796	1849	-53	3,2,3,2	2,2,2,3	7,7,8,8	10x9x30	4
9x10x31	1852	1896	-44	3,2,3,2	2,2,2,3	8,8,7,8	10x9x31	4
9x10x32	1888	1912	-24	3,2,3,2	2,2,2,3	8,8,8,8	10x9x32	4
9x11x11	753	777	-24	3,2,2,2	3,3,2,3	3,3,2,3	9x11x11	0
9x11x12	785	793	-8	3,2,2,2	3,3,2,3	3,3,3,3	9x11x12	0
9x11x13	862	895	-33	3,2,2,2	3,3,2,3	3,3,4,3	9x11x13	0
9x11x14	931	977	-46	3,2,2,2	3,3,2,3	3,3,4,4	9x11x14	0
9x11x15	990	1016	-26	3,2,2,2	3,3,2,3	4,4,3,4	9x11x15	0
9x11x16	1024	1036	-12	3,2,2,2	3,3,2,3	4,4,4,4	9x11x16	0
9x11x17	1107	1146	-39	3,2,2,2	3,3,2,3	4,4,5,4	9x11x17	0
9x11x18	1180	1230	-50	3,2,2,2	3,3,2,3	4,4,5,5	9x11x18	0
9x11x19	1243	1273	-30	3,2,2,2	3,3,2,3	5,5,4,5	9x11x19	0
9x11x20	1279	1293	-14	3,2,2,2	3,3,2,3	5,5,5,5	9x11x20	0
9x11x21	1356	1395	-39	3,2,2,2	3,3,2,3	5,5,6,5	9x11x21	0
9x11x22	1425	1477	-52	3,2,2,2	3,3,2,3	5,5,6,6	9x11x22	0
9x11x23	1484	1516	-32	3,2,2,2	3,3,2,3	6,6,5,6	9x11x23	0
9x11x24	1518	1536	-18	3,2,2,2	3,3,2,3	6,6,6,6	9x11x24	0
9x11x25	1601	1646	-45	3,2,2,2	3,3,2,3	6,6,7,6	9x11x25	0
9x11x26	1674	1730	-56	3,2,2,2	3,3,2,3	6,6,7,7	9x11x26	0
9x11x27	1737	1773	-36	3,2,2,2	3,3,2,3	7,7,6,7	9x11x27	0
9x11x28	1773	1793	-20	3,2,2,2	3,3,2,3	7,7,7,7	9x11x28	0
9x11x29	1853	1901	-48	3,2,2,2	3,3,2,3	7,7,8,7	9x11x29	0
9x11x30	1926	1985	-59	3,2,2,2	3,3,2,3	7,7,8,8	9x11x30	0
9x11x31	1989	2028	-39	3,2,2,2	3,3,2,3	8,8,7,8	9x11x31	0
9x11x32	2024	2048	-24	3,2,2,2	3,3,2,3	8,8,8,8	9x11x32	0
9x12x12	833	833	0	3,2,2,2	3,3,3,3	3,3,3,3	9x12x12	0
9x12x13	917	927	-10	3,2,2,2	3,3,3,4	3,3,3,3	9x13x12	5
9x12x14	986	1001	-15	3,2,2,2	4,3,3,4	3,3,3,3	9x14x12	5
9x12x15	1040	1050	-10	3,2,2,2	4,4,3,4	3,3,3,3	9x15x12	5
9x12x16	1084	1084	0	3,2,2,2	3,3,3,3	4,4,4,4	9x12x16	0
9x12x17	1172	1182	-10	3,2,2,2	4,4,4,5	3,3,3,3	9x17x12	5
9x12x18	1245	1260	-15	3,2,2,2	5,4,4,5	3,3,3,3	9x18x12	5
9x12x19	1303	1313	-10	3,2,2,2	5,5,4,5	3,3,3,3	9x19x12	5
9x12x20	1351	1351	0	3,2,2,2	3,3,3,3	5,5,5,5	9x12x20	0
9x12x21	1435	1445	-10	3,2,2,2	5,5,5,6	3,3,3,3	9x21x12	5
9x12x22	1504	1519	-15	3,2,2,2	6,5,5,6	3,3,3,3	9x22x12	5
9x12x23	1558	1568	-10	3,2,2,2	6,6,5,6	3,3,3,3	9x23x12	5
9x12x24	1602	1602	0	3,2,2,2	3,3,3,3	6,6,6,6	9x12x24	0
9x12x25	1690	1700	-10	3,2,2,2	6,6,6,7	3,3,3,3	9x25x12	5
9x12x26	1763	1778	-15	3,2,2,2	7,6,6,7	3,3,3,3	9x26x12	5
9x12x27	1821	1831	-10	3,2,2,2	7,7,6,7	3,3,3,3	9x27x12	5
9x12x28	1869	1869	0	3,2,2,2	3,3,3,3	7,7,7,7	9x12x28	0
9x12x29	1957	1967	-10	3,2,2,2	7,7,7,8	3,3,3,3	9x29x12	5
9x12x30	2030	2045	-15	3,2,2,2	8,7,7,8	3,3,3,3	9x30x12	5
9x12x31	2088	2098	-10	3,2,2,2	8,8,7,8	3,3,3,3	9x31x12	5
9x12x32	2136	2136	0	3,2,2,2	3,3,3,3	8,8,8,8	9x12x32	0
9x13x13	1007	1044	-37	3,2,2,2	3,3,3,4	3,3,4,3	9x13x13	0
9x13x14	1082	1128	-46	3,2,2,2	4,3,3,4	3,3,4,3	9x14x13	5
9x13x15	1142	1183	-41	3,2,2,2	3,3,3,4	4,4,3,4	9x13x15	0
9x13x16	1192	1204	-12	3,2,2,2	3,3,3,4	4,4,4,4	9x13x16	0
9x13x17	1288	1330	-42	3,2,2,2	3,3,3,4	4,4,5,4	9x13x17	0
9x13x18	1369	1425	-56	3,2,2,2	5,4,4,5	3,3,4,3	9x18x13	5
9x13x19	1435	1485	-50	3,2,2,2	3,3,3,4	5,5,4,5	9x13x19	0
9x13x20	1491	1507	-16	3,2,2,2	3,3,3,4	5,5,5,5	9x13x20	0
9x13x21	1579	1620	-41	3,2,2,2	3,3,3,4	5,5,6,5	9x13x21	0
9x13x22	1652	1711	-59	3,2,2,2	3,3,3,4	5,5,6,6	9x13x22	0
9x13x23	1710	1755	-45	3,2,2,2	3,3,3,4	6,6,5,6	9x13x23	0
9x13x24	1758	1776	-18	3,2,2,2	3,3,3,4	6,6,6,6	9x13x24	0
9x13x25	1852	1900	-48	3,2,2,2	3,3,3,4	6,6,7,6	9x13x25	0
9x13x26	1931	1994	-63	3,2,2,2	3,3,3,4	6,6,7,7	9x13x26	0
9x13x27	1995	2047	-52	3,2,2,2	3,3,3,4	7,7,6,7	9x13x27	0
9x13x28	2049	2069	-20	3,2,2,2	3,3,3,4	7,7,7,7	9x13x28	0
9x13x29	2142	2191	-49	3,2,2,2	3,3,3,4	7,7,8,7	9x13x29	0
9x13x30	2220	2285	-65	3,2,2,2	3,3,3,4	7,7,8,8	9x13x30	0
9x13x31	2283	2336	-53	3,2,2,2	3,3,3,4	8,8,7,8	9x13x31	0
9x13x32	2336	2358	-22	3,2,2,2	3,3,3,4	8,8,8,8	9x13x32	0
9x14x14	1165	1222	-57	4,3,4,3	2,2,2,3	3,3,4,4	14x9x14	4
9x14x15	1232	1278	-46	4,3,4,3	2,2,2,3	4,4,3,4	14x9x15	4
9x14x16	1282	1300	-18	3,2,2,2	4,3,3,4	4,4,4,4	9x14x16	0
9x14x17	1386	1436	-50	4,3,4,3	2,2,2,3	4,4,5,4	14x9x17	4
9x14x18	1479	1544	-65	4,3,4,3	2,2,2,3	4,4,5,5	14x9x18	4
9x14x19	1553	1605	-52	4,3,4,3	2,2,2,3	5,5,4,5	14x9x19	4
9x14x20	1607	1629	-22	4,3,4,3	2,2,2,3	5,5,5,5	14x9x20	4
9x14x21	1699	1747	-48	4,3,4,3	2,2,2,3	5,5,6,5	14x9x21	4
9x14x22	1778	1841	-63	4,3,4,3	2,2,2,3	5,5,6,6	14x9x22	4
9x14x23	1843	1889	-46	4,3,4,3	2,2,2,3	6,6,5,6	14x9x23	4
9x14x24	1887	1911	-24	4,3,4,3	2,2,2,3	6,6,6,6	14x9x24	4
9x14x25	1987	2043	-56	4,3,4,3	2,2,2,3	6,6,7,6	14x9x25	4
9x14x26	2074	2145	-71	4,3,4,3	2,2,2,3	6,6,7,7	14x9x26	4
9x14x27	2149	2205	-56	4,3,4,3	2,2,2,3	7,7,6,7	14x9x27	4
9x14x28	2199	2227	-28	4,3,4,3	2,2,2,3	7,7,7,7	14x9x28	4
9x14x29	2297	2355	-58	4,3,4,3	2,2,2,3	7,7,8,7	14x9x29	4
9x14x30	2382	2457	-75	4,3,4,3	2,2,2,3	7,7,8,8	14x9x30	4
9x14x31	2458	2513	-55	4,3,4,3	2,2,2,3	8,8,7,8	14x9x31	4
9x14x32	2503	2535	-32	4,3,4,3	2,2,2,3	8,8,8,8	14x9x32	4
9x15x15	1310	1342	-32	3,2,2,2	4,4,3,4	4,4,3,4	9x15x15	0
9x15x16	1354	1366	-12	3,2,2,2	4,4,3,4	4,4,4,4	9x15x16	0
9x15x17	1466	1514	-48	3,2,2,2	4,4,3,4	4,4,5,4	9x15x17	0
9x15x18	1565	1627	-62	3,2,2,2	5,4,4,5	4,4,3,4	9x18x15	5
9x15x19	1650	1687	-37	3,2,2,2	4,4,3,4	5,5,4,5	9x15x19	0
9x15x20	1699	1715	-16	3,2,2,2	4,4,3,4	5,5,5,5	9x15x20	0
9x15x21	1795	1839	-44	3,2,2,2	4,4,3,4	5,5,6,5	9x15x21	0
9x15x22	1877	1937	-60	3,2,2,2	4,4,3,4	5,5,6,6	9x15x22	0
9x15x23	1947	1983	-36	3,2,2,2	4,4,3,4	6,6,5,6	9x15x23	0
9x15x24	1989	2007	-18	3,2,2,2	4,4,3,4	6,6,6,6	9x15x24	0
9x15x25	2095	2150	-55	3,2,2,2	4,4,3,4	6,6,7,6	9x15x25	0
9x15x26	2191	2255	-64	3,2,2,2	4,4,3,4	6,6,7,7	9x15x26	0
9x15x27	2274	2314	-40	3,2,2,2	4,4,3,4	7,7,6,7	9x15x27	0
9x15x28	2319	2339	-20	3,2,2,2	4,4,3,4	7,7,7,7	9x15x28	0
9x15x29	2422	2476	-54	3,2,2,2	4,4,3,4	7,7,8,7	9x15x29	0
9x15x30	2514	2579	-65	3,2,2,2	4,4,3,4	7,7,8,8	9x15x30	0
9x15x31	2593	2634	-41	3,2,2,2	4,4,3,4	8,8,7,8	9x15x31	0
9x15x32	2637	2659	-22	3,2,2,2	4,4,3,4	8,8,8,8	9x15x32	0
9x16x16	1414	1414	0	3,2,2,2	4,4,4,4	4,4,4,4	9x16x16	0
9x16x17	1534	1548	-14	3,2,2,2	4,4,4,5	4,4,4,4	9x17x16	5
9x16x18	1633	1654	-21	3,2,2,2	5,4,4,5	4,4,4,4	9x18x16	5
9x16x19	1711	1725	-14	3,2,2,2	5,5,4,5	4,4,4,4	9x19x16	5
9x16x20	1775	1775	0	3,2,2,2	4,4,4,4	5,5,5,5	9x16x20	0
9x16x21	1875	1887	-12	3,2,2,2	5,5,5,6	4,4,4,4	9x21x16	5
9x16x22	1957	1975	-18	3,2,2,2	6,5,5,6	4,4,4,4	9x22x16	5
9x16x23	2021	2033	-12	3,2,2,2	6,6,5,6	4,4,4,4	9x23x16	5
9x16x24	2073	2073	0	3,2,2,2	4,4,4,4	6,6,6,6	9x16x24	0
9x16x25	2185	2197	-12	3,2,2,2	6,6,6,7	4,4,4,4	9x25x16	5
9x16x26	2279	2297	-18	3,2,2,2	7,6,6,7	4,4,4,4	9x26x16	5
9x16x27	2355	2367	-12	3,2,2,2	7,7,6,7	4,4,4,4	9x27x16	5
9x16x28	2419	2419	0	3,2,2,2	4,4,4,4	7,7,7,7	9x16x28	0
9x16x29	2527	2539	-12	3,2,2,2	7,7,7,8	4,4,4,4	9x29x16	5
9x16x30	2617	2635	-18	3,2,2,2	8,7,7,8	4,4,4,4	9x30x16	5
9x16x31	2689	2701	-12	3,2,2,2	8,8,7,8	4,4,4,4	9x31x16	5
9x16x32	2749	2749	0	3,2,2,2	4,4,4,4	8,8,8,8	9x16x32	0
9x17x17	1656	1706	-50	3,2,2,2	4,4,4,5	4,4,5,4	9x17x17	0
9x17x18	1757	1816	-59	3,2,2,2	5,4,4,5	4,4,5,4	9x18x17	5
9x17x19	1837	1887	-50	3,2,2,2	4,4,4,5	5,5,4,5	9x17x19	0
9x17x20	1903	1917	-14	3,2,2,2	4,4,4,5	5,5,5,5	9x17x20	0
9x17x21	2009	2054	-45	3,2,2,2	4,4,4,5	5,5,6,5	9x17x21	0
9x17x22	2097	2161	-64	3,2,2,2	4,4,4,5	5,5,6,6	9x17x22	0
9x17x23	2167	2216	-49	3,2,2,2	4,4,4,5	6,6,5,6	9x17x23	0
9x17x24	2225	2241	-16	3,2,2,2	4,4,4,5	6,6,6,6	9x17x24	0
9x17x25	2344	2399	-55	3,2,2,2	4,4,4,5	6,6,7,6	9x17x25	0
9x17x26	2445	2519	-74	3,2,2,2	7,6,6,7	4,4,5,4	9x26x17	5
9x17x27	2528	2591	-63	3,2,2,2	4,4,4,5	7,7,6,7	9x17x27	0
9x17x28	2599	2619	-20	3,2,2,2	4,4,4,5	7,7,7,7	9x17x28	0
9x17x29	2715	2772	-57	3,2,2,2	4,4,4,5	7,7,8,7	9x17x29	0
9x17x30	2813	2893	-80	3,2,2,2	4,4,4,5	7,7,8,8	9x17x30	0
9x17x31	2893	2958	-65	3,2,2,2	4,4,4,5	8,8,7,8	9x17x31	0
9x17x32	2961	2985	-24	3,2,2,2	4,4,4,5	8,8,8,8	9x17x32	0
9x18x18	1860	1936	-76	3,2,2,2	5,4,4,5	4,4,5,5	9x18x18	0
9x18x19	1948	2001	-53	3,2,2,2	5,4,4,5	5,5,4,5	9x18x19	0
9x18x20	2010	2031	-21	3,2,2,2	5,4,4,5	5,5,5,5	9x18x20	0
9x18x21	2122	2178	-56	3,2,2,2	5,4,4,5	5,5,6,5	9x18x21	0
9x18x22	2218	2292	-74	3,2,2,2	5,4,4,5	5,5,6,6	9x18x22	0
9x18x23	2301	2352	-51	3,2,2,2	5,4,4,5	6,6,5,6	9x18x23	0
9x18x24	2353	2377	-24	3,2,2,2	5,4,4,5	6,6,6,6	9x18x24	0
9x18x25	2479	2545	-66	3,2,2,2	5,4,4,5	6,6,7,6	9x18x25	0
9x18x26	2591	2678	-87	3,2,2,2	5,4,4,5	6,6,7,7	9x18x26	0
9x18x27	2686	2751	-65	3,2,2,2	5,4,4,5	7,7,6,7	9x18x27	0
9x18x28	2749	2779	-30	3,2,2,2	5,4,4,5	7,7,7,7	9x18x28	0
9x18x29	2873	2944	-71	3,2,2,2	5,4,4,5	7,7,8,7	9x18x29	0
9x18x30	2983	3075	-92	3,2,2,2	5,4,4,5	7,7,8,8	9x18x30	0
9x18x31	3075	3146	-71	3,2,2,2	5,4,4,5	8,8,7,8	9x18x31	0
9x18x32	3137	3173	-36	3,2,2,2	5,4,4,5	8,8,8,8	9x18x32	0
9x19x19	2043	2080	-37	3,2,2,2	5,5,4,5	5,5,4,5	9x19x19	0
9x19x20	2096	2110	-14	3,2,2,2	5,5,4,5	5,5,5,5	9x19x20	0
9x19x21	2214	2266	-52	3,2,2,2	5,5,4,5	5,5,6,5	9x19x21	0
9x19x22	2317	2384	-67	3,2,2,2	5,5,4,5	5,5,6,6	9x19x22	0
9x19x23	2406	2445	-39	3,2,2,2	5,5,4,5	6,6,5,6	9x19x23	0
9x19x24	2457	2473	-16	3,2,2,2	5,5,4,5	6,6,6,6	9x19x24	0
9x19x25	2590	2649	-59	3,2,2,2	5,5,4,5	6,6,7,6	9x19x25	0
9x19x26	2710	2785	-75	3,2,2,2	5,5,4,5	6,6,7,7	9x19x26	0
9x19x27	2812	2855	-43	3,2,2,2	5,5,4,5	7,7,6,7	9x19x27	0
9x19x28	2869	2889	-20	3,2,2,2	5,5,4,5	7,7,7,7	9x19x28	0
9x19x29	3001	3064	-63	3,2,2,2	5,5,4,5	7,7,8,7	9x19x29	0
9x19x30	3119	3199	-80	3,2,2,2	5,5,4,5	7,7,8,8	9x19x30	0
9x19x31	3220	3268	-48	3,2,2,2	5,5,4,5	8,8,7,8	9x19x31	0
9x19x32	3277	3301	-24	3,2,2,2	5,5,4,5	8,8,8,8	9x19x32	0
9x20x20	2168	2168	0	3,2,2,2	5,5,5,5	5,5,5,5	9x20x20	0
9x20x21	2292	2306	-14	3,2,2,2	5,5,5,6	5,5,5,5	9x21x20	5
9x20x22	2395	2416	-21	3,2,2,2	6,5,5,6	5,5,5,5	9x22x20	5
9x20x23	2477	2491	-14	3,2,2,2	6,6,5,6	5,5,5,5	9x23x20	5
9x20x24	2545	2545	0	3,2,2,2	5,5,5,5	6,6,6,6	9x20x24	0
9x20x25	2685	2701	-16	3,2,2,2	6,6,6,7	5,5,5,5	9x25x20	5
9x20x26	2801	2825	-24	3,2,2,2	7,6,6,7	5,5,5,5	9x26x20	5
9x20x27	2893	2909	-16	3,2,2,2	7,7,6,7	5,5,5,5	9x27x20	5
9x20x28	2969	2969	0	3,2,2,2	5,5,5,5	7,7,7,7	9x20x28	0
9x20x29	3109	3125	-16	3,2,2,2	7,7,7,8	5,5,5,5	9x29x20	5
9x20x30	3225	3249	-24	3,2,2,2	8,7,7,8	5,5,5,5	9x30x20	5
9x20x31	3317	3333	-16	3,2,2,2	8,8,7,8	5,5,5,5	9x31x20	5
9x20x32	3393	3393	0	3,2,2,2	5,5,5,5	8,8,8,8	9x20x32	0
9x21x21	2426	2483	-57	3,2,2,2	5,5,5,6	5,5,6,5	9x21x21	0
9x21x22	2539	2609	-70	3,2,2,2	6,5,5,6	5,5,6,5	9x22x21	5
9x21x23	2631	2696	-65	3,2,2,2	5,5,5,6	6,6,5,6	9x21x23	0
9x21x24	2709	2727	-18	3,2,2,2	5,5,5,6	6,6,6,6	9x21x24	0
9x21x25	2858	2922	-64	3,2,2,2	5,5,5,6	6,6,7,6	9x21x25	0
9x21x26	2983	3068	-85	3,2,2,2	7,6,6,7	5,5,6,5	9x26x21	5
9x21x27	3084	3156	-72	3,2,2,2	5,5,5,6	7,7,6,7	9x21x27	0
9x21x28	3169	3191	-22	3,2,2,2	5,5,5,6	7,7,7,7	9x21x28	0
9x21x29	3313	3378	-65	3,2,2,2	5,5,5,6	7,7,8,7	9x21x29	0
9x21x30	3433	3523	-90	3,2,2,2	5,5,5,6	7,7,8,8	9x21x30	0
9x21x31	3529	3598	-69	3,2,2,2	5,5,5,6	8,8,7,8	9x21x31	0
9x21x32	3609	3633	-24	3,2,2,2	5,5,5,6	8,8,8,8	9x21x32	0
9x22x22	2666	2758	-92	3,2,2,2	6,5,5,6	5,5,6,6	9x22x22	0
9x22x23	2770	2842	-72	3,2,2,2	6,5,5,6	6,6,5,6	9x22x23	0
9x22x24	2846	2873	-27	3,2,2,2	6,5,5,6	6,6,6,6	9x22x24	0
9x22x25	3004	3082	-78	3,2,2,2	6,5,5,6	6,6,7,6	9x22x25	0
9x22x26	3142	3246	-104	3,2,2,2	6,5,5,6	6,6,7,7	9x22x26	0
9x22x27	3257	3334	-77	3,2,2,2	6,5,5,6	7,7,6,7	9x22x27	0
9x22x28	3336	3369	-33	3,2,2,2	6,5,5,6	7,7,7,7	9x22x28	0
9x22x29	3484	3562	-78	3,2,2,2	6,5,5,6	7,7,8,7	9x22x29	0
9x22x30	3610	3712	-102	3,2,2,2	6,5,5,6	7,7,8,8	9x22x30	0
9x22x31	3719	3790	-71	3,2,2,2	6,5,5,6	8,8,7,8	9x22x31	0
9x22x32	3789	3825	-36	3,2,2,2	6,5,5,6	8,8,8,8	9x22x32	0
9x23x23	2890	2937	-47	3,2,2,2	6,6,5,6	6,6,5,6	9x23x23	0
9x23x24	2956	2974	-18	3,2,2,2	6,6,5,6	6,6,6,6	9x23x24	0
9x23x25	3123	3195	-72	3,2,2,2	6,6,5,6	6,6,7,6	9x23x25	0
9x23x26	3271	3359	-88	3,2,2,2	7,6,6,7	6,6,5,6	9x26x23	5
9x23x27	3398	3451	-53	3,2,2,2	6,6,5,6	7,7,6,7	9x23x27	0
9x23x28	3470	3492	-22	3,2,2,2	6,6,5,6	7,7,7,7	9x23x28	0
9x23x29	3622	3690	-68	3,2,2,2	6,6,5,6	7,7,8,7	9x23x29	0
9x23x30	3755	3842	-87	3,2,2,2	6,6,5,6	7,7,8,8	9x23x30	0
9x23x31	3868	3919	-51	3,2,2,2	6,6,5,6	8,8,7,8	9x23x31	0
9x23x32	3933	3957	-24	3,2,2,2	6,6,5,6	8,8,8,8	9x23x32	0
9x24x24	3048	3048	0	3,2,2,2	6,6,6,6	6,6,6,6	9x24x24	0
9x24x25	3224	3244	-20	3,2,2,2	6,6,6,7	6,6,6,6	9x25x24	5
9x24x26	3370	3400	-30	3,2,2,2	7,6,6,7	6,6,6,6	9x26x24	5
9x24x27	3486	3506	-20	3,2,2,2	7,7,6,7	6,6,6,6	9x27x24	5
9x24x28	3582	3582	0	3,2,2,2	6,6,6,6	7,7,7,7	9x24x28	0
9x24x29	3738	3756	-18	3,2,2,2	7,7,7,8	6,6,6,6	9x29x24	5
9x24x30	3867	3894	-27	3,2,2,2	8,7,7,8	6,6,6,6	9x30x24	5
9x24x31	3969	3987	-18	3,2,2,2	8,8,7,8	6,6,6,6	9x31x24	5
9x24x32	4053	4053	0	3,2,2,2	6,6,6,6	8,8,8,8	9x24x32	0
9x25x25	3401	3474	-73	3,2,2,2	6,6,6,7	6,6,7,6	9x25x25	0
9x25x26	3548	3632	-84	3,2,2,2	7,6,6,7	6,6,7,6	9x26x25	5
9x25x27	3665	3738	-73	3,2,2,2	6,6,6,7	7,7,6,7	9x25x27	0
9x25x28	3762	3782	-20	3,2,2,2	6,6,6,7	7,7,7,7	9x25x28	0
9x25x29	3932	4005	-73	3,2,2,2	6,6,6,7	7,7,8,7	9x25x29	0
9x25x30	4075	4173	-98	3,2,2,2	8,7,7,8	6,6,7,6	9x30x25	5
9x25x31	4191	4276	-85	3,2,2,2	6,6,6,7	8,8,7,8	9x25x31	0
9x25x32	4289	4315	-26	3,2,2,2	6,6,6,7	8,8,8,8	9x25x32	0
9x26x26	3696	3805	-109	3,2,2,2	7,6,6,7	6,6,7,7	9x26x26	0
9x26x27	3823	3898	-75	3,2,2,2	7,6,6,7	7,7,6,7	9x26x27	0
9x26x28	3912	3942	-30	3,2,2,2	7,6,6,7	7,7,7,7	9x26x28	0
9x26x29	4096	4187	-91	3,2,2,2	7,6,6,7	7,7,8,7	9x26x29	0
9x26x30	4259	4381	-122	3,2,2,2	7,6,6,7	7,7,8,8	9x26x30	0
9x26x31	4392	4486	-94	3,2,2,2	7,6,6,7	8,8,7,8	9x26x31	0
9x26x32	4486	4525	-39	3,2,2,2	7,6,6,7	8,8,8,8	9x26x32	0
9x27x27	3957	4008	-51	3,2,2,2	7,7,6,7	7,7,6,7	9x27x27	0
9x27x28	4032	4052	-20	3,2,2,2	7,7,6,7	7,7,7,7	9x27x28	0
9x27x29	4230	4316	-86	3,2,2,2	7,7,6,7	7,7,8,7	9x27x29	0
9x27x30	4406	4511	-105	3,2,2,2	8,7,7,8	7,7,6,7	9x30x27	5
9x27x31	4558	4622	-64	3,2,2,2	7,7,6,7	8,8,7,8	9x27x31	0
9x27x32	4644	4670	-26	3,2,2,2	7,7,6,7	8,8,8,8	9x27x32	0
9x28x28	4132	4132	0	3,2,2,2	7,7,7,7	7,7,7,7	9x28x28	0
9x28x29	4344	4368	-24	3,2,2,2	7,7,7,8	7,7,7,7	9x29x28	5
9x28x30	4520	4556	-36	3,2,2,2	8,7,7,8	7,7,7,7	9x30x28	5
9x28x31	4660	4684	-24	3,2,2,2	8,8,7,8	7,7,7,7	9x31x28	5
9x28x32	4776	4776	0	3,2,2,2	7,7,7,7	8,8,8,8	9x28x32	0
9x29x29	4557	4645	-88	3,2,2,2	7,7,7,8	7,7,8,7	9x29x29	0
9x29x30	4734	4835	-101	3,2,2,2	8,7,7,8	7,7,8,7	9x30x29	5
9x29x31	4875	4963	-88	3,2,2,2	7,7,7,8	8,8,7,8	9x29x31	0
9x29x32	4992	5016	-24	3,2,2,2	7,7,7,8	8,8,8,8	9x29x32	0
9x30x30	4912	5043	-131	3,2,2,2	8,7,7,8	7,7,8,8	9x30x30	0
9x30x31	5065	5155	-90	3,2,2,2	8,7,7,8	8,8,7,8	9x30x31	0
9x30x32	5172	5208	-36	3,2,2,2	8,7,7,8	8,8,8,8	9x30x32	0
9x31x31	5226	5287	-61	3,2,2,2	8,8,7,8	8,8,7,8	9x31x31	0
9x31x32	5316	5340	-24	3,2,2,2	8,8,7,8	8,8,8,8	9x31x32	0
9x32x32	5436	5436	0	3,2,2,2	8,8,8,8	8,8,8,8	9x32x32	0
10x10x10	717	761	-44	3,2,3,2	3,2,2,3	2,2,3,3	10x10x10	0
10x10x11	769	813	-44	3,2,3,2	3,3,2,3	2,2,3,3	10x11x10	5
10x10x12	817	833	-16	3,2,3,2	3,2,2,3	3,3,3,3	10x10x12	0
10x10x13	896	934	-38	3,2,3,2	3,2,2,3	3,3,4,3	10x10x13	0
10x10x14	964	1016	-52	3,2,3,2	3,2,2,3	3,3,4,4	10x10x14	0
10x10x15	1017	1062	-45	3,2,3,2	3,2,2,3	4,4,3,4	10x10x15	0
10x10x16	1057	1078	-21	3,2,3,2	3,2,2,3	4,4,4,4	10x10x16	0
10x10x17	1144	1189	-45	3,2,3,2	3,2,2,3	4,4,5,4	10x10x17	0
10x10x18	1218	1276	-58	3,2,3,2	3,2,2,3	4,4,5,5	10x10x18	0
10x10x19	1275	1327	-52	3,2,3,2	3,2,2,3	5,5,4,5	10x10x19	0
10x10x20	1320	1345	-25	3,2,3,2	3,2,2,3	5,5,5,5	10x10x20	0
10x10x21	1399	1446	-47	3,2,3,2	3,2,2,3	5,5,6,5	10x10x21	0
10x10x22	1467	1528	-61	3,2,3,2	3,2,2,3	5,5,6,6	10x10x22	0
10x10x23	1520	1574	-54	3,2,3,2	3,2,2,3	6,6,5,6	10x10x23	0
10x10x24	1560	1590	-30	3,2,3,2	3,2,2,3	6,6,6,6	10x10x24	0
10x10x25	1647	1701	-54	3,2,3,2	3,2,2,3	6,6,7,6	10x10x25	0
10x10x26	1721	1788	-67	3,2,3,2	3,2,2,3	6,6,7,7	10x10x26	0
10x10x27	1778	1839	-61	3,2,3,2	3,2,2,3	7,7,6,7	10x10x27	0
10x10x28	1823	1857	-34	3,2,3,2	3,2,2,3	7,7,7,7	10x10x28	0
10x10x29	1907	1965	-58	3,2,3,2	3,2,2,3	7,7,8,7	10x10x29	0
10x10x30	1980	2051	-71	3,2,3,2	3,2,2,3	7,7,8,8	10x10x30	0
10x10x31	2036	2103	-67	3,2,3,2	3,2,2,3	8,7,8,8	10x10x31	0
10x10x32	2080	2120	-40	3,2,3,2	3,2,2,3	8,8,8,8	10x10x32	0
10x11x11	845	873	-28	3,3,2,2	3,3,2,3	3,3,2,3	10x11x11	0
10x11x12	881	893	-12	3,3,2,2	3,3,2,3	3,3,3,3	10x11x12	0
10x11x13	966	1001	-35	3,3,2,2	3,3,2,3	3,3,4,3	10x11x13	0
10x11x14	1037	1086	-49	3,2,3,2	3,3,2,3	3,3,4,4	10x11x14	0
10x11x15	1100	1129	-29	3,3,2,2	3,3,2,3	4,4,3,4	10x11x15	0
10x11x16	1135	1150	-15	3,3,2,2	3,3,2,3	4,4,4,4	10x11x16	0
10x11x17	1228	1269	-41	3,3,2,2	3,3,2,3	4,4,5,4	10x11x17	0
10x11x18	1305	1359	-54	3,2,3,2	3,3,2,3	4,4,5,5	10x11x18	0
10x11x19	1376	1410	-34	3,3,2,2	3,3,2,3	5,5,4,5	10x11x19	0
10x11x20	1414	1432	-18	3,3,2,2	3,3,2,3	5,5,5,5	10x11x20	0
10x11x21	1499	1540	-41	3,3,2,2	3,3,2,3	5,5,6,5	10x11x21	0
10x11x22	1570	1625	-55	3,2,3,2	3,3,2,3	5,5,6,6	10x11x22	0
10x11x23	1633	1668	-35	3,3,2,2	3,3,2,3	6,6,5,6	10x11x23	0
10x11x24	1668	1689	-21	3,3,2,2	3,3,2,3	6,6,6,6	10x11x24	0
10x11x25	1761	1808	-47	3,3,2,2	3,3,2,3	6,6,7,6	10x11x25	0
10x11x26	1838	1898	-60	3,2,3,2	3,3,2,3	6,6,7,7	10x11x26	0
10x11x27	1909	1949	-40	3,3,2,2	3,3,2,3	7,7,6,7	10x11x27	0
10x11x28	1947	1971	-24	3,3,2,2	3,3,2,3	7,7,7,7	10x11x28	0
10x11x29	2039	2089	-50	3,3,2,2	3,3,2,3	7,7,8,7	10x11x29	0
10x11x30	2116	2179	-63	3,2,3,2	3,3,2,3	7,7,8,8	10x11x30	0
10x11x31	2187	2230	-43	3,3,2,2	3,3,2,3	8,8,7,8	10x11x31	0
10x11x32	2224	2252	-28	3,3,2,2	3,3,2,3	8,8,8,8	10x11x32	0
10x12x12	937	937	0	3,3,2,2	3,3,3,3	3,3,3,3	10x12x12	0
10x12x13	1025	1035	-10	3,2,3,2	3,3,3,4	3,3,3,3	10x13x12	5
10x12x14	1099	1115	-16	3,2,3,2	4,3,3,4	3,3,3,3	10x14x12	5
10x12x15	1155	1166	-11	3,3,2,2	4,4,3,4	3,3,3,3	10x15x12	5
10x12x16	1201	1201	0	3,3,2,2	3,3,3,3	4,4,4,4	10x12x16	0
10x12x17	1297	1307	-10	3,2,3,2	4,4,4,5	3,3,3,3	10x17x12	5
10x12x18	1380	1397	-17	3,2,3,2	5,4,4,5	3,3,3,3	10x18x12	5
10x12x19	1442	1454	-12	3,3,2,2	5,5,4,5	3,3,3,3	10x19x12	5
10x12x20	1494	1494	0	3,3,2,2	3,3,3,3	5,5,5,5	10x12x20	0
10x12x21	1582	1592	-10	3,2,3,2	5,5,5,6	3,3,3,3	10x21x12	5
10x12x22	1656	1672	-16	3,2,3,2	6,5,5,6	3,3,3,3	10x22x12	5
10x12x23	1712	1723	-11	3,3,2,2	6,6,5,6	3,3,3,3	10x23x12	5
10x12x24	1758	1758	0	3,3,2,2	3,3,3,3	6,6,6,6	10x12x24	0
10x12x25	1854	1864	-10	3,2,3,2	6,6,6,7	3,3,3,3	10x25x12	5
10x12x26	1937	1954	-17	3,2,3,2	7,6,6,7	3,3,3,3	10x26x12	5
10x12x27	1999	2011	-12	3,3,2,2	7,7,6,7	3,3,3,3	10x27x12	5
10x12x28	2051	2051	0	3,3,2,2	3,3,3,3	7,7,7,7	10x12x28	0
10x12x29	2147	2157	-10	3,2,3,2	7,7,7,8	3,3,3,3	10x29x12	5
10x12x30	2230	2247	-17	3,2,3,2	8,7,7,8	3,3,3,3	10x30x12	5
10x12x31	2292	2304	-12	3,3,2,2	8,8,7,8	3,3,3,3	10x31x12	5
10x12x32	2344	2344	0	3,3,2,2	3,3,3,3	8,8,8,8	10x12x32	0
10x13x13	1121	1161	-40	3,2,3,2	3,3,3,4	3,3,4,3	10x13x13	0
10x13x14	1204	1253	-49	3,2,3,2	4,3,3,4	3,3,4,3	10x14x13	5
10x13x15	1271	1311	-40	3,2,3,2	3,3,3,4	4,4,3,4	10x13x15	0
10x13x16	1321	1333	-12	3,2,3,2	3,3,3,4	4,4,4,4	10x13x16	0
10x13x17	1425	1469	-44	3,2,3,2	3,3,3,4	4,4,5,4	10x13x17	0
10x13x18	1518	1577	-59	3,2,3,2	3,3,3,4	4,4,5,5	10x13x18	0
10x13x19	1592	1638	-46	3,2,3,2	3,3,3,4	5,5,4,5	10x13x19	0
10x13x20	1646	1662	-16	3,2,3,2	3,3,3,4	5,5,5,5	10x13x20	0
10x13x21	1738	1780	-42	3,2,3,2	3,3,3,4	5,5,6,5	10x13x21	0
10x13x22	1817	1874	-57	3,2,3,2	3,3,3,4	5,5,6,6	10x13x22	0
10x13x23	1882	1922	-40	3,2,3,2	3,3,3,4	6,6,5,6	10x13x23	0
10x13x24	1926	1944	-18	3,2,3,2	3,3,3,4	6,6,6,6	10x13x24	0
10x13x25	2030	2082	-52	3,2,3,2	3,3,3,4	6,6,7,6	10x13x25	0
10x13x26	2123	2182	-59	3,2,3,2	3,3,3,4	6,6,7,7	10x13x26	0
10x13x27	2199	2247	-48	3,2,3,2	3,3,3,4	7,7,6,7	10x13x27	0
10x13x28	2251	2271	-20	3,2,3,2	3,3,3,4	7,7,7,7	10x13x28	0
10x13x29	2353	2405	-52	3,2,3,2	3,3,3,4	7,7,8,7	10x13x29	0
10x13x30	2444	2505	-61	3,2,3,2	3,3,3,4	7,7,8,8	10x13x30	0
10x13x31	2521	2566	-45	3,2,3,2	3,3,3,4	8,8,7,8	10x13x31	0
10x13x32	2568	2590	-22	3,2,3,2	3,3,3,4	8,8,8,8	10x13x32	0
10x14x14	1299	1360	-61	3,2,3,2	4,3,3,4	3,3,4,4	10x14x14	0
10x14x15	1367	1425	-58	3,2,3,2	4,3,3,4	4,4,3,4	10x14x15	0
10x14x16	1426	1447	-21	3,2,3,2	4,3,3,4	4,4,4,4	10x14x16	0
10x14x17	1541	1595	-54	3,2,3,2	4,3,3,4	4,4,5,4	10x14x17	0
10x14x18	1641	1713	-72	3,2,3,2	4,3,3,4	4,4,5,5	10x14x18	0
10x14x19	1716	1780	-64	3,2,3,2	4,3,3,4	5,5,4,5	10x14x19	0
10x14x20	1777	1804	-27	3,2,3,2	4,3,3,4	5,5,5,5	10x14x20	0
10x14x21	1875	1928	-53	3,2,3,2	4,3,3,4	5,5,6,5	10x14x21	0
10x14x22	1957	2027	-70	3,2,3,2	4,3,3,4	5,5,6,6	10x14x22	0
10x14x23	2021	2078	-57	3,2,3,2	4,3,3,4	6,6,5,6	10x14x23	0
10x14x24	2070	2100	-30	3,2,3,2	4,3,3,4	6,6,6,6	10x14x24	0
10x14x25	2185	2250	-65	3,2,3,2	4,3,3,4	6,6,7,6	10x14x25	0
10x14x26	2287	2363	-76	3,2,3,2	4,3,3,4	6,6,7,7	10x14x26	0
10x14x27	2363	2437	-74	3,2,3,2	4,3,3,4	7,7,6,7	10x14x27	0
10x14x28	2426	2461	-35	3,2,3,2	4,3,3,4	7,7,7,7	10x14x28	0
10x14x29	2537	2604	-67	3,2,3,2	4,3,3,4	7,7,8,7	10x14x29	0
10x14x30	2633	2713	-80	3,2,3,2	4,3,3,4	7,7,8,8	10x14x30	0
10x14x31	2708	2780	-72	3,2,3,2	4,3,3,4	8,8,7,8	10x14x31	0
10x14x32	2765	2804	-39	3,2,3,2	4,3,3,4	8,8,8,8	10x14x32	0
10x15x15	1457	1492	-35	3,3,2,2	4,4,3,4	4,4,3,4	10x15x15	0
10x15x16	1504	1519	-15	3,3,2,2	4,4,3,4	4,4,4,4	10x15x16	0
10x15x17	1628	1677	-49	3,3,2,2	4,4,3,4	4,4,5,4	10x15x17	0
10x15x18	1731	1799	-68	3,2,3,2	4,4,3,4	4,4,5,5	10x15x18	0
10x15x19	1824	1864	-40	3,3,2,2	4,4,3,4	5,5,4,5	10x15x19	0
10x15x20	1875	1894	-19	3,3,2,2	4,4,3,4	5,5,5,5	10x15x20	0
10x15x21	1977	2023	-46	3,3,2,2	4,4,3,4	5,5,6,5	10x15x21	0
10x15x22	2061	2124	-63	3,2,3,2	4,4,3,4	5,5,6,6	10x15x22	0
10x15x23	2135	2174	-39	3,3,2,2	4,4,3,4	6,6,5,6	10x15x23	0
10x15x24	2178	2199	-21	3,3,2,2	4,4,3,4	6,6,6,6	10x15x24	0
10x15x25	2304	2360	-56	3,3,2,2	4,4,3,4	6,6,7,6	10x15x25	0
10x15x26	2408	2477	-69	3,2,3,2	4,4,3,4	6,6,7,7	10x15x26	0
10x15x27	2507	2552	-45	3,3,2,2	4,4,3,4	7,7,6,7	10x15x27	0
10x15x28	2556	2581	-25	3,3,2,2	4,4,3,4	7,7,7,7	10x15x28	0
10x15x29	2675	2732	-57	3,3,2,2	4,4,3,4	7,7,8,7	10x15x29	0
10x15x30	2773	2844	-71	3,2,3,2	4,4,3,4	7,7,8,8	10x15x30	0
10x15x31	2864	2911	-47	3,3,2,2	4,4,3,4	8,8,7,8	10x15x31	0
10x15x32	2911	2939	-28	3,3,2,2	4,4,3,4	8,8,8,8	10x15x32	0
10x16x16	1570	1570	0	3,3,2,2	4,4,4,4	4,4,4,4	10x16x16	0
10x16x17	1698	1712	-14	3,2,3,2	4,4,4,5	4,4,4,4	10x17x16	5
10x16x18	1807	1830	-23	3,2,3,2	5,4,4,5	4,4,4,4	10x18x16	5
10x16x19	1889	1905	-16	3,3,2,2	5,5,4,5	4,4,4,4	10x19x16	5
10x16x20	1957	1957	0	3,3,2,2	4,4,4,4	5,5,5,5	10x16x20	0
10x16x21	2061	2073	-12	3,2,3,2	5,5,5,6	4,4,4,4	10x21x16	5
10x16x22	2148	2167	-19	3,2,3,2	6,5,5,6	4,4,4,4	10x22x16	5
10x16x23	2214	2227	-13	3,3,2,2	6,6,5,6	4,4,4,4	10x23x16	5
10x16x24	2268	2268	0	3,3,2,2	4,4,4,4	6,6,6,6	10x16x24	0
10x16x25	2396	2408	-12	3,2,3,2	6,6,6,7	4,4,4,4	10x25x16	5
10x16x26	2510	2532	-22	3,2,3,2	7,6,6,7	4,4,4,4	10x26x16	5
10x16x27	2594	2610	-16	3,3,2,2	7,7,6,7	4,4,4,4	10x27x16	5
10x16x28	2666	2666	0	3,3,2,2	4,4,4,4	7,7,7,7	10x16x28	0
10x16x29	2786	2798	-12	3,2,3,2	7,7,7,8	4,4,4,4	10x29x16	5
10x16x30	2891	2912	-21	3,2,3,2	8,7,7,8	4,4,4,4	10x30x16	5
10x16x31	2969	2984	-15	3,3,2,2	8,8,7,8	4,4,4,4	10x31x16	5
10x16x32	3035	3035	0	3,3,2,2	4,4,4,4	8,8,8,8	10x16x32	0
10x17x17	1830	1884	-54	3,2,3,2	4,4,4,5	4,4,5,4	10x17x17	0
10x17x18	1945	2008	-63	3,2,3,2	4,4,4,5	4,4,5,5	10x17x18	0
10x17x19	2035	2083	-48	3,2,3,2	4,4,4,5	5,5,4,5	10x17x19	0
10x17x20	2101	2115	-14	3,2,3,2	4,4,4,5	5,5,5,5	10x17x20	0
10x17x21	2213	2261	-48	3,2,3,2	4,4,4,5	5,5,6,5	10x17x21	0
10x17x22	2309	2371	-62	3,2,3,2	4,4,4,5	5,5,6,6	10x17x22	0
10x17x23	2392	2434	-42	3,2,3,2	4,4,4,5	6,6,5,6	10x17x23	0
10x17x24	2444	2460	-16	3,2,3,2	4,4,4,5	6,6,6,6	10x17x24	0
10x17x25	2578	2636	-58	3,2,3,2	4,4,4,5	6,6,7,6	10x17x25	0
10x17x26	2701	2772	-71	3,2,3,2	4,4,4,5	6,6,7,7	10x17x26	0
10x17x27	2799	2854	-55	3,2,3,2	4,4,4,5	7,7,6,7	10x17x27	0
10x17x28	2866	2886	-20	3,2,3,2	4,4,4,5	7,7,7,7	10x17x28	0
10x17x29	2994	3054	-60	3,2,3,2	4,4,4,5	7,7,8,7	10x17x29	0
10x17x30	3110	3184	-74	3,2,3,2	4,4,4,5	7,7,8,8	10x17x30	0
10x17x31	3203	3261	-58	3,2,3,2	4,4,4,5	8,8,7,8	10x17x31	0
10x17x32	3267	3291	-24	3,2,3,2	4,4,4,5	8,8,8,8	10x17x32	0
10x18x18	2064	2140	-76	3,2,3,2	5,4,4,5	4,4,5,5	10x18x18	0
10x18x19	2154	2221	-67	3,2,3,2	5,4,4,5	5,5,4,5	10x18x19	0
10x18x20	2228	2253	-25	3,2,3,2	5,4,4,5	5,5,5,5	10x18x20	0
10x18x21	2352	2411	-59	3,2,3,2	5,4,4,5	5,5,6,5	10x18x21	0
10x18x22	2457	2534	-77	3,2,3,2	5,4,4,5	5,5,6,6	10x18x22	0
10x18x23	2538	2606	-68	3,2,3,2	5,4,4,5	6,6,5,6	10x18x23	0
10x18x24	2602	2632	-30	3,2,3,2	5,4,4,5	6,6,6,6	10x18x24	0
10x18x25	2745	2817	-72	3,2,3,2	5,4,4,5	6,6,7,6	10x18x25	0
10x18x26	2870	2959	-89	3,2,3,2	5,4,4,5	6,6,7,7	10x18x26	0
10x18x27	2967	3044	-77	3,2,3,2	5,4,4,5	7,7,6,7	10x18x27	0
10x18x28	3041	3076	-35	3,2,3,2	5,4,4,5	7,7,7,7	10x18x28	0
10x18x29	3181	3256	-75	3,2,3,2	5,4,4,5	7,7,8,7	10x18x29	0
10x18x30	3302	3396	-94	3,2,3,2	5,4,4,5	7,7,8,8	10x18x30	0
10x18x31	3395	3479	-84	3,2,3,2	5,4,4,5	8,8,7,8	10x18x31	0
10x18x32	3468	3509	-41	3,2,3,2	5,4,4,5	8,8,8,8	10x18x32	0
10x19x19	2265	2306	-41	3,3,2,2	5,5,4,5	5,5,4,5	10x19x19	0
10x19x20	2322	2340	-18	3,3,2,2	5,5,4,5	5,5,5,5	10x19x20	0
10x19x21	2454	2509	-55	3,3,2,2	5,5,4,5	5,5,6,5	10x19x21	0
10x19x22	2563	2636	-73	3,2,3,2	5,5,4,5	5,5,6,6	10x19x22	0
10x19x23	2664	2709	-45	3,3,2,2	5,5,4,5	6,6,5,6	10x19x23	0
10x19x24	2718	2740	-22	3,3,2,2	5,5,4,5	6,6,6,6	10x19x24	0
10x19x25	2871	2932	-61	3,3,2,2	5,5,4,5	6,6,7,6	10x19x25	0
10x19x26	2997	3077	-80	3,2,3,2	5,5,4,5	6,6,7,7	10x19x26	0
10x19x27	3111	3159	-48	3,3,2,2	5,5,4,5	7,7,6,7	10x19x27	0
10x19x28	3171	3196	-25	3,3,2,2	5,5,4,5	7,7,7,7	10x19x28	0
10x19x29	3321	3386	-65	3,3,2,2	5,5,4,5	7,7,8,7	10x19x29	0
10x19x30	3445	3530	-85	3,2,3,2	5,5,4,5	7,7,8,8	10x19x30	0
10x19x31	3558	3611	-53	3,3,2,2	5,5,4,5	8,8,7,8	10x19x31	0
10x19x32	3618	3647	-29	3,3,2,2	5,5,4,5	8,8,8,8	10x19x32	0
10x20x20	2402	2402	0	3,3,2,2	5,5,5,5	5,5,5,5	10x20x20	0
10x20x21	2538	2552	-14	3,2,3,2	5,5,5,6	5,5,5,5	10x21x20	5
10x20x22	2656	2680	-24	3,2,3,2	6,5,5,6	5,5,5,5	10x22x20	5
10x20x23	2744	2761	-17	3,3,2,2	6,6,5,6	5,5,5,5	10x23x20	5
10x20x24	2818	2818	0	3,3,2,2	5,5,5,5	6,6,6,6	10x20x24	0
10x20x25	2970	2986	-16	3,2,3,2	6,6,6,7	5,5,5,5	10x25x20	5
10x20x26	3101	3128	-27	3,2,3,2	7,6,6,7	5,5,5,5	10x26x20	5
10x20x27	3199	3218	-19	3,3,2,2	7,7,6,7	5,5,5,5	10x27x20	5
10x20x28	3281	3281	0	3,3,2,2	5,5,5,5	7,7,7,7	10x20x28	0
10x20x29	3433	3449	-16	3,2,3,2	7,7,7,8	5,5,5,5	10x29x20	5
10x20x30	3564	3591	-27	3,2,3,2	8,7,7,8	5,5,5,5	10x30x20	5
10x20x31	3662	3681	-19	3,3,2,2	8,8,7,8	5,5,5,5	10x31x20	5
10x20x32	3744	3744	0	3,3,2,2	5,5,5,5	8,8,8,8	10x20x32	0
10x21x21	2686	2748	-62	3,2,3,2	5,5,5,6	5,5,6,5	10x21x21	0
10x21x22	2819	2894	-75	3,2,3,2	5,5,5,6	5,5,6,6	10x21x22	0
10x21x23	2924	2986	-62	3,2,3,2	5,5,5,6	6,6,5,6	10x21x23	0
10x21x24	3002	3020	-18	3,2,3,2	5,5,5,6	6,6,6,6	10x21x24	0
10x21x25	3164	3232	-68	3,2,3,2	5,5,5,6	6,6,7,6	10x21x25	0
10x21x26	3308	3394	-86	3,2,3,2	5,5,5,6	6,6,7,7	10x21x26	0
10x21x27	3424	3489	-65	3,2,3,2	5,5,5,6	7,7,6,7	10x21x27	0
10x21x28	3505	3527	-22	3,2,3,2	5,5,5,6	7,7,7,7	10x21x28	0
10x21x29	3661	3729	-68	3,2,3,2	5,5,5,6	7,7,8,7	10x21x29	0
10x21x30	3798	3883	-85	3,2,3,2	5,5,5,6	7,7,8,8	10x21x30	0
10x21x31	3910	3970	-60	3,2,3,2	5,5,5,6	8,8,7,8	10x21x31	0
10x21x32	3984	4008	-24	3,2,3,2	5,5,5,6	8,8,8,8	10x21x32	0
10x22x22	2966	3058	-92	3,2,3,2	6,5,5,6	5,5,6,6	10x22x22	0
10x22x23	3073	3161	-88	3,2,3,2	6,6,5,6	5,5,6,6	10x23x22	5
10x22x24	3164	3196	-32	3,2,3,2	6,5,5,6	6,6,6,6	10x22x24	0
10x22x25	3341	3423	-82	3,2,3,2	6,5,5,6	6,6,7,6	10x22x25	0
10x22x26	3493	3599	-106	3,2,3,2	6,5,5,6	6,6,7,7	10x22x26	0
10x22x27	3609	3703	-94	3,2,3,2	6,5,5,6	7,7,6,7	10x22x27	0
10x22x28	3702	3741	-39	3,2,3,2	6,5,5,6	7,7,7,7	10x22x28	0
10x22x29	3864	3949	-85	3,2,3,2	6,5,5,6	7,7,8,7	10x22x29	0
10x22x30	4003	4108	-105	3,2,3,2	6,5,5,6	7,7,8,8	10x22x30	0
10x22x31	4112	4198	-86	3,2,3,2	6,5,5,6	8,8,7,8	10x22x31	0
10x22x32	4194	4236	-42	3,2,3,2	6,5,5,6	8,8,8,8	10x22x32	0
10x23x23	3213	3265	-52	3,3,2,2	6,6,5,6	6,6,5,6	10x23x23	0
10x23x24	3284	3307	-23	3,3,2,2	6,6,5,6	6,6,6,6	10x23x24	0
10x23x25	3473	3547	-74	3,3,2,2	6,6,5,6	6,6,7,6	10x23x25	0
10x23x26	3629	3728	-99	3,2,3,2	6,6,5,6	6,6,7,7	10x23x26	0
10x23x27	3772	3831	-59	3,3,2,2	6,6,5,6	7,7,6,7	10x23x27	0
10x23x28	3848	3876	-28	3,3,2,2	6,6,5,6	7,7,7,7	10x23x28	0
10x23x29	4018	4089	-71	3,3,2,2	6,6,5,6	7,7,8,7	10x23x29	0
10x23x30	4157	4250	-93	3,2,3,2	6,6,5,6	7,7,8,8	10x23x30	0
10x23x31	4282	4339	-57	3,3,2,2	6,6,5,6	8,8,7,8	10x23x31	0
10x23x32	4350	4380	-30	3,3,2,2	6,6,5,6	8,8,8,8	10x23x32	0
10x24x24	3386	3386	0	3,3,2,2	6,6,6,6	6,6,6,6	10x24x24	0
10x24x25	3578	3598	-20	3,2,3,2	6,6,6,7	6,6,6,6	10x25x24	5
10x24x26	3744	3778	-34	3,2,3,2	7,6,6,7	6,6,6,6	10x26x24	5
10x24x27	3868	3892	-24	3,3,2,2	7,7,6,7	6,6,6,6	10x27x24	5
10x24x28	3972	3972	0	3,3,2,2	6,6,6,6	7,7,7,7	10x24x28	0
10x24x29	4140	4158	-18	3,2,3,2	7,7,7,8	6,6,6,6	10x29x24	5
10x24x30	4284	4314	-30	3,2,3,2	8,7,7,8	6,6,6,6	10x30x24	5
10x24x31	4392	4413	-21	3,3,2,2	8,8,7,8	6,6,6,6	10x31x24	5
10x24x32	4482	4482	0	3,3,2,2	6,6,6,6	8,8,8,8	10x24x32	0
10x25x25	3772	3850	-78	3,2,3,2	6,6,6,7	6,6,7,6	10x25x25	0
10x25x26	3941	4033	-92	3,2,3,2	7,6,6,7	6,6,7,6	10x26x25	5
10x25x27	4075	4144	-69	3,2,3,2	6,6,6,7	7,7,6,7	10x25x27	0
10x25x28	4172	4192	-20	3,2,3,2	6,6,6,7	7,7,7,7	10x25x28	0
10x25x29	4356	4434	-78	3,2,3,2	6,6,6,7	7,7,8,7	10x25x29	0
10x25x30	4519	4620	-101	3,2,3,2	6,6,6,7	7,7,8,8	10x25x30	0
10x25x31	4652	4730	-78	3,2,3,2	6,6,6,7	8,8,7,8	10x25x31	0
10x25x32	4746	4772	-26	3,2,3,2	6,6,6,7	8,8,8,8	10x25x32	0
10x26x26	4112	4221	-109	3,2,3,2	7,6,6,7	6,6,7,7	10x26x26	0
10x26x27	4243	4334	-91	3,2,3,2	7,6,6,7	7,7,6,7	10x26x27	0
10x26x28	4347	4382	-35	3,2,3,2	7,6,6,7	7,7,7,7	10x26x28	0
10x26x29	4552	4648	-96	3,2,3,2	7,6,6,7	7,7,8,7	10x26x29	0
10x26x30	4733	4857	-124	3,2,3,2	7,6,6,7	7,7,8,8	10x26x30	0
10x26x31	4867	4982	-115	3,2,3,2	7,6,6,7	8,8,7,8	10x26x31	0
10x26x32	4978	5024	-46	3,2,3,2	7,6,6,7	8,8,8,8	10x26x32	0
10x27x27	4397	4453	-56	3,3,2,2	7,7,6,7	7,7,6,7	10x27x27	0
10x27x28	4477	4502	-25	3,3,2,2	7,7,6,7	7,7,7,7	10x27x28	0
10x27x29	4701	4789	-88	3,3,2,2	7,7,6,7	7,7,8,7	10x27x29	0
10x27x30	4887	5006	-119	3,2,3,2	7,7,6,7	7,7,8,8	10x27x30	0
10x27x31	5059	5130	-71	3,3,2,2	7,7,6,7	8,8,7,8	10x27x31	0
10x27x32	5150	5183	-33	3,3,2,2	7,7,6,7	8,8,8,8	10x27x32	0
10x28x28	4587	4587	0	3,3,2,2	7,7,7,7	7,7,7,7	10x28x28	0
10x28x29	4819	4843	-24	3,2,3,2	7,7,7,8	7,7,7,7	10x29x28	5
10x28x30	5020	5061	-41	3,2,3,2	8,7,7,8	7,7,7,7	10x30x28	5
10x28x31	5170	5199	-29	3,3,2,2	8,8,7,8	7,7,7,7	10x31x28	5
10x28x32	5296	5296	0	3,3,2,2	7,7,7,7	8,8,8,8	10x28x32	0
10x29x29	5053	5147	-94	3,2,3,2	7,7,7,8	7,7,8,7	10x29x29	0
10x29x30	5257	5368	-111	3,2,3,2	8,7,7,8	7,7,8,7	10x30x29	5
10x29x31	5419	5502	-83	3,2,3,2	7,7,7,8	8,8,7,8	10x29x31	0
10x29x32	5536	5560	-24	3,2,3,2	7,7,7,8	8,8,8,8	10x29x32	0
10x30x30	5463	5594	-131	3,2,3,2	8,7,7,8	7,7,8,8	10x30x30	0
10x30x31	5621	5730	-109	3,2,3,2	8,7,7,8	8,8,7,8	10x30x31	0
10x30x32	5746	5788	-42	3,2,3,2	8,7,7,8	8,8,8,8	10x30x32	0
10x31x31	5806	5873	-67	3,3,2,2	8,8,7,8	8,8,7,8	10x31x31	0
10x31x32	5902	5932	-30	3,3,2,2	8,8,7,8	8,8,8,8	10x31x32	0
10x32x32	6034	6034	0	3,3,2,2	8,8,8,8	8,8,8,8	10x32x32	0
11x11x11	925	945	-20	3,3,3,2	3,3,2,3	3,3,2,3	11x11x11	0
11x11x12	965	969	-4	3,3,3,2	3,3,2,3	3,3,3,3	11x11x12	0
11x11x13	1056	1082	-26	3,3,3,2	3,3,2,3	3,3,4,3	11x11x13	0
11x11x14	1131	1171	-40	4,4,3,3	3,3,2,3	3,3,2,3	14x11x11	3
11x11x15	1195	1215	-20	3,3,3,2	3,3,2,3	4,4,3,4	11x11x15	0
11x11x16	1231	1237	-6	3,3,3,2	3,3,2,3	4,4,4,4	11x11x16	0
11x11x17	1333	1363	-30	3,3,3,2	3,3,2,3	4,4,5,4	11x11x17	0
11x11x18	1418	1465	-47	3,3,3,2	3,3,2,3	4,4,5,5	11x11x18	0
11x11x19	1491	1514	-23	3,3,3,2	3,3,2,3	5,5,4,5	11x11x19	0
11x11x20	1531	1538	-7	3,3,3,2	3,3,2,3	5,5,5,5	11x11x20	0
11x11x21	1622	1651	-29	3,3,3,2	3,3,2,3	5,5,6,5	11x11x21	0
11x11x22	1697	1742	-45	3,3,3,2	3,3,2,3	5,5,6,6	11x11x22	0
11x11x23	1761	1784	-23	3,3,3,2	3,3,2,3	6,6,5,6	11x11x23	0
11x11x24	1797	1806	-9	3,3,3,2	3,3,2,3	6,6,6,6	11x11x24	0
11x11x25	1899	1932	-33	3,3,3,2	3,3,2,3	6,6,7,6	11x11x25	0
11x11x26	1984	2034	-50	3,3,3,2	3,3,2,3	6,6,7,7	11x11x26	0
11x11x27	2057	2083	-26	3,3,3,2	3,3,2,3	7,7,6,7	11x11x27	0
11x11x28	2097	2107	-10	3,3,3,2	3,3,2,3	7,7,7,7	11x11x28	0
11x11x29	2199	2233	-34	3,3,3,2	3,3,2,3	7,7,8,7	11x11x29	0
11x11x30	2284	2335	-51	3,3,3,2	3,3,2,3	7,7,8,8	11x11x30	0
11x11x31	2357	2384	-27	3,3,3,2	3,3,2,3	8,8,7,8	11x11x31	0
11x11x32	2396	2408	-12	3,3,3,2	3,3,2,3	8,8,8,8	11x11x32	0
11x12x12	1017	1017	0	3,3,3,2	3,3,3,3	3,3,3,3	11x12x12	0
11x12x13	1109	1121	-12	3,3,3,2	3,3,3,4	3,3,3,3	11x13x12	5
11x12x14	1185	1202	-17	4,4,3,3	3,3,2,3	3,3,3,3	14x11x12	1
11x12x15	1250	1255	-5	3,3,3,2	4,4,3,4	3,3,3,3	11x15x12	5
11x12x16	1291	1291	0	3,3,3,2	3,3,3,3	4,4,4,4	11x12x16	0
11x12x17	1395	1409	-14	3,3,3,2	4,4,4,5	3,3,3,3	11x17x12	5
11x12x18	1482	1502	-20	5,5,4,4	3,3,2,3	3,3,3,3	18x11x12	1
11x12x19	1557	1562	-5	3,3,3,2	5,5,4,5	3,3,3,3	11x19x12	5
11x12x20	1604	1604	0	3,3,3,2	3,3,3,3	5,5,5,5	11x12x20	0
11x12x21	1696	1708	-12	3,3,3,2	5,5,5,6	3,3,3,3	11x21x12	5
11x12x22	1772	1790	-18	3,3,3,2	6,5,5,6	3,3,3,3	11x22x12	5
11x12x23	1837	1842	-5	3,3,3,2	6,6,5,6	3,3,3,3	11x23x12	5
11x12x24	1878	1878	0	3,3,3,2	3,3,3,3	6,6,6,6	11x12x24	0
11x12x25	1982	1996	-14	3,3,3,2	6,6,6,7	3,3,3,3	11x25x12	5
11x12x26	2069	2090	-21	3,3,3,2	7,6,6,7	3,3,3,3	11x26x12	5
11x12x27	2144	2149	-5	3,3,3,2	7,7,6,7	3,3,3,3	11x27x12	5
11x12x28	2191	2191	0	3,3,3,2	3,3,3,3	7,7,7,7	11x12x28	0
11x12x29	2295	2309	-14	3,3,3,2	7,7,7,8	3,3,3,3	11x29x12	5
11x12x30	2382	2403	-21	3,3,3,2	8,7,7,8	3,3,3,3	11x30x12	5
11x12x31	2457	2462	-5	3,3,3,2	8,8,7,8	3,3,3,3	11x31x12	5
11x12x32	2504	2504	0	3,3,3,2	3,3,3,3	8,8,8,8	11x12x32	0
11x13x13	1211	1253	-42	3,3,3,2	3,3,3,4	3,3,4,3	11x13x13	0
11x13x14	1301	1349	-48	3,3,3,2	4,3,3,4	3,3,4,3	11x14x13	5
11x13x15	1379	1414	-35	3,3,3,2	4,4,3,4	3,3,4,3	11x15x13	5
11x13x16	1423	1441	-18	3,3,3,2	3,3,3,4	4,4,4,4	11x13x16	0
11x13x17	1535	1585	-50	3,3,3,2	3,3,3,4	4,4,5,4	11x13x17	0
11x13x18	1634	1695	-61	3,3,3,2	5,4,4,5	3,3,4,3	11x18x13	5
11x13x19	1719	1762	-43	4,3,3,3	3,3,2,3	5,5,4,5	13x11x19	4
11x13x20	1768	1790	-22	3,3,3,2	3,3,3,4	5,5,5,5	11x13x20	0
11x13x21	1864	1912	-48	3,3,3,2	3,3,3,4	5,5,6,5	11x13x21	0
11x13x22	1946	2010	-64	3,3,3,2	6,5,5,6	3,3,4,3	11x22x13	5
11x13x23	2016	2058	-42	4,3,3,3	3,3,2,3	6,6,5,6	13x11x23	4
11x13x24	2058	2082	-24	3,3,3,2	3,3,3,4	6,6,6,6	11x13x24	0
11x13x25	2172	2230	-58	3,3,3,2	3,3,3,4	6,6,7,6	11x13x25	0
11x13x26	2273	2348	-75	3,3,3,2	7,6,6,7	3,3,4,3	11x26x13	5
11x13x27	2361	2412	-51	4,3,3,3	3,3,2,3	7,7,6,7	13x11x27	4
11x13x28	2411	2439	-28	4,3,3,3	3,3,2,3	7,7,7,7	13x11x28	4
11x13x29	2522	2584	-62	3,3,3,2	3,3,3,4	7,7,8,7	11x13x29	0
11x13x30	2619	2701	-82	3,3,3,2	3,3,3,4	7,7,8,8	11x13x30	0
11x13x31	2703	2757	-54	4,3,3,3	3,3,2,3	8,8,7,8	13x11x31	4
11x13x32	2752	2784	-32	4,3,3,3	3,3,2,3	8,8,8,8	13x11x32	4
11x14x14	1397	1462	-65	4,3,4,3	3,3,2,3	3,3,4,4	14x11x14	4
11x14x15	1487	1528	-41	4,4,3,3	3,3,2,3	4,4,3,4	14x11x15	4
11x14x16	1534	1555	-21	4,4,3,3	3,3,2,3	4,4,4,4	14x11x16	4
11x14x17	1658	1713	-55	4,4,3,3	3,3,2,3	4,4,5,4	14x11x17	4
11x14x18	1761	1835	-74	4,3,4,3	3,3,2,3	4,4,5,5	14x11x18	4
11x14x19	1854	1900	-46	4,4,3,3	3,3,2,3	5,5,4,5	14x11x19	4
11x14x20	1905	1930	-25	4,4,3,3	3,3,2,3	5,5,5,5	14x11x20	4
11x14x21	2007	2059	-52	4,4,3,3	3,3,2,3	5,5,6,5	14x11x21	4
11x14x22	2091	2160	-69	4,3,4,3	3,3,2,3	5,5,6,6	14x11x22	4
11x14x23	2165	2210	-45	4,4,3,3	3,3,2,3	6,6,5,6	14x11x23	4
11x14x24	2208	2235	-27	4,4,3,3	3,3,2,3	6,6,6,6	14x11x24	4
11x14x25	2336	2401	-65	4,4,3,3	3,3,2,3	6,6,7,6	14x11x25	4
11x14x26	2443	2527	-84	4,3,4,3	3,3,2,3	6,6,7,7	14x11x26	4
11x14x27	2543	2599	-56	4,4,3,3	3,3,2,3	7,7,6,7	14x11x27	4
11x14x28	2596	2629	-33	4,4,3,3	3,3,2,3	7,7,7,7	14x11x28	4
11x14x29	2717	2785	-68	4,4,3,3	3,3,2,3	7,7,8,7	14x11x29	4
11x14x30	2818	2906	-88	4,3,4,3	3,3,2,3	7,7,8,8	14x11x30	4
11x14x31	2910	2970	-60	4,4,3,3	3,3,2,3	8,8,7,8	14x11x31	4
11x14x32	2961	2999	-38	4,4,3,3	3,3,2,3	8,8,8,8	14x11x32	4
11x15x15	1580	1606	-26	3,3,3,2	4,4,3,4	4,4,3,4	11x15x15	0
11x15x16	1630	1636	-6	3,3,3,2	4,4,3,4	4,4,4,4	11x15x16	0
11x15x17	1764	1802	-38	3,3,3,2	4,4,3,4	4,4,5,4	11x15x17	0
11x15x18	1875	1928	-53	5,5,4,4	3,3,2,3	4,4,3,4	18x11x15	1
11x15x19	1970	1999	-29	3,3,3,2	4,4,3,4	5,5,4,5	11x15x19	0
11x15x20	2023	2031	-8	3,3,3,2	4,4,3,4	5,5,5,5	11x15x20	0
11x15x21	2130	2164	-34	3,3,3,2	4,4,3,4	5,5,6,5	11x15x21	0
11x15x22	2218	2271	-53	3,3,3,2	4,4,3,4	5,5,6,6	11x15x22	0
11x15x23	2293	2320	-27	3,3,3,2	4,4,3,4	6,6,5,6	11x15x23	0
11x15x24	2337	2346	-9	3,3,3,2	4,4,3,4	6,6,6,6	11x15x24	0
11x15x25	2478	2521	-43	3,3,3,2	4,4,3,4	6,6,7,6	11x15x25	0
11x15x26	2597	2662	-65	3,3,3,2	4,4,3,4	6,6,7,7	11x15x26	0
11x15x27	2700	2733	-33	3,3,3,2	4,4,3,4	7,7,6,7	11x15x27	0
11x15x28	2756	2766	-10	3,3,3,2	4,4,3,4	7,7,7,7	11x15x28	0
11x15x29	2886	2928	-42	3,3,3,2	4,4,3,4	7,7,8,7	11x15x29	0
11x15x30	2995	3058	-63	3,3,3,2	4,4,3,4	7,7,8,8	11x15x30	0
11x15x31	3089	3122	-33	3,3,3,2	4,4,3,4	8,8,7,8	11x15x31	0
11x15x32	3142	3153	-11	3,3,3,2	4,4,3,4	8,8,8,8	11x15x32	0
11x16x16	1690	1690	0	3,3,3,2	4,4,4,4	4,4,4,4	11x16x16	0
11x16x17	1826	1844	-18	3,3,3,2	4,4,4,5	4,4,4,4	11x17x16	5
11x16x18	1939	1965	-26	5,5,4,4	3,3,2,3	4,4,4,4	18x11x16	1
11x16x19	2036	2043	-7	3,3,3,2	5,5,4,5	4,4,4,4	11x19x16	5
11x16x20	2097	2097	0	3,3,3,2	4,4,4,4	5,5,5,5	11x16x20	0
11x16x21	2205	2219	-14	3,3,3,2	5,5,5,6	4,4,4,4	11x21x16	5
11x16x22	2294	2315	-21	3,3,3,2	6,5,5,6	4,4,4,4	11x22x16	5
11x16x23	2370	2376	-6	3,3,3,2	6,6,5,6	4,4,4,4	11x23x16	5
11x16x24	2418	2418	0	3,3,3,2	4,4,4,4	6,6,6,6	11x16x24	0
11x16x25	2562	2582	-20	3,3,3,2	6,6,6,7	4,4,4,4	11x25x16	5
11x16x26	2684	2714	-30	3,3,3,2	7,6,6,7	4,4,4,4	11x26x16	5
11x16x27	2790	2796	-6	3,3,3,2	7,7,6,7	4,4,4,4	11x27x16	5
11x16x28	2856	2856	0	3,3,3,2	4,4,4,4	7,7,7,7	11x16x28	0
11x16x29	2988	3006	-18	3,3,3,2	7,7,7,8	4,4,4,4	11x29x16	5
11x16x30	3099	3126	-27	3,3,3,2	8,7,7,8	4,4,4,4	11x30x16	5
11x16x31	3195	3201	-6	3,3,3,2	8,8,7,8	4,4,4,4	11x31x16	5
11x16x32	3255	3255	0	3,3,3,2	4,4,4,4	8,8,8,8	11x16x32	0
11x17x17	1968	2026	-58	3,3,3,2	4,4,4,5	4,4,5,4	11x17x17	0
11x17x18	2089	2156	-67	3,3,3,2	5,4,4,5	4,4,5,4	11x18x17	5
11x17x19	2194	2241	-47	3,3,3,2	5,5,4,5	4,4,5,4	11x19x17	5
11x17x20	2257	2279	-22	3,3,3,2	4,4,4,5	5,5,5,5	11x17x20	0
11x17x21	2375	2431	-56	3,3,3,2	4,4,4,5	5,5,6,5	11x17x21	0
11x17x22	2478	2549	-71	3,3,3,2	6,5,5,6	4,4,5,4	11x22x17	5
11x17x23	2567	2619	-52	3,3,3,2	4,4,4,5	6,6,5,6	11x17x23	0
11x17x24	2618	2646	-28	3,3,3,2	4,4,4,5	6,6,6,6	11x17x24	0
11x17x25	2767	2837	-70	3,3,3,2	4,4,4,5	6,6,7,6	11x17x25	0
11x17x26	2897	2984	-87	3,2,3,3	7,6,6,7	4,4,5,4	11x26x17	5
11x17x27	3009	3070	-61	3,3,3,2	4,4,4,5	7,7,6,7	11x17x27	0
11x17x28	3076	3106	-30	3,3,3,2	4,4,4,5	7,7,7,7	11x17x28	0
11x17x29	3216	3286	-70	3,3,3,2	4,4,4,5	7,7,8,7	11x17x29	0
11x17x30	3339	3430	-91	3,3,3,2	8,7,7,8	4,4,5,4	11x30x17	5
11x17x31	3445	3508	-63	3,3,3,2	4,4,4,5	8,8,7,8	11x17x31	0
11x17x32	3507	3541	-34	3,3,3,2	4,4,4,5	8,8,8,8	11x17x32	0
11x18x18	2214	2311	-97	5,4,5,4	3,3,2,3	4,4,5,5	18x11x18	4
11x18x19	2327	2388	-61	5,5,4,4	3,3,2,3	5,5,4,5	18x11x19	4
11x18x20	2392	2424	-32	5,5,4,4	3,3,2,3	5,5,5,5	18x11x20	4
11x18x21	2524	2591	-67	3,3,3,2	5,4,4,5	5,5,6,5	11x18x21	0
11x18x22	2633	2720	-87	5,4,5,4	3,3,2,3	5,5,6,6	18x11x22	4
11x18x23	2734	2793	-59	5,5,4,4	3,3,2,3	6,6,5,6	18x11x23	4
11x18x24	2788	2824	-36	5,5,4,4	3,3,2,3	6,6,6,6	18x11x24	4
11x18x25	2945	3026	-81	5,5,4,4	3,3,2,3	6,6,7,6	18x11x25	4
11x18x26	3077	3189	-112	3,3,3,2	5,4,4,5	6,6,7,7	11x18x26	0
11x18x27	3193	3265	-72	5,5,4,4	3,3,2,3	7,7,6,7	18x11x27	4
11x18x28	3261	3304	-43	5,5,4,4	3,3,2,3	7,7,7,7	18x11x28	4
11x18x29	3413	3498	-85	3,3,3,2	5,4,4,5	7,7,8,7	11x18x29	0
11x18x30	3540	3652	-112	5,4,5,4	3,3,2,3	7,7,8,8	18x11x30	4
11x18x31	3654	3730	-76	5,5,4,4	3,3,2,3	8,8,7,8	18x11x31	4
11x18x32	3718	3767	-49	5,5,4,4	3,3,2,3	8,8,8,8	18x11x32	4
11x19x19	2442	2478	-36	3,3,3,2	5,5,4,5	5,5,4,5	11x19x19	0
11x19x20	2509	2516	-7	3,3,3,2	5,5,4,5	5,5,5,5	11x19x20	0
11x19x21	2654	2695	-41	3,3,3,2	5,5,4,5	5,5,6,5	11x19x21	0
11x19x22	2775	2840	-65	3,3,3,2	5,5,4,5	5,5,6,6	11x19x22	0
11x19x23	2879	2910	-31	3,3,3,2	5,5,4,5	6,6,5,6	11x19x23	0
11x19x24	2936	2944	-8	3,3,3,2	5,5,4,5	6,6,6,6	11x19x24	0
11x19x25	3099	3149	-50	3,3,3,2	5,5,4,5	6,6,7,6	11x19x25	0
11x19x26	3235	3312	-77	3,3,3,2	5,5,4,5	6,6,7,7	11x19x26	0
11x19x27	3352	3391	-39	3,3,3,2	5,5,4,5	7,7,6,7	11x19x27	0
11x19x28	3421	3431	-10	3,3,3,2	5,5,4,5	7,7,7,7	11x19x28	0
11x19x29	3583	3633	-50	3,3,3,2	5,5,4,5	7,7,8,7	11x19x29	0
11x19x30	3718	3795	-77	3,3,3,2	5,5,4,5	7,7,8,8	11x19x30	0
11x19x31	3834	3873	-39	3,3,3,2	5,5,4,5	8,8,7,8	11x19x31	0
11x19x32	3900	3912	-12	3,3,3,2	5,5,4,5	8,8,8,8	11x19x32	0
11x20x20	2582	2582	0	3,3,3,2	5,5,5,5	5,5,5,5	11x20x20	0
11x20x21	2730	2750	-20	3,3,3,2	5,5,5,6	5,5,5,5	11x21x20	5
11x20x22	2854	2884	-30	3,3,3,2	6,5,5,6	5,5,5,5	11x22x20	5
11x20x23	2961	2968	-7	3,3,3,2	6,6,5,6	5,5,5,5	11x23x20	5
11x20x24	3028	3028	0	3,3,3,2	5,5,5,5	6,6,6,6	11x20x24	0
11x20x25	3192	3214	-22	3,3,3,2	6,6,6,7	5,5,5,5	11x25x20	5
11x20x26	3329	3362	-33	3,3,3,2	7,6,6,7	5,5,5,5	11x26x20	5
11x20x27	3447	3455	-8	3,3,3,2	7,7,6,7	5,5,5,5	11x27x20	5
11x20x28	3521	3521	0	3,3,3,2	5,5,5,5	7,7,7,7	11x20x28	0
11x20x29	3685	3707	-22	3,3,3,2	7,7,7,8	5,5,5,5	11x29x20	5
11x20x30	3822	3855	-33	3,3,3,2	8,7,7,8	5,5,5,5	11x30x20	5
11x20x31	3940	3948	-8	3,3,3,2	8,8,7,8	5,5,5,5	11x31x20	5
11x20x32	4014	4014	0	3,3,3,2	5,5,5,5	8,8,8,8	11x20x32	0
11x21x21	2892	2960	-68	3,3,3,2	5,5,5,6	5,5,6,5	11x21x21	0
11x21x22	3036	3114	-78	3,3,3,2	6,5,5,6	5,5,6,5	11x22x21	5
11x21x23	3161	3216	-55	3,3,3,2	6,6,5,6	5,5,6,5	11x23x21	5
11x21x24	3232	3260	-28	3,3,3,2	5,5,5,6	6,6,6,6	11x21x24	0
11x21x25	3407	3485	-78	3,3,3,2	5,5,5,6	6,6,7,6	11x21x25	0
11x21x26	3560	3655	-95	3,3,3,2	7,6,6,7	5,5,6,5	11x26x21	5
11x21x27	3692	3762	-70	3,3,3,2	5,5,5,6	7,7,6,7	11x21x27	0
11x21x28	3769	3803	-34	3,3,3,2	5,5,5,6	7,7,7,7	11x21x28	0
11x21x29	3937	4017	-80	3,3,3,2	5,5,5,6	7,7,8,7	11x21x29	0
11x21x30	4080	4183	-103	3,3,3,2	8,7,7,8	5,5,6,5	11x30x21	5
11x21x31	4203	4273	-70	3,3,3,2	5,5,5,6	8,8,7,8	11x21x31	0
11x21x32	4278	4314	-36	3,3,3,2	5,5,5,6	8,8,8,8	11x21x32	0
11x22x22	3188	3307	-119	6,5,6,5	3,3,2,3	5,5,6,6	22x11x22	4
11x22x23	3329	3408	-79	3,3,3,2	5,6,5,6	6,6,5,6	11x22x23	0
11x22x24	3404	3446	-42	3,3,3,2	6,5,5,6	6,6,6,6	11x22x24	0
11x22x25	3595	3687	-92	3,3,3,2	6,5,5,6	6,6,7,6	11x22x25	0
11x22x26	3754	3886	-132	6,5,6,5	3,3,2,3	6,6,7,7	22x11x26	4
11x22x27	3898	3986	-88	6,6,5,5	3,3,2,3	7,7,6,7	22x11x27	4
11x22x28	3978	4029	-51	3,3,3,2	6,5,5,6	7,7,7,7	11x22x28	0
11x22x29	4152	4249	-97	3,3,3,2	6,5,5,6	7,7,8,7	11x22x29	0
11x22x30	4297	4426	-129	3,3,3,2	6,5,5,6	7,7,8,8	11x22x30	0
11x22x31	4424	4513	-89	3,3,3,2	6,5,5,6	8,8,7,8	11x22x31	0
11x22x32	4500	4554	-54	3,3,3,2	6,5,5,6	8,8,8,8	11x22x32	0
11x23x23	3474	3515	-41	3,3,3,2	6,6,5,6	6,6,5,6	11x23x23	0
11x23x24	3553	3562	-9	3,3,3,2	6,6,5,6	6,6,6,6	11x23x24	0
11x23x25	3758	3817	-59	3,3,3,2	6,6,5,6	6,6,7,6	11x23x25	0
11x23x26	3929	4019	-90	3,3,3,2	7,6,6,7	6,6,5,6	11x26x23	5
11x23x27	4076	4121	-45	3,3,3,2	6,6,5,6	7,7,6,7	11x23x27	0
11x23x28	4159	4170	-11	3,3,3,2	6,6,5,6	7,7,7,7	11x23x28	0
11x23x29	4338	4395	-57	3,3,3,2	6,6,5,6	7,7,8,7	11x23x29	0
11x23x30	4487	4574	-87	3,3,3,2	6,6,5,6	7,7,8,8	11x23x30	0
11x23x31	4615	4660	-45	3,3,3,2	6,6,5,6	8,8,7,8	11x23x31	0
11x23x32	4692	4704	-12	3,3,3,2	6,6,5,6	8,8,8,8	11x23x32	0
11x24x24	3646	3646	0	3,3,3,2	6,6,6,6	6,6,6,6	11x24x24	0
11x24x25	3854	3882	-28	3,3,3,2	6,6,6,7	6,6,6,6	11x25x24	5
11x24x26	4028	4070	-42	3,3,3,2	7,6,6,7	6,6,6,6	11x26x24	5
11x24x27	4178	4188	-10	3,3,3,2	7,7,6,7	6,6,6,6	11x27x24	5
11x24x28	4272	4272	0	3,3,3,2	6,6,6,6	7,7,7,7	11x24x28	0
11x24x29	4452	4476	-24	3,3,3,2	7,7,7,8	6,6,6,6	11x29x24	5
11x24x30	4602	4638	-36	3,3,3,2	8,7,7,8	6,6,6,6	11x30x24	5
11x24x31	4731	4740	-9	3,3,3,2	8,8,7,8	6,6,6,6	11x31x24	5
11x24x32	4812	4812	0	3,3,3,2	6,6,6,6	8,8,8,8	11x24x32	0
11x25x25	4065	4151	-86	3,3,3,2	6,6,6,7	6,6,7,6	11x25x25	0
11x25x26	4243	4343	-100	3,3,3,2	7,6,6,7	6,6,7,6	11x26x25	5
11x25x27	4397	4465	-68	3,3,3,2	7,7,6,7	6,6,7,6	11x27x25	5
11x25x28	4492	4522	-30	3,3,3,2	6,6,6,7	7,7,7,7	11x25x28	0
11x25x29	4690	4778	-88	3,3,3,2	6,6,6,7	7,7,8,7	11x25x29	0
11x25x30	4866	4972	-106	3,3,3,2	8,7,7,8	6,6,7,6	11x30x25	5
11x25x31	5018	5097	-79	3,3,3,2	8,8,7,8	6,6,7,6	11x31x25	5
11x25x32	5104	5144	-40	3,3,3,2	6,6,6,7	8,8,8,8	11x25x32	0
11x26x26	4423	4561	-138	3,3,3,2	7,6,6,7	6,6,7,7	11x26x26	0
11x26x27	4581	4670	-89	3,3,3,2	7,6,6,7	7,7,6,7	11x26x27	0
11x26x28	4677	4722	-45	3,3,3,2	7,6,6,7	7,7,7,7	11x26x28	0
11x26x29	4901	5004	-103	3,3,3,2	7,6,6,7	7,7,8,7	11x26x29	0
11x26x30	5087	5243	-156	3,3,3,2	7,6,6,7	7,7,8,8	11x26x30	0
11x26x31	5259	5365	-106	3,3,3,2	7,6,6,7	8,8,7,8	11x26x31	0
11x26x32	5350	5410	-60	3,3,3,2	7,6,6,7	8,8,8,8	11x26x32	0
11x27x27	4740	4793	-53	3,3,3,2	7,7,6,7	7,7,6,7	11x27x27	0
11x27x28	4837	4847	-10	3,3,3,2	7,7,6,7	7,7,7,7	11x27x28	0
11x27x29	5084	5152	-68	3,3,3,2	7,7,6,7	7,7,8,7	11x27x29	0
11x27x30	5290	5395	-105	3,3,3,2	7,8,7,8	7,7,6,7	11x30x27	5
11x27x31	5467	5518	-51	3,3,3,2	7,7,6,7	8,8,7,8	11x27x31	0
11x27x32	5563	5576	-13	3,3,3,2	7,7,6,7	8,8,8,8	11x27x32	0
11x28x28	4937	4937	0	3,3,3,2	7,7,7,7	7,7,7,7	11x28x28	0
11x28x29	5189	5223	-34	3,3,3,2	7,7,7,8	7,7,7,7	11x29x28	5
11x28x30	5400	5451	-51	3,3,3,2	8,7,7,8	7,7,7,7	11x30x28	5
11x28x31	5582	5594	-12	3,3,3,2	8,8,7,8	7,7,7,7	11x31x28	5
11x28x32	5696	5696	0	3,3,3,2	7,7,7,7	8,8,8,8	11x28x32	0
11x29x29	5444	5548	-104	3,3,3,2	7,7,7,8	7,7,8,7	11x29x29	0
11x29x30	5659	5780	-121	3,3,3,2	8,7,7,8	7,7,8,7	11x30x29	5
11x29x31	5845	5927	-82	3,3,3,2	8,8,7,8	7,7,8,7	11x31x29	5
11x29x32	5960	5996	-36	3,3,3,2	7,7,7,8	8,8,8,8	11x29x32	0
11x30x30	5876	6042	-166	3,3,3,2	8,7,7,8	7,7,8,8	11x30x30	0
11x30x31	6066	6173	-107	3,3,3,2	8,7,7,8	8,8,7,8	11x30x31	0
11x30x32	6182	6236	-54	3,3,3,2	8,7,7,8	8,8,8,8	11x30x32	0
11x31x31	6257	6321	-64	3,3,3,2	8,8,7,8	8,8,7,8	11x31x31	0
11x31x32	6374	6386	-12	3,3,3,2	8,8,7,8	8,8,8,8	11x31x32	0
11x32x32	6494	6494	0	3,3,3,2	8,8,8,8	8,8,8,8	11x32x32	0
SUMMARY	checked=1154	wins=0	ties=217	losses=937	largest_gain=0	largest_loss=166
