C5	C5	41 30A	C5	41 30A
212B	C5	41 30A	C5	41 30A
41 30A	C5	41 30A	C5	41 30A
65 301	E9	65 301	E9	65 301
E9	E9	65 301	E9	65 301
71 307 323	71 323 307	71 323 307	71 323 307	71 323 307
71 323 307	71 323 307	71 323 307	71 323 307	71 323 307
FB01	FB01	FB01	66 69	66 69
2460	2460	2460	31	31
3392	3392	3392	4D 48 7A	4D 48 7A
AC00	AC00	1100 1161	AC00	1100 1161
D4DB	D4DB	1111 1171 11B6	D4DB	1111 1171 11B6
1100 1161 11A8	AC01	1100 1161 11A8	AC01	1100 1161 11A8
958	915 93C	915 93C	915 93C	915 93C
915 93C	915 93C	915 93C	915 93C	915 93C
F77	F77	F77	FB2 F71 F80	FB2 F71 F80
1E0B 323	1E0D 307	64 323 307	1E0D 307	64 323 307
73 323 307	1E69	73 323 307	1E69	73 323 307
1E69	1E69	73 323 307	1E69	73 323 307
1C4	1C4	1C4	44 17D	44 5A 30C
FDFA	FDFA	FDFA	635 644 649 20 627 644 644 647 20 639 644 64A 647 20 648 633 644 645	635 644 649 20 627 644 644 647 20 639 644 64A 647 20 648 633 644 645
BD	BD	BD	31 2044 32	31 2044 32
2075	2075	2075	35	35
1D160	1D158 1D165 1D16E	1D158 1D165 1D16E	1D158 1D165 1D16E	1D158 1D165 1D16E
1D1C0	1D1BA 1D165 1D16F	1D1BA 1D165 1D16F	1D1BA 1D165 1D16F	1D1BA 1D165 1D16F
78 344 79	1E8D 301 79	78 308 301 79	1E8D 301 79	78 308 301 79
344	308 301	308 301	308 301	308 301
2126 212A 212B	3A9 4B C5	3A9 4B 41 30A	3A9 4B C5	3A9 4B 41 30A
F7D FC49 1F95	F7D FC49 1F95	F7D FC49 3B7 314 301 345	F7D 645 649 1F95	F7D 645 649 3B7 314 301 345
C4AF	C4AF	110A 1170 11BA	C4AF	110A 1170 11BA
331F	331F	331F	30B5 30A4 30AF 30EB	30B5 30A4 30AF 30EB
3067 1D7CF 1DC2 1ED0 FAAB	3067 1D7CF 1DC2 1ED0 78CC	3066 3099 1D7CF 1DC2 4F 302 301 78CC	3067 31 1DC2 1ED0 78CC	3066 3099 31 1DC2 4F 302 301 78CC
FE17 F995 1E949 FB4C	FE17 79CA 1E949 5D1 5BF	FE17 79CA 1E949 5D1 5BF	3016 79CA 1E949 5D1 5BF	3016 79CA 1E949 5D1 5BF
FE9F 30B4 11B5 2F9ED A67B	FE9F 30B4 11B5 28BFA A67B	FE9F 30B3 3099 11B5 28BFA A67B	62C 30B4 11B5 28BFA A67B	62C 30B3 3099 11B5 28BFA A67B
11E9 F912 12E7 44F FC68 1FAA	11E9 88F8 12E7 44F FC68 1FAA	11E9 88F8 12E7 44F FC68 3A9 313 300 345	11E9 88F8 12E7 44F 626 649 1FAA	11E9 88F8 12E7 44F 64A 654 649 3A9 313 300 345
1F77 AFAD	3AF AFAD	3B9 301 1101 116D 11B8	3AF AFAD	3B9 301 1101 116D 11B8
369 1183A FE3D 89C B4C5 2F98A 2682	1183A 369 FE3D 89C B4C5 2339C 2682	1183A 369 FE3D 89C 1103 1172 11AC 2339C 2682	1183A 369 300A 89C B4C5 2339C 2682	1183A 369 300A 89C 1103 1172 11AC 2339C 2682
D36E 1E016 2F899	D36E 1E016 5F62	1111 1164 11B5 1E016 5F62	D36E 1E016 5F62	1111 1164 11B5 1E016 5F62
2080 343 338D 2F83D B89A	2080 313 338D 5438 B89A	2080 313 338D 5438 1105 116B 11AD	30 313 3BC 67 5438 B89A	30 313 3BC 67 5438 1105 116B 11AD
F921 1171 30C5 CBC 1D719 B07D	5D50 1171 30C5 CBC 1D719 B07D	5D50 1171 30C4 CBC 3099 1D719 1101 1175 11A8	5D50 1171 30C5 CBC 3C6 B07D	5D50 1171 30C4 CBC 3099 3C6 1101 1175 11A8
2113 1D516 44F 1D43A	2113 1D516 44F 1D43A	2113 1D516 44F 1D43A	6C 53 44F 47	6C 53 44F 47
2B0 59A 1E005	2B0 59A 1E005	2B0 59A 1E005	68 59A 1E005	68 59A 1E005
336 FA66 2383 2B8 1F12C 1D703	336 8FB6 2383 2B8 1F12C 1D703	336 8FB6 2383 2B8 1F12C 1D703	336 8FB6 2383 79 52 3B8	336 8FB6 2383 79 52 3B8
1CCED 11366 F9CC	1CCED 11366 7409	1CCED 11366 7409	58 11366 7409	58 11366 7409
1E049	1E049	1E049	44E	44E
2DFB 309F 17DD 1D69D	2DFB 309F 17DD 1D69D	2DFB 309F 17DD 1D69D	2DFB 3088 308A 17DD 74	2DFB 3088 308A 17DD 74
1EEC FA19 D63D 4BC	1EEC 795E D63D 4BC	55 31B 309 795E 1112 1169 11AC 4BC	1EEC 795E D63D 4BC	55 31B 309 795E 1112 1169 11AC 4BC
210D 2FBD 3217 198D 1D71D 1AAD 1D46D	210D 2FBD 3217 198D 1D71D 1AAD 1D46D	210D 2FBD 3217 198D 1D71D 1AAD 1D46D	48 9ADF 28 CC28 29 198D 392 1AAD 46	48 9ADF 28 110E 1161 29 198D 392 1AAD 46
1D1BF	1D1B9 1D165 1D16F	1D1B9 1D165 1D16F	1D1B9 1D165 1D16F	1D1B9 1D165 1D16F
1D5A9 F945 30FE	1D5A9 807E 30FE	1D5A9 807E 30FD 3099	4A 807E 30FE	4A 807E 30FD 3099
2025 1EFD 1079D 10A38 FB94 3180	2025 1EFD 1079D 10A38 FB94 3180	2025 1EFD 1079D 10A38 FB94 3180	2E 2E 1EFD A78E 10A38 6AF 1147	2E 2E 1EFD A78E 10A38 6AF 1147
1D4D2	1D4D2	1D4D2	43	43
A92D 2F97F 1D6EC	A92D 8070 1D6EC	A92D 8070 1D6EC	A92D 8070 39B	A92D 8070 39B
1DFC	1DFC	1DFC	1DFC	1DFC
111CA 32A 483 FC7C FC0A 1D71A FA51	111CA 32A 483 FC7C FC0A 1D71A 795D	111CA 32A 483 FC7C FC0A 1D71A 795D	111CA 32A 483 641 649 628 64A 3C1 795D	111CA 32A 483 641 649 628 64A 3C1 795D
1CCF3 FCB9	1CCF3 FCB9	1CCF3 FCB9	33 638 645	33 638 645
2DE9 5C7 FF05 B251 2DF2	5C7 2DE9 FF05 B251 2DF2	5C7 2DE9 FF05 1102 1170 11BC 2DF2	5C7 2DE9 25 B251 2DF2	5C7 2DE9 25 1102 1170 11BC 2DF2
FDAD 32AE FB04 1133B F80 FA7A	FDAD 32AE FB04 1133B F80 5599	FDAD 32AE FB04 1133B F80 5599	644 645 64A 8CC7 66 66 6C 1133B F80 5599	644 645 64A 8CC7 66 66 6C 1133B F80 5599
FC6 1145E	FC6 1145E	FC6 1145E	FC6 1145E	FC6 1145E
11D97 1F0 1D65B 1EC 1E2EC C3C	11D97 1F0 1D65B 1EC C3C 1E2EC	11D97 6A 30C 1D65B 4F C3C 328 304 1E2EC	11D97 1F0 66 1EC C3C 1E2EC	11D97 6A 30C 66 4F C3C 328 304 1E2EC
10E 8DD FE3A	10E 8DD FE3A	44 30C 8DD FE3A	10E 8DD 3015	44 30C 8DD 3015
3359 8F6 2176 2FA09 1EE16	3359 8F6 2176 29B30 1EE16	3359 8F6 2176 29B30 1EE16	31 70B9 8F6 76 69 69 29B30 62B	31 70B9 8F6 76 69 69 29B30 62B
1FFD 1D474 D63E FC21 FC7E	B4 1D474 D63E FC21 FC7E	B4 1D474 1112 1169 11AD FC21 FC7E	20 301 4D D63E 635 645 642 649	20 301 4D 1112 1169 11AD 635 645 642 649
FC3E 2F8A1 1D623 FCA5	FC3E 393A 1D623 FCA5	FC3E 393A 1D623 FCA5	643 64A 393A 62 62A 647	643 64A 393A 62 62A 647
483	483	483	483	483
1714	1714	1714	1714	1714
20E5 2F90A 2FBC 1FE3	20E5 3D33 2FBC 3B0	20E5 3D33 2FBC 3C5 308 301	20E5 3D33 9AD8 3B0	20E5 3D33 9AD8 3C5 308 301
C3	C3	41 303	C3	41 303
FC6 D6C2 2F87F 32FD 1E06	FC6 D6C2 5D6B 32FD 1E06	FC6 1112 116D 11C1 5D6B 32FD 42 331	FC6 D6C2 5D6B 30F1 1E06	FC6 1112 116D 11C1 5D6B 30F1 42 331
F82	F82	F82	F82	F82
33CC B3C 654 3186 3306	33CC B3C 654 3186 3306	33CC B3C 654 3186 3306	69 6E B3C 654 1159 30A6 30A9 30F3	69 6E B3C 654 1159 30A6 30A9 30F3
2F9DD 2F962 1D68E 1D51C	208DE 7BC6 1D68E 1D51C	208DE 7BC6 1D68E 1D51C	208DE 7BC6 65 59	208DE 7BC6 65 59
1D649 2089 FAAA 89A	1D649 2089 7740 89A	1D649 2089 7740 89A	4E 39 7740 89A	4E 39 7740 89A
3138	3138	3138	1104	1104
F7B 1D5F3 20D0 1EE29 DDA 9FE	F7B 1D5F3 20D0 1EE29 DDA 9FE	F7B 1D5F3 20D0 1EE29 DD9 DCA 9FE	F7B 66 20D0 64A DDA 9FE	F7B 66 20D0 64A DD9 DCA 9FE
32DE 8ED D065 1E20 1F216	32DE 8ED D065 1E20 1F216	32DE 8ED 110F 1172 11BC 47 304 1F216	30BD 8ED D065 1E20 89E3	30BD 8ED 110F 1172 11BC 47 304 89E3
1109A 8F6 1EE67	1109A 8F6 1EE67	11099 110BA 8F6 1EE67	1109A 8F6 62D	11099 110BA 8F6 62D
A8E3 327A A674	A8E3 327A A674	A8E3 327A A674	A8E3 D30C A674	A8E3 1111 1161 A674
C490 1D780 2F12 A678 653	C490 1D780 2F12 A678 653	110A 116F 11B7 1D780 2F12 A678 653	C490 3C1 529B A678 653	110A 116F 11B7 3C1 529B A678 653
1E2ED FCA9 FE2B 81E 1EE4E 1D6DD 3278	1E2ED FCA9 FE2B 81E 1EE4E 1D6DD 3278	1E2ED FCA9 FE2B 81E 1EE4E 1D6DD 3278	1E2ED 62D 62C FE2B 81E 633 3B8 CE74	1E2ED 62D 62C FE2B 81E 633 3B8 110F 1161
1E3F 1E2E 302C 1D58B 8D5 5BF	1E3F 1E2E 302C 1D58B 5BF 8D5	6D 301 49 308 301 302C 1D58B 5BF 8D5	1E3F 1E2E 302C 66 5BF 8D5	6D 301 49 308 301 302C 66 5BF 8D5
3153 107B8 320C 330E FA50 2DE3	3153 107B8 320C 330E 7956 2DE3	3153 107B8 320C 330E 7956 2DE3	1165 1C2 28 1111 29 30AC 30ED 30F3 7956 2DE3	1165 1C2 28 1111 29 30AB 3099 30ED 30F3 7956 2DE3
FE2D	FE2D	FE2D	FE2D	FE2D
6E3 2F96 8FA 1D635	6E3 2F96 8FA 1D635	6E3 2F96 8FA 1D635	6E3 8C46 8FA 74	6E3 8C46 8FA 74
E5 1D601 314F FA98 2F9AD	E5 1D601 314F 6EDB 26F2C	61 30A 1D601 314F 6EDB 26F2C	E5 74 1161 6EDB 26F2C	61 30A 74 1161 6EDB 26F2C
7F2 1D5EA 1D181 FF3D	7F2 1D5EA 1D181 FF3D	7F2 1D5EA 1D181 FF3D	7F2 57 1D181 5D	7F2 57 1D181 5D
2F40 FAB8 FC5A 1D4EA FCB5 FA9A 1DD5	2F40 8996 FC5A 1D4EA FCB5 6F22 1DD5	2F40 8996 FC5A 1D4EA FCB5 6F22 1DD5	652F 8996 64A 64A 61 636 62D 6F22 1DD5	652F 8996 64A 64A 61 636 62D 6F22 1DD5
304 1E28	304 1E28	304 48 327	304 1E28	304 48 327
600 1D511	600 1D511	600 1D511	600 4E	600 4E
8E6 209D 1D5AD 321B 1CD0 D01D B82F	8E6 209D 1D5AD 321B 1CD0 D01D B82F	8E6 209D 1D5AD 321B 1CD0 110F 1170 11AC 1105 1167 11B2	8E6 209D 4E 28 D558 29 1CD0 D01D B82F	8E6 209D 4E 28 1112 1161 29 1CD0 110F 1170 11AC 1105 1167 11B2
9CC 219	9CC 219	9C7 9D7 73 326	9CC 219	9C7 9D7 73 326
2F894 1F144 6DA FF3B 64D 1AC1 1E2F	5F22 1F144 6DA FF3B 64D 1AC1 1E2F	5F22 1F144 6DA FF3B 64D 1AC1 69 308 301	5F22 55 6DA 5B 64D 1AC1 1E2F	5F22 55 6DA 5B 64D 1AC1 69 308 301
1BF3 1D18A 1D767	1BF3 1D18A 1D767	1BF3 1D18A 1D767	1BF3 1D18A 398	1BF3 1D18A 398
1B3E 24CA	1B3E 24CA	1B3E 24CA	1B3E 55	1B3E 55
CBF8 FE3B 346	CBF8 FE3B 346	110D 1174 11AF FE3B 346	CBF8 3010 346	110D 1174 11AF 3010 346
325B	325B	325B	33 31	33 31
154C 1EE30 FE58 1D76F	154C 1EE30 FE58 1D76F	154C 1EE30 FE58 1D76F	154C 641 2014 2207	154C 641 2014 2207
D4CE 1715	D4CE 1715	1111 1171 11A9 1715	D4CE 1715	1111 1171 11A9 1715
1E032 4DC FFA3 1E8D3 10B	1E032 4DC FFA3 1E8D3 10B	1E032 416 308 FFA3 1E8D3 63 307	432 4DC 11AA 1E8D3 10B	432 416 308 11AA 1E8D3 63 307
EB9 10F4F 746 1D59F 2F9B4 CA86 F910	EB9 10F4F 746 1D59F 865C CA86 863F	EB9 10F4F 746 1D59F 865C 110D 1167 11A9 863F	EB9 10F4F 746 7A 865C CA86 863F	EB9 10F4F 746 7A 865C 110D 1167 11A9 863F
1EE64 1F245 AE34	1EE64 1F245 AE34	1EE64 1F245 1100 1175 11AB	647 3014 6253 3015 AE34	647 3014 6253 3015 1100 1175 11AB
2F8CB D36E 22EA 59B	65E3 D36E 22EA 59B	65E3 1111 1164 11B5 22B2 338 59B	65E3 D36E 22EA 59B	65E3 1111 1164 11B5 22B2 338 59B
20EF 1F27	20EF 1F27	20EF 3B7 314 342	20EF 1F27	20EF 3B7 314 342
2F842 1D7D4 1D42A D1AD 1E2D F92B FFE2	5510 1D7D4 1D42A D1AD 1E2D 72FC FFE2	5510 1D7D4 1D42A 1110 1169 11B4 69 330 72FC FFE2	5510 36 71 D1AD 1E2D 72FC AC	5510 36 71 1110 1169 11B4 69 330 72FC AC
1D7AE 1E04D 7FD	1D7AE 1E04D 7FD	1D7AE 1E04D 7FD	3B5 458 7FD	3B5 458 7FD
2CF1 1D42D 1D7DB CFD6 1D5EA 1D7D5	2CF1 1D42D 1D7DB CFD6 1D5EA 1D7D5	2CF1 1D42D 1D7DB 110F 116D 11B9 1D5EA 1D7D5	2CF1 74 33 CFD6 57 37	2CF1 74 33 110F 116D 11B9 57 37
1F107 8DC	1F107 8DC	1F107 8DC	36 2C 8DC	36 2C 8DC
8DC 1CCD8 612 FDC3 2F9C9	8DC 1CCD8 612 FDC3 88FA	8DC 1CCD8 612 FDC3 88FA	8DC 43 612 643 645 645 88FA	8DC 43 612 643 645 645 88FA
FFC6 2145 F9C1 1E948	FFC6 2145 7642 1E948	FFC6 2145 7642 1E948	1165 44 7642 1E948	1165 44 7642 1E948
F9CB 1BE6 1D30 2F9D5	6E9C 1BE6 1D30 8CC1	6E9C 1BE6 1D30 8CC1	6E9C 1BE6 44 8CC1	6E9C 1BE6 44 8CC1
1AC8 3327 81F 6D7 614 1D53B 20E9	1AC8 3327 81F 6D7 614 1D53B 20E9	1AC8 3327 81F 6D7 614 1D53B 20E9	1AC8 30C8 30F3 81F 6D7 614 44 20E9	1AC8 30C8 30F3 81F 6D7 614 44 20E9
2F807 FC82 1D681 20ED A82C 20D0	5002 FC82 1D681 A82C 20ED 20D0	5002 FC82 1D681 A82C 20ED 20D0	5002 643 645 52 A82C 20ED 20D0	5002 643 645 52 A82C 20ED 20D0
FF16 1EE18 FCDD 2FAD FE63 65D	FF16 1EE18 FCDD 2FAD FE63 65D	FF16 1EE18 FCDD 2FAD FE63 65D	36 630 64A 645 9751 2D 65D	36 630 64A 645 9751 2D 65D
2174 11938 3323	2174 11938 3323	2174 11935 11930 3323	76 11938 30BB 30F3 30C8	76 11935 11930 30BB 30F3 30C8
2F9A	2F9A	2F9A	8D64	8D64
1D495 FFA8 4C1 FB7D 2F30	1D495 FFA8 4C1 FB7D 2F30	1D495 FFA8 416 306 FB7D 2F30	74 1104 4C1 686 5DF1	74 1104 416 306 686 5DF1
1E024 1E04E F93A 2F939 10EAC	1E024 1E04E 9DFA 2219F 10EAC	1E024 1E04E 9DFA 2219F 10EAC	1E024 4E9 9DFA 2219F 10EAC	1E024 4E9 9DFA 2219F 10EAC
FA8C	6234	6234	6234	6234
1DC6 1EF2 1E027	1DC6 1EF2 1E027	1DC6 59 300 1E027	1DC6 1EF2 1E027	1DC6 59 300 1E027
32D FE7A 8CC	32D FE7A 8CC	32D FE7A 8CC	32D 20 650 8CC	32D 20 650 8CC
E39 D6C2 1EE0B 24AF	E39 D6C2 1EE0B 24AF	E39 1112 116D 11C1 1EE0B 24AF	E39 D6C2 644 28 74 29	E39 1112 116D 11C1 644 28 74 29
24DB FB32 2DFD 3056	24DB 5D2 5BC 2DFD 3056	24DB 5D2 5BC 2DFD 3055 3099	6C 5D2 5BC 2DFD 3056	6C 5D2 5BC 2DFD 3055 3099
1E8D6 FEAC F9BF 1B44 3CE FAD6 8EC	1E8D6 FEAC 6A02 1B44 3CE 25CD0 8EC	1E8D6 FEAC 6A02 1B44 3C9 301 25CD0 8EC	1E8D6 630 6A02 1B44 3CE 25CD0 8EC	1E8D6 630 6A02 1B44 3C9 301 25CD0 8EC
302C	302C	302C	302C	302C
F39	F39	F39	F39	F39
2F9CA 1D444 1E8 2FAD C971 FE10 1ABD	34BB 1D444 1E8 2FAD C971 FE10 1ABD	34BB 1D444 4B 30C 2FAD 110C 1172 11AC FE10 1ABD	34BB 51 1E8 9751 C971 2C 1ABD	34BB 51 4B 30C 9751 110C 1172 11AC 2C 1ABD
328 1F37 1F149 1E024 2F902	328 1F37 1F149 1E024 6D41	328 3B9 314 342 1F149 1E024 6D41	328 1F37 5A 1E024 6D41	328 3B9 314 342 5A 1E024 6D41
951 1FB8	951 1FB8	951 391 306	951 1FB8	951 391 306
8CE 208B	8CE 208B	8CE 208B	8CE 2212	8CE 2212
1D57 1FBF0 C55 11A47 1079E 1D755	1D57 1FBF0 11A47 C55 1079E 1D755	1D57 1FBF0 11A47 C55 1079E 1D755	74 30 11A47 C55 26E 3C0	74 30 11A47 C55 26E 3C0
1D16F 1CDB 3180 4C2 5BB 1EC7	1D16F 1CDB 3180 4C2 5BB 1EC7	1D16F 1CDB 3180 436 5BB 306 65 323 302	1D16F 1CDB 1147 4C2 5BB 1EC7	1D16F 1CDB 1147 436 5BB 306 65 323 302
4D6	4D6	415 306	4D6	415 306
1D7B0 B49B 35E 1EE01 1D5B4 351	1D7B0 B49B 35E 1EE01 1D5B4 351	1D7B0 1103 1170 11BA 35E 1EE01 1D5B4 351	3B7 B49B 35E 628 55 351	3B7 1103 1170 11BA 35E 628 55 351
2F8CE FF20 1D702 D37E	3B19 FF20 1D702 D37E	3B19 FF20 1D702 1111 1165 11A9	3B19 40 3B7 D37E	3B19 40 3B7 1111 1165 11A9
FC2D 1D7C1 1DB3 1DCA 10F84 3139 747	FC2D 1D7C1 1DB3 1DCA 10F84 3139 747	FC2D 1D7C1 1DB3 1DCA 10F84 3139 747	641 62C 3C8 282 1DCA 10F84 1105 747	641 62C 3C8 282 1DCA 10F84 1105 747
6E4 FCEB 3189 219B 331 219 F9A3	6E4 FCEB 3189 219B 331 219 5FF5	6E4 FCEB 3189 2192 338 331 73 326 5FF5	6E4 643 644 1188 219B 331 219 5FF5	6E4 643 644 1188 2192 338 331 73 326 5FF5
746 FF09 2D7F 226D FA93 FB17	746 FF09 2D7F 226D 671B FB17	746 FF09 2D7F 224D 338 671B FB17	746 29 2D7F 226D 671B 574 56D	746 29 2D7F 224D 338 671B 574 56D
1D7B5 A92B 317 1D1AA 1F61 1D4A9 319	1D7B5 A92B 317 1D1AA 1F61 1D4A9 319	1D7B5 A92B 317 1D1AA 3C9 314 1D4A9 319	3BC A92B 317 1D1AA 1F61 4E 319	3BC A92B 317 1D1AA 3C9 314 4E 319
1B6B 107A0	1B6B 107A0	1B6B 107A0	1B6B 28E	1B6B 28E
D4D	D4D	D4D	D4D	D4D
2F06 BDC4 24A1	2F06 BDC4 24A1	2F06 1107 1170 11B3 24A1	4E8C BDC4 28 66 29	4E8C 1107 1170 11B3 28 66 29
1E99 2024	1E99 2024	79 30A 2024	1E99 2E	79 30A 2E
328A 1E8D0	328A 1E8D0	328A 1E8D0	6708 1E8D0	6708 1E8D0
2F6F	2F6F	2F6F	77F3	77F3
FA89 1D5B2 2DFA 1D781	618E 1D5B2 2DFA 1D781	618E 1D5B2 2DFA 1D781	618E 53 2DFA 3C2	618E 53 2DFA 3C2
897 596 1D7A1 11E FB4E F18	596 897 1D7A1 11E 5E4 5BF F18	596 897 1D7A1 47 306 5E4 5BF F18	596 897 398 11E 5E4 5BF F18	596 897 398 47 306 5E4 5BF F18
FB38 85B FC96 12F0 1F1C FC3B BCC	5D8 5BC 85B FC96 12F0 1F1C FC3B BCC	5D8 5BC 85B FC96 12F0 395 313 301 FC3B BC6 BD7	5D8 5BC 85B 64A 64A 12F0 1F1C 643 644 BCC	5D8 5BC 85B 64A 64A 12F0 395 313 301 643 644 BC6 BD7
1D49 119E0 FA93	1D49 119E0 671B	1D49 119E0 671B	65 119E0 671B	65 119E0 671B
1F228 1B6F 172B FBF2 24CC	1F228 1B6F 172B FBF2 24CC	1F228 1B6F 172B FBF2 24CC	6355 1B6F 172B 626 6C6 57	6355 1B6F 172B 64A 654 6C6 57
1D6F4 E3A 10376 8CE 1F41 1E05A	1D6F4 E3A 10376 8CE 1F41 1E05A	1D6F4 E3A 10376 8CE 3BF 314 1E05A	3A3 E3A 10376 8CE 1F41 43A	3A3 E3A 10376 8CE 3BF 314 43A
FEEC 1D7AE 6DB 1F115 1D79B 600	FEEC 1D7AE 6DB 1F115 1D79B 600	FEEC 1D7AE 6DB 1F115 1D79B 600	647 3B5 6DB 28 46 29 39C 600	647 3B5 6DB 28 46 29 39C 600
390 2416 110BA FA9D 1E63 1F21 368	390 2416 110BA 77A7 1E63 1F21 368	3B9 308 301 2416 110BA 77A7 73 323 3B7 314 368	390 2416 110BA 77A7 1E63 1F21 368	3B9 308 301 2416 110BA 77A7 73 323 3B7 314 368
32CD 2F8B7 33D2 1D41D D261 1FC1	32CD 6350 33D2 1D41D D261 1FC1	32CD 6350 33D2 1D41D 1110 116F 11C0 A8 342	65 72 67 6350 6C 6F 67 64 D261 20 308 342	65 72 67 6350 6C 6F 67 64 1110 116F 11C0 20 308 342
4DE 1FBF6 33D 1D6A2 EB8 101	4DE 1FBF6 33D 1D6A2 EB8 101	417 308 1FBF6 33D 1D6A2 EB8 61 304	4DE 36 33D 79 EB8 101	417 308 36 33D 79 EB8 61 304
F999 1D784 AF94 114BC	84EE 1D784 AF94 114BC	84EE 1D784 1101 116C 11BB 114B9 114B0	84EE 3C5 AF94 114BC	84EE 3C5 1101 116C 11BB 114B9 114B0
1F13A F957 1D5A5 653 F9E0 108D	1F13A 7DBE 1D5A5 653 6613 108D	1F13A 7DBE 1D5A5 653 6613 108D	4B 7DBE 46 653 6613 108D	4B 7DBE 46 653 6613 108D
9FE 1133B	1133B 9FE	1133B 9FE	1133B 9FE	1133B 9FE
1D4B9 1D6F0 FB5F FA06 1D5FA 11173	1D4B9 1D6F0 FB5F 66B4 1D5FA 11173	1D4B9 1D6F0 FB5F 66B4 1D5FA 11173	64 39F 67A 66B4 6D 11173	64 39F 67A 66B4 6D 11173
1F79 741 FA17 8FB 2F34 6EA 1D4C	3CC 741 76CA 8FB 2F34 6EA 1D4C	3BF 301 741 76CA 8FB 2F34 6EA 1D4C	3CC 741 76CA 8FB 5E7F 6EA 25C	3BF 301 741 76CA 8FB 5E7F 6EA 25C
61A 36E 1FC 1D631 30FA	61A 36E 1FC 1D631 30FA	61A 36E C6 301 1D631 30F2 3099	61A 36E 1FC 70 30FA	61A 36E C6 301 70 30F2 3099
1ACD 2F85F 1DF3 1D6A9	1ACD 5962 1DF3 1D6A9	1ACD 5962 1DF3 1D6A9	1ACD 5962 1DF3 392	1ACD 5962 1DF3 392
1EE2C 10EAC 1D503	1EE2C 10EAC 1D503	1EE2C 10EAC 1D503	645 10EAC 7A	645 10EAC 7A
1D523 2F996 B0A4 7F1	1D523 82E6 B0A4 7F1	1D523 82E6 1102 1161 11B3 7F1	66 82E6 B0A4 7F1	66 82E6 1102 1161 11B3 7F1
FAA9 1D596 439	774A 1D596 439	774A 1D596 438 306	774A 71 439	774A 71 438 306
1D49A FA01 1D7C0	1D49A 5EA6 1D7C0	1D49A 5EA6 1D7C0	79 5EA6 3C7	79 5EA6 3C7
1ACB FBA6 1A7A 1ABB	1ACB FBA6 1A7A 1ABB	1ACB FBA6 1A7A 1ABB	1ACB 6C1 1A7A 1ABB	1ACB 6C1 1A7A 1ABB
26F	26F	26F	26F	26F
749	749	749	749	749
1F11A 94D 32BA 360 1D7E5 302F	1F11A 94D 32BA 360 1D7E5 302F	1F11A 94D 32BA 360 1D7E5 302F	28 4B 29 94D 34 35 360 33 302F	28 4B 29 94D 34 35 360 33 302F
3317	3317	3317	30AD 30ED 30EF 30C3 30C8	30AD 30ED 30EF 30C3 30C8
1D731 1D66E	1D731 1D66E	1D731 1D66E	3A6 79	3A6 79
1B3B 1DD9 105 1D6CB	1B3B 1DD9 105 1D6CB	1B3A 1B35 1DD9 61 328 1D6CB	1B3B 1DD9 105 3BA	1B3A 1B35 1DD9 61 328 3BA
1D413 FCF7 677 738 FDBB 314E	1D413 FCF7 677 738 FDBB 314E	1D413 FCF7 677 738 FDBB 314E	54 639 649 6C7 674 738 643 645 645 1112	54 639 649 6C7 674 738 643 645 645 1112
2146 2F9BD 2F2D E2	2146 876B 2F2D E2	2146 876B 2F2D 61 302	64 876B 5C71 E2	64 876B 5C71 61 302
2F9F FC82 2F9AF	2F9F FC82 4561	2F9F FC82 4561	8F9B 643 645 4561	8F9B 643 645 4561
1EB 119E0	1EB 119E0	6F 119E0 328	1EB 119E0	6F 119E0 328
338A F945 FC2A	338A 807E FC2A	338A 807E FC2A	70 46 807E 639 645	70 46 807E 639 645
11AC FA00 32CD FED9	11AC 5207 32CD FED9	11AC 5207 32CD FED9	11AC 5207 65 72 67 643	11AC 5207 65 72 67 643
1DFB 1F94 A6F1 2F883 1FD0 10EFD C56	1DFB 1F94 A6F1 382F 1FD0 C56 10EFD	1DFB 3B7 313 301 A6F1 345 382F 3B9 C56 10EFD 306	1DFB 1F94 A6F1 382F 1FD0 C56 10EFD	1DFB 3B7 313 301 A6F1 345 382F 3B9 C56 10EFD 306
135F FF63	135F FF63	135F FF63	135F 300D	135F 300D
2139 364 339C FED4 1E40	2139 364 339C FED4 1E40	2139 364 339C FED4 4D 307	69 364 6D 6D 641 1E40	69 364 6D 6D 641 4D 307
FC9F C884 D4EB 8EB FA51 1FA8 FD62	FC9F C884 D4EB 8EB 795D 1FA8 FD62	FC9F 110C 1169 11BB 1111 1172 11AA 8EB 795D 3A9 313 345 FD62	628 645 C884 D4EB 8EB 795D 1FA8 633 645 645	628 645 110C 1169 11BB 1111 1172 11AA 8EB 795D 3A9 313 345 633 645 645
65A 10F4D 1D665 1FA0	10F4D 65A 1D665 1FA0	10F4D 65A 1D665 3C9 313 345	10F4D 65A 70 1FA0	10F4D 65A 70 3C9 313 345
308 10A3F 1D58A FDA6 3149	10A3F 308 1D58A FDA6 3149	10A3F 308 1D58A FDA6 3149	10A3F 308 65 62C 62D 649 110D	10A3F 308 65 62C 62D 649 110D
1E94A 749 8E6	1E94A 8E6 749	1E94A 8E6 749	1E94A 8E6 749	1E94A 8E6 749
1E029 2E2 1D63E B46A	1E029 2E2 1D63E B46A	1E029 2E2 1D63E 1103 116E 11C1	1E029 73 43 B46A	1E029 73 43 1103 116E 11C1
FC42 2F9AA A8E8 20D3 F9EC F7D	FC42 8516 20D3 A8E8 6EBA F7D	FC42 8516 20D3 A8E8 6EBA F7D	644 645 8516 20D3 A8E8 6EBA F7D	644 645 8516 20D3 A8E8 6EBA F7D
1D724 B930 20F0 1D437 2F46	1D724 B930 20F0 1D437 2F46	1D724 1105 1170 11B7 20F0 1D437 2F46	399 B930 20F0 44 65E0	399 1105 1170 11B7 20F0 44 65E0
1D406 FECE 6E2 B89A 5AA 336 FB4C	1D406 FECE 6E2 B89A 336 5AA 5D1 5BF	1D406 FECE 6E2 1105 116B 11AD 336 5AA 5D1 5BF	47 63A 6E2 B89A 336 5AA 5D1 5BF	47 63A 6E2 1105 116B 11AD 336 5AA 5D1 5BF
309B BDB7	309B BDB7	309B 1107 116F 11C2	20 3099 BDB7	20 3099 1107 116F 11C2
222C	222C	222C	222B 222B	222B 222B
334A 89D	334A 89D	334A 89D	30DF 30EA 30D0 30FC 30EB 89D	30DF 30EA 30CF 3099 30FC 30EB 89D
EEC 8D4 4F9 FD82 FB64 FD96 1F11B	EEC 8D4 4F9 FD82 FB64 FD96 1F11B	EEC 8D4 44B 308 FD82 FB64 FD96 1F11B	EEC 8D4 4F9 644 62D 649 67F 646 62D 649 28 4C 29	EEC 8D4 44B 308 644 62D 649 67F 646 62D 649 28 4C 29
33D6 1CD6	33D6 1CD6	33D6 1CD6	6D 6F 6C 1CD6	6D 6F 6C 1CD6
F915 1D735 2DE3	6D1B 1D735 2DE3	6D1B 1D735 2DE3	6D1B 2207 2DE3	6D1B 2207 2DE3
32C4 2FA0F 1D78B 1F228 1DD7	32C4 9D67 1D78B 1F228 1DD7	32C4 9D67 1D78B 1F228 1DD7	35 6708 9D67 3B8 6355 1DD7	35 6708 9D67 3B8 6355 1DD7
1CE4	1CE4	1CE4	1CE4	1CE4
FB80 FC9A	FB80 FC9A	FB80 FC9A	687 626 645	687 64A 654 645
107A0 FF1B 208C A5A 307 1E75	107A0 FF1B 208C A17 A3C 307 1E75	107A0 FF1B 208C A17 A3C 307 75 330	28E 3B 3D A17 A3C 307 1E75	28E 3B 3D A17 A3C 307 75 330
1D59C CF3 1D6AD C2	1D59C CF3 1D6AD C2	1D59C CF3 1D6AD 41 302	77 CF3 396 C2	77 CF3 396 41 302
FC13	FC13	FC13	62B 649	62B 649
1F212 1D543 1CCEF 59A 2F8FB A8C4 1AC7	1F212 1D543 1CCEF 59A 23CBC A8C4 1AC7	1F212 1D543 1CCEF 59A 23CBC A8C4 1AC7	53CC 4C 5A 59A 23CBC A8C4 1AC7	53CC 4C 5A 59A 23CBC A8C4 1AC7
1EEB5 2F8F9	1EEB5 23AFA	1EEB5 23AFA	62A 23AFA	62A 23AFA
1D47F FA9B D276 1EF1 DA 2FA0B 1183A	1D47F 701E D276 1EF1 DA 9C40 1183A	1D47F 701E 1110 1170 11B9 75 31B 323 55 301 9C40 1183A	58 701E D276 1EF1 DA 9C40 1183A	58 701E 1110 1170 11B9 75 31B 323 55 301 9C40 1183A
1ED1 1D42 313 64D 1F218	1ED1 1D42 64D 313 1F218	6F 302 301 1D42 64D 313 1F218	1ED1 57 64D 313 4EA4	6F 302 301 57 64D 313 4EA4
FF76 2F92E 2F85E F99D 2D8 1F120	FF76 7447 5922 52A3 2D8 1F120	FF76 7447 5922 52A3 2D8 1F120	30AB 7447 5922 52A3 20 306 28 51 29	30AB 7447 5922 52A3 20 306 28 51 29
59E FBDB 8F2 A6F1 D4	59E FBDB 8F2 A6F1 D4	59E FBDB 8F2 A6F1 4F 302	59E 6C8 8F2 A6F1 D4	59E 6C8 8F2 A6F1 4F 302
BB98	BB98	1106 1171 11B7	BB98	1106 1171 11B7
1D4C0 2DF5 2151	1D4C0 2DF5 2151	1D4C0 2DF5 2151	6B 2DF5 31 2044 39	6B 2DF5 31 2044 39
319 1D5BD 1F13F 1D16D CA60 367	319 1D5BD 1F13F 1D16D CA60 367	319 1D5BD 1F13F 1D16D 110D 1165 11BB 367	319 64 50 1D16D CA60 367	319 64 50 1D16D 110D 1165 11BB 367
FD72	FD72	FD72	637 645 62D	637 645 62D
1DAD 2262 A59 612 1D738 FE4D	1DAD 2262 A16 A3C 612 1D738 FE4D	1DAD 2261 338 A16 A3C 612 1D738 FE4D	270 2262 A16 A3C 612 3B3 5F	270 2261 338 A16 A3C 612 3B3 5F
823	823	823	823	823
FE9C 3369	FE9C 3369	FE9C 3369	62B 31 37 70B9	62B 31 37 70B9
1D6E0 1E93	1D6E0 1E93	1D6E0 7A 323	3C1 1E93	3C1 7A 323
2F9B FE57 32E8 FC62 73E 145	2F9B FE57 32E8 FC62 73E 145	2F9B FE57 32E8 FC62 73E 4E 327	8D70 21 30CE 20 650 651 73E 145	8D70 21 30CE 20 650 651 73E 4E 327
1D172 1D7A3 F96D 9FE 1D70D 827 2087	1D172 1D7A3 7701 9FE 1D70D 827 2087	1D172 1D7A3 7701 9FE 1D70D 827 2087	1D172 3A4 7701 9FE 3C2 827 37	1D172 3A4 7701 9FE 3C2 827 37
5C7 1133C 1D50D 2DF3 F83 1E01B 2F8FA	1133C 5C7 1D50D 2DF3 F83 1E01B 6C4E	1133C 5C7 1D50D 2DF3 F83 1E01B 6C4E	1133C 5C7 4A 2DF3 F83 1E01B 6C4E	1133C 5C7 4A 2DF3 F83 1E01B 6C4E
1D70E 339 A67C 1D65D FDF1	1D70E 339 A67C 1D65D FDF1	1D70E 339 A67C 1D65D FDF1	3C3 339 A67C 68 642 644 6D2	3C3 339 A67C 68 642 644 6D2
22AE 2184 8EA FC33 219A 1CD0	22AE 2184 8EA FC33 219A 1CD0	22A9 338 2184 8EA FC33 2190 338 1CD0	22AE 2184 8EA 642 62D 219A 1CD0	22A9 338 2184 8EA 642 62D 2190 338 1CD0
D6F	D6F	D6F	D6F	D6F
FDAE 1FD6	FDAE 1FD6	FDAE 3B9 342	64A 62D 64A 1FD6	64A 62D 64A 3B9 342
30D9 305 FC31 1D400 2115 2F93F	30D9 305 FC31 1D400 2115 4008	30D8 3099 305 FC31 1D400 2115 4008	30D9 305 641 649 41 4E 4008	30D8 3099 305 641 649 41 4E 4008
3099	3099	3099	3099	3099
485 31C 1F126	31C 485 1F126	31C 485 1F126	31C 485 28 57 29	31C 485 28 57 29
1D538 1E6F 2088 33F3 33A5 2F33	1D538 1E6F 2088 33F3 33A5 2F33	1D538 74 331 2088 33F3 33A5 2F33	41 1E6F 38 32 30 65E5 6D 33 5E7A	41 74 331 38 32 30 65E5 6D 33 5E7A
FE24 2F8FA F9 FA2A	FE24 6C4E F9 98EF	FE24 6C4E 75 300 98EF	FE24 6C4E F9 98EF	FE24 6C4E 75 300 98EF
FA54 322D FE50	7A40 322D FE50	7A40 322D FE50	7A40 28 6728 29 2C	7A40 28 6728 29 2C
B414	B414	1103 116B 11BF	B414	1103 116B 11BF
F39 AB69 328B 1FBF FF25 FAC8 1FA5	F39 AB69 328B 1FBF FF25 9756 1FA5	F39 AB69 328B 1FBF FF25 9756 3C9 314 301 345	F39 28D 706B 20 313 45 9756 1FA5	F39 28D 706B 20 313 45 9756 3C9 314 301 345
1D59F 65C 3392 AFEB 107A8 5B4	1D59F 65C 3392 AFEB 107A8 5B4	1D59F 65C 3392 1101 116F 11BE 107A8 5B4	7A 65C 4D 48 7A AFEB 27D 5B4	7A 65C 4D 48 7A 1101 116F 11BE 27D 5B4
3307 1D5B0 1E55	3307 1D5B0 1E55	3307 1D5B0 70 301	30A8 30B9 30AF 30FC 30C9 51 1E55	30A8 30B9 30AF 30FC 30C8 3099 51 70 301
FD61 593 FCEC 1F0A 33C1 1EA5	FD61 593 FCEC 1F0A 33C1 1EA5	FD61 593 FCEC 391 313 300 33C1 61 302 301	633 645 62C 593 643 645 1F0A 4D 3A9 1EA5	633 645 62C 593 643 645 391 313 300 4D 3A9 61 302 301
F91E F914 81F 64F	721B 6A02 64F 81F	721B 6A02 64F 81F	721B 6A02 64F 81F	721B 6A02 64F 81F
F922 2FAC 32F2 1DCC 2F69 1F3E	6FEB 2FAC 32F2 1DCC 2F69 1F3E	6FEB 2FAC 32F2 1DCC 2F69 399 313 342	6FEB 96E8 30E2 1DCC 767D 1F3E	6FEB 96E8 30E2 1DCC 767D 399 313 342
2153 20D2 1E944	2153 20D2 1E944	2153 20D2 1E944	31 2044 33 20D2 1E944	31 2044 33 20D2 1E944
82F	82F	82F	82F	82F
F94B FAC 16B30 2F8DE 1D5BB 1D518 FBA0	5C62 FAB FB7 16B30 3B49 1D5BB 1D518 FBA0	5C62 FAB FB7 16B30 3B49 1D5BB 1D518 FBA0	5C62 FAB FB7 16B30 3B49 62 55 6BB	5C62 FAB FB7 16B30 3B49 62 55 6BB
611 FEF8 1D6E9 362 1D71B 1E8D0 16C	611 FEF8 1D6E9 362 1D71B 1E8D0 16C	611 FEF8 1D6E9 362 1D71B 1E8D0 55 306	611 644 623 398 362 3C0 1E8D0 16C	611 644 627 654 398 362 3C0 1E8D0 55 306
1D39 1037 1D1AB 24E7 2460 1D4C2 32E0	1D39 1037 1D1AB 24E7 2460 1D4C2 32E0	1D39 1037 1D1AB 24E7 2460 1D4C2 32E0	4D 1037 1D1AB 78 31 6D 30C1	4D 1037 1D1AB 78 31 6D 30C1
1152 FA37 1E048 731 FC16 1DE7 36B	1152 5606 1E048 731 FC16 1DE7 36B	1152 5606 1E048 731 FC16 1DE7 36B	1152 5606 44D 731 62C 645 1DE7 36B	1152 5606 44D 731 62C 645 1DE7 36B
F941 1E8F 1D626 C8E2	8AD6 1E8F 1D626 C8E2	8AD6 79 307 1D626 110C 116D 11A9	8AD6 1E8F 65 C8E2	8AD6 79 307 65 110C 116D 11A9
24C6 1DF3 FEC0 2F8BC F9BB	24C6 1DF3 FEC0 6383 50DA	24C6 1DF3 FEC0 6383 50DA	51 1DF3 636 6383 50DA	51 1DF3 636 6383 50DA
FA8C 1037 2F82C	6234 1037 5349	6234 1037 5349	6234 1037 5349	6234 1037 5349
1D73B 107B4 11133 16B36	1D73B 107B4 11133 16B36	1D73B 107B4 11133 16B36	3B6 2A2 11133 16B36	3B6 2A2 11133 16B36
FDC6 1D4C5	FDC6 1D4C5	FDC6 1D4C5	633 62E 64A 70	633 62E 64A 70
1D170 D1BF 2F9C2 1E008 1E005	1D170 D1BF 45F9 1E008 1E005	1D170 1110 116A 11AA 45F9 1E008 1E005	1D170 D1BF 45F9 1E008 1E005	1D170 1110 116A 11AA 45F9 1E008 1E005
B57 1ABA 3396	B57 1ABA 3396	B57 1ABA 3396	B57 1ABA 6D 6C	B57 1ABA 6D 6C
8E9 7F0 FF97	8E9 7F0 FF97	8E9 7F0 FF97	8E9 7F0 30E9	8E9 7F0 30E9
320 34A	320 34A	320 34A	320 34A	320 34A
1AB5 A8E8	1AB5 A8E8	1AB5 A8E8	1AB5 A8E8	1AB5 A8E8
349 24CF F942 FC5E 64B	349 24CF 58DF FC5E 64B	349 24CF 58DF FC5E 64B	349 5A 58DF 20 64B 64C 651	349 5A 58DF 20 64B 64C 651
1D7CE 1F140	1D7CE 1F140	1D7CE 1F140	30 51	30 51
2F870 1D4F6	5BF3 1D4F6	5BF3 1D4F6	5BF3 6D	5BF3 6D
2F88D	5EB6	5EB6	5EB6	5EB6
1D5B4	1D5B4	1D5B4	55	55
11369 1CCE4 33A5 1F05 1E003 11A34 2F9A2	11369 1CCE4 33A5 1F05 11A34 1E003 83CC	11369 1CCE4 33A5 3B1 11A34 314 301 1E003 83CC	11369 4F 6D 33 1F05 11A34 1E003 83CC	11369 4F 6D 33 3B1 11A34 314 301 1E003 83CC
35F	35F	35F	35F	35F
4A7 613 F9EB 338A 1E055	4A7 613 533F 338A 1E055	4A7 613 533F 338A 1E055	4A7 613 533F 70 46 434	4A7 613 533F 70 46 434
1D16D 1CCF2 8E1 13A 2F8C6 ECE 320F	1D16D 1CCF2 8E1 13A 6477 ECE 320F	1D16D 1CCF2 8E1 6C 301 6477 ECE 320F	1D16D 32 8E1 13A 6477 ECE 28 B098 29	1D16D 32 8E1 6C 301 6477 ECE 28 1102 1161 29
1ECF 3350	1ECF 3350	6F 309 3350	1ECF 30E6 30A2 30F3	6F 309 30E6 30A2 30F3
743 1F49 8F3	743 1F49 8F3	743 39F 314 8F3	743 1F49 8F3	743 39F 314 8F3
1EDC 8EB 1E3	1EDC 8EB 1E3	4F 31B 300 8EB E6 304	1EDC 8EB 1E3	4F 31B 300 8EB E6 304
24DE FD31 3383 316 2090 FA1E 8EA	24DE FD31 3383 316 2090 7FBD 8EA	24DE FD31 3383 316 2090 7FBD 8EA	6F 633 647 6D 41 316 61 7FBD 8EA	6F 633 647 6D 41 316 61 7FBD 8EA
1D70C	1D70C	1D70C	3C1	3C1
1D643 F929 FD24 2F87E FC51	1D643 6717 FD24 5D6E FC51	1D643 6717 FD24 5D6E FC51	48 6717 636 64A 5D6E 647 62C	48 6717 636 64A 5D6E 647 62C
CD38 1ACA B4C4 110AB 2DE6 FC7A	CD38 1ACA B4C4 110AB 2DE6 FC7A	110E 116A 11BB 1ACA 1103 1172 11AB 110A5 110BA 2DE6 FC7A	CD38 1ACA B4C4 110AB 2DE6 62B 649	110E 116A 11BB 1ACA 1103 1172 11AB 110A5 110BA 2DE6 62B 649
1CE6 FD50 FE24 1DB0 FE11 1FCC	1CE6 FD50 FE24 1DB0 FE11 1FCC	1CE6 FD50 FE24 1DB0 FE11 397 345	1CE6 62A 62C 645 FE24 274 3001 1FCC	1CE6 62A 62C 645 FE24 274 3001 397 345
E30 3294 FD99	E30 3294 FD99	E30 3294 FD99	E30 540D 646 62C 649	E30 540D 646 62C 649
4D0 3300 711 FC06	4D0 3300 711 FC06	410 306 3300 711 FC06	4D0 30A2 30D1 30FC 30C8 711 628 62D	410 306 30A2 30CF 309A 30FC 30C8 711 628 62D
FCF0 8EE 12F FF41 1CDC FE92	FCF0 8EE 12F FF41 1CDC FE92	FCF0 8EE 69 328 FF41 1CDC FE92	64A 645 8EE 12F 61 1CDC 628	64A 645 8EE 69 328 61 1CDC 628
FB48	5E8 5BC	5E8 5BC	5E8 5BC	5E8 5BC
2A08 330F 1D4C5 20E9	2A08 330F 1D4C5 20E9	2A08 330F 1D4C5 20E9	2A08 30AC 30F3 30DE 70 20E9	2A08 30AB 3099 30F3 30DE 70 20E9
22B 1FD1	22B 1FD1	6F 308 304 3B9 304	22B 1FD1	6F 308 304 3B9 304
816 FC68 FB2B AC5 3373	816 FC68 5E9 5C2 AC5 3373	816 FC68 5E9 5C2 AC5 3373	816 626 649 5E9 5C2 AC5 41 55	816 64A 654 649 5E9 5C2 AC5 41 55
1D79D 10EFE 8E1 3192 FE24 20D6	1D79D 10EFE 8E1 3192 FE24 20D6	1D79D 10EFE 8E1 3192 FE24 20D6	39E 10EFE 8E1 4E00 FE24 20D6	39E 10EFE 8E1 4E00 FE24 20D6
10F46 F968 2F8F7 FB73 1D6B8	10F46 6CCC 23A8D FB73 1D6B8	10F46 6CCC 23A8D FB73 1D6B8	10F46 6CCC 23A8D 684 3A1	10F46 6CCC 23A8D 684 3A1
732 3F4 2FA1C 1F3C 1D637 211D 1FF2	732 3F4 9F3B 1F3C 1D637 211D 1FF2	732 3F4 9F3B 399 313 301 1D637 211D 3C9 300 345	732 398 9F3B 1F3C 76 52 1FF2	732 398 9F3B 399 313 301 76 52 3C9 300 345
FBD8 FAB0 1DEC 2DFD FCE8	FBD8 7DF4 1DEC 2DFD FCE8	FBD8 7DF4 1DEC 2DFD FCE8	6C7 7DF4 1DEC 2DFD 633 647	6C7 7DF4 1DEC 2DFD 633 647
6D8 1D596 1E8D0 11B4 1DFA	6D8 1D596 1E8D0 11B4 1DFA	6D8 1D596 1E8D0 11B4 1DFA	6D8 71 1E8D0 11B4 1DFA	6D8 71 1E8D0 11B4 1DFA
FC9A	FC9A	FC9A	626 645	64A 654 645
1CDA FB70 32B5 2F9E1 E3A	1CDA FB70 32B5 285ED E3A	1CDA FB70 32B5 285ED E3A	1CDA 6A6 34 30 285ED E3A	1CDA 6A6 34 30 285ED E3A
5AD 1F11	5AD 1F11	5AD 3B5 314	5AD 1F11	5AD 3B5 314
1EDA 24AC 2F989 FBF8 1D465	1EDA 24AC 23393 FBF8 1D465	4F 31B 301 24AC 23393 FBF8 1D465	1EDA 28 71 29 23393 626 6D0 78	4F 31B 301 28 71 29 23393 64A 654 6D0 78
1D78 FE4E 1DBA 103 5A7	1D78 FE4E 1DBA 103 5A7	1D78 FE4E 1DBA 61 5A7 306	43D 5F 28C 103 5A7	43D 5F 28C 61 5A7 306
FBED 333C 107B0 1D78E	FBED 333C 107B0 1D78E	FBED 333C 107B0 1D78E	626 6D5 30D9 30FC 30BF 2C71 3C1	64A 654 6D5 30D8 3099 30FC 30BF 2C71 3C1
1D187 F43 104 1D6A5	1D187 F42 FB7 104 1D6A5	1D187 F42 FB7 41 328 1D6A5	1D187 F42 FB7 104 237	1D187 F42 FB7 41 328 237
1D17D 107B0 1D48F 1E002	1D17D 107B0 1D48F 1E002	1D17D 107B0 1D48F 1E002	1D17D 2C71 6E 1E002	1D17D 2C71 6E 1E002
1D59B FCA4 2F8DB F968 31B 32AA FF06	1D59B FCA4 675E 6CCC 31B 32AA FF06	1D59B FCA4 675E 6CCC 31B 32AA FF06	76 62A 645 675E 6CCC 31B 5B97 26	76 62A 645 675E 6CCC 31B 5B97 26
113C5 FFC4 1D79B	113C5 FFC4 1D79B	113C2 113C2 FFC4 1D79B	113C5 1163 39C	113C2 113C2 1163 39C
1F0B 1F0A 339 FA6C 210D	1F0B 1F0A 339 242EE 210D	391 314 300 391 339 313 300 242EE 210D	1F0B 1F0A 339 242EE 48	391 314 300 391 339 313 300 242EE 48
1E042 FA47 212B 1D794 33E6 5B7 1E0C	1E042 6F22 C5 1D794 33E6 5B7 1E0C	1E042 6F22 41 30A 1D794 33E6 5B7 44 323	444 6F22 C5 395 37 65E5 5B7 1E0C	444 6F22 41 30A 395 37 65E5 5B7 44 323
F95C 2F904 5C1 350 1D6CE 1134D 2DFE	6A02 6D78 5C1 350 1D6CE 1134D 2DFE	6A02 6D78 5C1 350 1D6CE 1134D 2DFE	6A02 6D78 5C1 350 3BD 1134D 2DFE	6A02 6D78 5C1 350 3BD 1134D 2DFE
2DED F94E 3224 654 1DD4 24A6	2DED 6F0F 3224 654 1DD4 24A6	2DED 6F0F 3224 654 1DD4 24A6	2DED 6F0F 28 4E94 29 654 1DD4 28 6B 29	2DED 6F0F 28 4E94 29 654 1DD4 28 6B 29
1DF8 1D470 82B 711 1D778	1DF8 1D470 711 82B 1D778	1DF8 1D470 711 82B 1D778	1DF8 49 711 82B 3B9	1DF8 49 711 82B 3B9
1037 1D39 C55 1D7B6	1037 1D39 C55 1D7B6	1037 1D39 C55 1D7B6	1037 4D C55 3BD	1037 4D C55 3BD
217D 338B	217D 338B	217D 338B	63 6E 46	63 6E 46
7EC	7EC	7EC	7EC	7EC
FCD7 1DFC	FCD7 1DFC	FCD7 1DFC	647 62C 1DFC	647 62C 1DFC
2DEE 24E8 33D6 AABF F35 2F95E	2DEE 24E8 33D6 F35 AABF 25AA7	2DEE 24E8 33D6 F35 AABF 25AA7	2DEE 79 6D 6F 6C F35 AABF 25AA7	2DEE 79 6D 6F 6C F35 AABF 25AA7
1F245 1F99 32BE 1D438 C4E2 1EEA5 12EA	1F245 1F99 32BE 1D438 C4E2 1EEA5 12EA	1F245 397 314 345 32BE 1D438 110A 1172 11B5 1EEA5 12EA	3014 6253 3015 1F99 34 39 45 C4E2 648 12EA	3014 6253 3015 397 314 345 34 39 45 110A 1172 11B5 648 12EA
2F8B2 651 AC4A FC40 337E F7B	6210 651 AC4A FC40 337E F7B	6210 651 1100 1163 11B9 FC40 337E F7B	6210 651 AC4A 644 62D 660E 6CBB F7B	6210 651 1100 1163 11B9 644 62D 660E 6CBB F7B
3354 436 8E7 32C6	3354 436 8E7 32C6	3354 436 8E7 32C6	30EB 30FC 30D6 30EB 436 8E7 37 6708	30EB 30FC 30D5 3099 30EB 436 8E7 37 6708
FA5E FFCB 11101	8279 FFCB 11101	8279 FFCB 11101	8279 1168 11101	8279 1168 11101
1F95 1E2EC	1F95 1E2EC	3B7 314 301 1E2EC 345	1F95 1E2EC	3B7 314 301 1E2EC 345
1EE21 6E2 203E A28 2097 E3 1E8E	1EE21 6E2 203E A28 2097 E3 1E8E	1EE21 6E2 203E A28 2097 61 303 59 307	628 6E2 20 305 A28 6C E3 1E8E	628 6E2 20 305 A28 6C 61 303 59 307
E39 16B32	E39 16B32	E39 16B32	E39 16B32	E39 16B32
FF21 FDFC 1E055 3305 1F8C	FF21 FDFC 1E055 3305 1F8C	FF21 FDFC 1E055 3305 391 313 301 345	41 631 6CC 627 644 434 30A4 30F3 30C1 1F8C	41 631 6CC 627 644 434 30A4 30F3 30C1 391 313 301 345
