source_path	sha256
bin/metaflip.w	ec7167ae9c1bd7da469362e26ee94a9f7c944b68b7903e9f824f6e9c15c3ea6d
lib/metaflip.w	e3968e4af48cde8cfc2198ba54c963a6c00fb6fc268c7451d42ff8f29acd790d
lib/metaflip/cli.w	fc072588df9a60c3803e2b86b5bf6d41cb3b77c9fb63182741a6140d2436b235
lib/metaflip/compose.w	acecbc11701c27846bac7adbe14b6632ce76670832e5a040d526af42addfac16
lib/metaflip/composition/counters.w	e5d3198ac40295cfcf16075d5e198cb3e7650d1c8bcd7607452bbcfe1e65db9f
lib/metaflip/composition/deferred.w	0018c30bacc04332f08476afb2510649a13da8e04a162efe73d0ac67bada7026
lib/metaflip/composition/feedback.w	e1de006ade7f6a03dc4be56bd7c0a339a90816fb71a2eda4e3590481b4fa2359
lib/metaflip/composition/group_bank.w	5b5c493f9a98967ca46dd5761920b4a48a91f55e7403f895e8375ec43e72b2b4
lib/metaflip/composition/groups.w	cdf0833b9dd1edbc6f6f3271d13b755db81879cc8d9b75a05471fe018a47d054
lib/metaflip/composition/leaf_walk.w	f0cf1843350d12cb7e5f498564705daff4b059af23f24dbebcc0b3d80081b742
lib/metaflip/composition/matrix_cleanup.w	064882de76026a6c0bdf1affccbf46e7ab45cd46c862e80989f72e6d69d972e1
lib/metaflip/composition/mixed_bank.w	dc87edaeb76adc3cf8a1d855df7ca29dceca8c5e87bc39ee338bd036d32536e7
lib/metaflip/composition/mixed_contexts.w	8820e643c0381fd0debd9cf3a21dfcfc35e363af5a9b28d05996d239952ce409
lib/metaflip/composition/mixed_grids.w	72113bd5592c2a598bdbe42324074c4f5ce4b5cf33ccb314ba48de9b6a83ccd2
lib/metaflip/composition/mixed_groups.w	af7bba86fe82adfe8b1454506981abe453f95bfa61215f27eb6cdc70a47c3f6c
lib/metaflip/composition/mixed_pairs.w	80f310d5324d3cb089912860b06a5dff9ef0d5fb136f3e6fe79f161dfbceb916
lib/metaflip/composition/packed.w	e502e12ee26de0d6005fd2b3e3f9af53708d33f9908b9ddb93eed5acd65a3085
lib/metaflip/composition/pages.w	379c756e726168962995657d35ac3a6e230f57bc586518e6bfbf46d09ffd064b
lib/metaflip/composition/pairs.w	3c404ccf232d27930d53b0c8bf3c1c79a5a183e2c90be74f17455bd8505e2de5
lib/metaflip/composition/projection.w	eb995fa7acc3ff14fabcde250f532565d824e1a500f1dd73c25f22885e2a34a2
lib/metaflip/composition/refinement.w	8d0c969d06e8c3628f480dee98d04e513d39528c68fdcd72501585b8cfd69ee0
lib/metaflip/composition/schedule.w	58cfea53e01894e8c7a0c002d22e3ad0e4d16fe0a7fa5d06bedd8f6ea9b0402c
lib/metaflip/composition/transform_queue.w	02bcf24e2c653f6cb3ce58cf5f9a2592e9b0009a23511448f895db25fc0a48ce
lib/metaflip/composition/utility.w	2900b161297c8b9a8facf73c2ec689e138a124323d2d03cf07caacc6e4a9f1ad
lib/metaflip/composition/worker.w	1b2aee754e833b3914eb16057d53bed864fd4d852645ff9399ea41c08be0e443
lib/metaflip/cycle.w	11c60b65ff07ff206a5f2d8e5ff7bdc5b57643163c183c2a413972b7e13f0429
lib/metaflip/fleet.w	d00195b72f40c8f9b4c120f9fe09751f09998e6288af0dbf291b75892e5f057e
lib/metaflip/fleet/archive.w	81b6d0d66d2a1106bfdca0a3a43531485db32466939f969b7577e73694bcff68
lib/metaflip/fleet/banks.w	49ba79c03adbf89fd82ffa16779c72186bd9c4fcd0363c44947df85685d85ec1
lib/metaflip/fleet/basins.w	60e3fc38ed55deb8fea14758fe955461ea884bab02a0907842368d168f4afa5d
lib/metaflip/fleet/coreml.w	cbde2836041020f13bf09cb2154515e137b57cdacd50a934911e05d1a793d088
lib/metaflip/fleet/coreml_features.w	46be5a19288d63a56321b902452d7e3727b44c439e6ef8d9376ac7d47d820835
lib/metaflip/fleet/cpu_experiments.w	1ded8f153b10b233445450f2824ce094a332bebc9632775579b8a1ad5b78397f
lib/metaflip/fleet/cpu_pool.w	47d314c525e31f7722f302c5805b170e51e8abd1ae101af09337354a0d29ec22
lib/metaflip/fleet/frontier.w	3f943d5ff909d248db53699eddab820dfbf85d5faddda0e09557b20be7ef10a0
lib/metaflip/fleet/intake.w	d455b401403e0d072c5acb77e354f69843e1454f83140072da07f7ede2e591b6
lib/metaflip/fleet/lineage.w	aab5289b08324255044079646dbb7a33ebb250d55d4530f7f3f52db2b700d9ea
lib/metaflip/fleet/map_elites.w	7af86ca41c4aa3ad8f4761826a08c280be0311cd26eb6f20db5d4913c5117578
lib/metaflip/fleet/matrix_cleanup.w	2b94d135fef8171c18e128d9be99870d27b2f71d784c898a99ecb151b089feec
lib/metaflip/fleet/optimal_parent.w	f49a37e765d5e1e45efa94386ade0ff037004220f6a56fcef6bf0d225430f83b
lib/metaflip/fleet/pair_cleanup.w	dde9db31c0a749068366945251577989afa99bd7406aa2fcc5059ae4a4aca8cb
lib/metaflip/fleet/projection.w	54a9afaebb182cb65acd38c294675a106f8ad6ed2d6f6cfc178b96419202d9f0
lib/metaflip/fleet/provenance.w	14ff73716266497cfe0b090470817ebcdade2c22565e59ca39e2d3564afced81
lib/metaflip/fleet/rank_debt.w	ae2a3d05505abbc80058759410075cd3a8dfd5d7bf66b3462fd4f330116e9579
lib/metaflip/fleet/refinement.w	ee0f9374dc3199299a4d09db1d889ad26340db77a3e2d9daed1d947cf7eba603
lib/metaflip/fleet/refinement_artifacts.w	07dde3afe1615627ef9fe365522f27953a0efa0eff310f26db40d5b341d9bcb4
lib/metaflip/fleet/refinement_budget.w	bbf0b383e8fa1df6082932fb59c3d98024db5139ef4a2bc4dca4f308a84a737d
lib/metaflip/fleet/refinement_worker.w	1d393731421de8c14cce63be3035acfd41bca46f97a19c33ad6ec515093b62e5
lib/metaflip/fleet/seven_by_seven.w	2f4e43f5354a073654e914d0621c5d3c62d53dff8bc43438dca292dac9632a8d
lib/metaflip/kernels/build_cache.w	1dbb58873f45b119ecbd048f6d03ee07e765da3c8db89db0797df8cf1b7dec51
lib/metaflip/kernels/bundles/c3.w	9eff79648902b9bccc75b84e9bdcf1afdebccb0b49c64e3ba69b7dc373d6af39
lib/metaflip/kernels/bundles/differential.w	089f79ac25a1eb03f9e252e9df6ef07e5adb620b3b7e8d6f3ef957539987e748
lib/metaflip/kernels/bundles/frozen_fringe_sat.w	2ca2eb46bcd4dd25ab2b77f338c5738591c2c27bc462da153b6ec22527e65497
lib/metaflip/kernels/bundles/generic.w	36d8bc37aac75a29c4c6970a096607ffe04cf74435107c79865220a5ba193f39
lib/metaflip/kernels/bundles/global_kernel_shear.w	e880f23655ecc68720b22ce28408f782a89197a21502b6087c28b264b273de5f
lib/metaflip/kernels/bundles/pooled_exact.w	a58baee1ddbbb0d1c4b144da59049cf5b827c7c57735dbe0ca6eb4d1df12e19c
lib/metaflip/kernels/bundles/rect.w	ee54b5dcfb413ac4290f6708c26b069a6e8990bbd1d6bda0d068cd667fc830ba
lib/metaflip/kernels/bundles/simd.w	c7e257cad64475bc21a980481cd3693a06b888cd1d575eb8d064323a0e81a89f
lib/metaflip/kernels/bundles/workers.w	cfc1e62f9d141d633077be15d5334fe55eac85367280853ad1342744d91cb5ce
lib/metaflip/kernels/c3/c3_333.w	a5764443cd915e592b9f42e4d0e0eafb46f423f62e6b87aa01ae8517730f184d
lib/metaflip/kernels/c3/c3_444.w	293951057a77305b7a5b12a026f94b8f061e8eaf805d3e0aab0bd017db08e551
lib/metaflip/kernels/c3/c3_555.w	02e0e7d63e3d55be1ddb2e78dd2668a761567e8d68d54dedc0364cdc09e6a0a3
lib/metaflip/kernels/c3/c3_666.w	5b40b130cce0cea296b1a6bfa2c350921f9999ce2988fc93f60effa7ae0eca2f
lib/metaflip/kernels/c3/c3_777.w	fcdc345d482ab21bd5495593039254b9e1e7a34b1a2f076d16e5b822ad1469f8
lib/metaflip/kernels/constraint.w	abc017e2519e593e81a824149a6091d6c831bbae0d8b9b94bd95f3c9bf8037bd
lib/metaflip/kernels/differential.w	a0d1618592a742af3270790d0c520150f9995e4aa93bcac4a3c99bad81a9f852
lib/metaflip/kernels/frozen_fringe_sat.w	b856199699bfc7d922a12f7d05f5da3bb639ed15ca1952e72c64c8806af773df
lib/metaflip/kernels/generic/cal2zone_333.w	207cee704cf7a6f6f2496367725f2f35e02844875ffa238709da926c7d44e078
lib/metaflip/kernels/generic/cal2zone_444.w	dbe601081d225e79fb8ead0c8c0ce8993cf8b3e74cf5f44c5702bc2010203ea4
lib/metaflip/kernels/generic/cal2zone_555.w	b6a95887b26b923cfb7d67fcb555c73d8d6ac4ead2f937673bead38fc46c86a0
lib/metaflip/kernels/generic/cal2zone_666.w	8c3ecfc40dd3d0f59e2350bc204e43805180d8276a0061aed16b4c3cde6af28c
lib/metaflip/kernels/generic/cal2zone_777.w	7cb41e88dcd7dacfc1b87bb2bcd67096f0e3933a7d5c6a8a89b3d5f98cf006cd
lib/metaflip/kernels/global_kernel_shear.w	0e83653af7512d96de836d68a5bbb312cfa12ece43f0c3f21235c52f51dda0ac
lib/metaflip/kernels/kxor.w	187b882012356066973776ff3b63c3ec3a37bb07a8905d2b3db4d48987f8ddb6
lib/metaflip/kernels/low_rank_shear.w	a6a2cfa60c8a64f5b72050a42af87fc872842986594c47bf5b9d75f349f0c0e0
lib/metaflip/kernels/metallib_cache.w	f7f9039fb6668937d5bda1bf4ee8d16ac38d882740624b943ca63d4d5d1316af
lib/metaflip/kernels/mitm.w	ff87e55b8e2cc27d27b478f338c485718709ef2eadb801464b0aaa279343f8bb
lib/metaflip/kernels/persistent.w	11661de899fb84eeff90d7c6394706edd07fecbc6a9ba40069dea61149a611a8
lib/metaflip/kernels/policy.w	fdc740271dfffe3a11fa5733872786cad7730324b6a032997e962e60c3bef250
lib/metaflip/kernels/pool.w	134fa3f735853610ff22779f0ff1b7a7a728abca418939f1a8046b5651292a26
lib/metaflip/kernels/pooled_exact.w	d44c1000575d08270f27bcc5fd87d389855f3f678d15897c3ea3982efe3e5c4a
lib/metaflip/kernels/rect_kxor.w	b9bd130062646931c30ec82408fdee5585ba2a35bd07b4f606beb006485e1d61
lib/metaflip/kernels/rect_mitm.w	d3b265fb9fb6e9940481339d2d972db2703245aa01e276a1ed64743f6c153cbd
lib/metaflip/kernels/rect_reject.w	2fc98a44ca8f81bea2d3d1df35a7bc19b82c5999d995c77990d6f1e057e4549d
lib/metaflip/kernels/rectangular/cal2zone_225.w	1e0cc6647730bdfa9a2fcd7403b963b871402123b1f2cac6caee325b6d29f442
lib/metaflip/kernels/rectangular/cal2zone_226.w	68ecbe41751997b2687107c9645a52e4e91cf010c03a56998b3df479fe5cc2d8
lib/metaflip/kernels/rectangular/cal2zone_227.w	6daf5555fd78f8677542e5130f550a0c2549feeb632dde78190f67353079737b
lib/metaflip/kernels/rectangular/cal2zone_228.w	db4720a1661b4bc9951876144aac525582d247f7e394f9d19257ada0ff1a22bd
lib/metaflip/kernels/rectangular/cal2zone_229.w	71519c68f888f8f59ddf53a800736435887581f48de6c5d2f601667c73803752
lib/metaflip/kernels/rectangular/cal2zone_234.w	da51259f8262ee060bb4d995894478741f55d62d242b0f1c35166de9f674a0ac
lib/metaflip/kernels/rectangular/cal2zone_235.w	c34a3760916bae89f8e9e6581dbed36d2963c1da9a8d174d3ea0b13db5ecf0b5
lib/metaflip/kernels/rectangular/cal2zone_245.w	5681afb7cc892d6716bd799389410f85ddb1a78220e08b054631503d01a91f06
lib/metaflip/kernels/rectangular/cal2zone_256.w	1e1d02cee734783f66bf17ccc55f8c100e2978f99d2e82cc760fed37d601bb55
lib/metaflip/kernels/rectangular/cal2zone_334.w	3e764efc64260ce526c02091880fee7feeb04ed7e65f0cc277d5313dca674dee
lib/metaflip/kernels/rectangular/cal2zone_335.w	9a348cc6bc6fb4b630c449d406c5d324a731cc1688209c4faecb534ece32b9be
lib/metaflip/kernels/rectangular/cal2zone_344.w	77c3f163aecb47902e18300567970186c9894416fc699eb6ade04478c9a158b4
lib/metaflip/kernels/rectangular/cal2zone_345.w	2d1e8338f070483b68182186bd7b6b43ca9f2f302292e6137c601c53e1ec2816
lib/metaflip/kernels/rectangular/cal2zone_346.w	b6c921689d555ac246de955f751ef6df9451845226b996d34222c27d2d301785
lib/metaflip/kernels/rectangular/cal2zone_347.w	229e9b4209c5b4536a7720dccf7eeb8a3b77b7f046afca45c9bcff569d95194d
lib/metaflip/kernels/rectangular/cal2zone_355.w	78cced4451c3bc97c9dced81530af8d8844e6b6751ff05b80bc3d88523f2177a
lib/metaflip/kernels/rectangular/cal2zone_356.w	4cf9e91e15222184cc1fc0faa604ee64eca57b17160efc2bfdb51bcfe6ec614d
lib/metaflip/kernels/rectangular/cal2zone_357.w	7f38edaf41fbcc489a54e3dce11ce4a1c6737d1c30723b1072a11f39c57599f3
lib/metaflip/kernels/rectangular/cal2zone_445.w	66bc231b11665d5ed44878d8dcc6ef424b41c86bbf2aee2f9d07a87462c50dbe
lib/metaflip/kernels/rectangular/cal2zone_446.w	59b5b5c994bcff3aa684d5a85d5a38d1c76c7632814e0664b483f0b4bdc8b1ac
lib/metaflip/kernels/rectangular/cal2zone_455.w	e2b0c8e929a92416355bea36eb781aa470f5391b12bd71aa09ed48c2bde2c0de
lib/metaflip/kernels/rectangular/cal2zone_456.w	3c57ee6accf0a4e9bc8c8d26dc0c5d9c3b01100794d9fcaaa96c67ef058114e0
lib/metaflip/kernels/rectangular/cal2zone_457.w	5e5910818805e77a157c020e627c9faf5eeadc1026f605b2c9c443c224a55194
lib/metaflip/kernels/rectangular/cal2zone_458.w	3b513f82b6e88eef1a7376c5f1b4ed4c47df9dada7030519f8b9515eae8fc0ab
lib/metaflip/kernels/rectangular/cal2zone_466.w	468c40d99fdef8c643e5db4c79b72eedbffd118debf344c4c7901e48594574d8
lib/metaflip/kernels/rectangular/cal2zone_467.w	f737be99ca51af40a94a5b5913a1688fee2aa92386eec2bbda0518c6aaaeaa39
lib/metaflip/kernels/rectangular/cal2zone_468.w	58ff16e35ddd2ff85f78f36d611269e30788108370c2f353bc100033fa02df22
lib/metaflip/kernels/rectangular/cal2zone_567.w	bc1ba4f9a8e9599b1481174d19d0a3e3e709137d9d394aca8211df7c7ef17c55
lib/metaflip/kernels/reject.w	c3e6d6367e9437cdf95c43511a7f644bf20fe6bf29ade9e92cc1512c7dfc5af4
lib/metaflip/kernels/simd/simdgroup_333.w	a47971d4ed3d5612710ff2af986e875d5d38566eac93b6ba3a60d5f9a0c163b6
lib/metaflip/kernels/simd/simdgroup_444.w	730a3ac89d3530be16667e65c44cb955155a03ec4a0473947b03d3cce42d37df
lib/metaflip/kernels/simd/simdgroup_555.w	fe5ea2e9d6c08d07c71139f3f665aae5d3a21bce72dc868c3d9882f330a4db52
lib/metaflip/kernels/simd/simdgroup_666.w	0dc75c9eb90e345c95ee5659f988b53b463d55488dc6d3009a6d2a233297bee7
lib/metaflip/kernels/simd/simdgroup_777.w	72490991fda8a683757fc1131d746b460369c5f5764ef95a7b7a050559a7e5a8
lib/metaflip/kernels/span_refactor.w	bc9a4084200d84b9269b37d88b4e12a1e63f68c83d972c46ea158669f48340c3
lib/metaflip/kernels/workers/constraint.w	3f2080eccffb3e6a0963601c637e2127fc9e541535572b8b9718e86afcda1226
lib/metaflip/kernels/workers/differential.w	6191c9588d5a9a9891252c6b8eec157de75d5f8db178ec947b1be01ae5fcfb75
lib/metaflip/kernels/workers/frozen_fringe_sat.w	0fc3528bbd9503507add835c5aa546310da2e41b8af62ded0100db5af89cb599
lib/metaflip/kernels/workers/global_kernel_shear.w	5ba6ec042b07e846cda89fd307e1336d10bc30bcd6a79b6c970ca565df22e6ed
lib/metaflip/kernels/workers/kxor.w	96b5398e837862c80f7d09eead37b2a62762aa1bdeccc4ed40545019c4602b06
lib/metaflip/kernels/workers/low_rank_shear.w	4ea57e18fb1c16b9e526c6e6a9d7eb8f425e3629591bc4377322549584492e21
lib/metaflip/kernels/workers/mitm.w	d1be566dda132dcae446653dc8c920added790eb29946ac0bc90775e59760da6
lib/metaflip/kernels/workers/pooled_exact.w	70122cb555c6de221ac6a05a5a9cbd642481eb685560f0755c57cc5a23a2ab22
lib/metaflip/kernels/workers/rect_kxor.w	5824ecfe7715055fe1d5e796c33c3fc8d396281d1a136acaf5caf543686e58e6
lib/metaflip/kernels/workers/rect_mitm.w	0174c10ced3e05725e1e97420904a8c406405718eb0a2e17fa8972eb1ad28bf5
lib/metaflip/kernels/workers/span_refactor.w	bbbb9df445adff03d041e4204dde1591bd1c9579d61c7ea9c19bf00df3131630
lib/metaflip/manifest_check.w	ef12e7a72a31d225cb198ed517b2fe4fc01b1db301522b0f91b498f4e9e46c14
lib/metaflip/paths.w	12f8566a7a8089e03587055552cc3edafe0e13509e1902879f872214a6dce8a4
lib/metaflip/proof.w	25282ad0c3ed091b0f114bf5457d8ed64a8de06f405dfd6fc194480a8186ef01
lib/metaflip/proof/cdcl.w	66593a24e76448a6c843f083d52f5a7db7cdb2e9e1fcce3a99c00ebce5f17adf
lib/metaflip/proof/psi.w	060238e301b1c69aa4f576bd5bd2670da867368171a9f07a42309546d07a6785
lib/metaflip/rect.w	70501226824440780d5b0582e49bcf842bdb3a1a148226c360557c031cdd3e0b
lib/metaflip/rect/basins.w	9e0d84b8964d1a4a16d855ef8ed7942e03c47f610715b9b90d1cb522ad00779e
lib/metaflip/rect/campaign.w	83ca2e3dc15d95583fdac98c87ec9892293872f53fdf50eb1e20b0ab2367b9b7
lib/metaflip/rect/cpu_pool.w	8db8de21738443caf53036b9606996ae77620120b08ddbcce02d403ff9dda981
lib/metaflip/rect/doors.w	8c3b758b34d9bbc25ea095e887e816aacf45cf0f330a6afdc7f414e251368c47
lib/metaflip/rect/policy.w	48465d4533269bdd765ed08b10c31bfdf89a61b1fce9ba2bb494482ee59df62e
lib/metaflip/rect/portfolio.w	363275c5a6eb59f3f634281c9800bdf7d4daa4c495c90b10ccccb549fda32dd7
lib/metaflip/rect/tui.w	449abc61e6c46d37c05395a5294c3d22187e5db52e9d7001dc835e68d90f3227
lib/metaflip/scheme.w	8750b10762dbfa8aaec82e0160f642831f0569db14939e3284904fa075f55261
lib/metaflip/search.w	f2612c20ce3aeffb71c288932da18e39659099fcfc269c3113ce089129779a1d
lib/metaflip/search/finite_map.w	54a9806a18ee833a3ea42d7f0bc9a8d187f9ca3066415e8f188c6d32ea747156
lib/metaflip/seeds/bounds.w	c702a51f1786009eb065c0951a9888f946f55589200c8bfd07b6bb8f8a33e36b
lib/metaflip/seeds/catalog.w	4f40741245c0b31d9c82c008723643b725421e96c6bf82922193223b3cc01ab2
lib/metaflip/seeds/rect.w	4c83b5f7482c0716a75c65c388b8de1dc22b5bd2291dd253549f4a33547215e1
lib/metaflip/seeds/shoulders.w	73f3e997284e9527bb78fcea12386e4fb59a6d26d418e7506e743b5eee8ae295
lib/metaflip/strategies/archive_nullspace.w	4b0d71dc25765c1f10744e7ea49932fa9edadb57b629561473f1266d571c2c25
lib/metaflip/strategies/beam_recipes.w	7b5d4c604afe91d76eb60b31da12311f08b877c88330f6b631843a946084dac1
lib/metaflip/strategies/block_interior.w	2eced2bb409ecc0e7196a6f7555188545638384857d3f07bb8340200fd118e19
lib/metaflip/strategies/circuit_search.w	509af8961ea0da9df7ee7a5e941748f3ae226d0019800d8784f621cc4b35ee97
lib/metaflip/strategies/circuit_search3.w	7fa9120522a79cc1ee27ea7c5b65539c495acb564e6b046863bd249d21275438
lib/metaflip/strategies/circuits.w	32e007275a243727620707020e517109d24d723e1bb6e961f1f88d4404319031
lib/metaflip/strategies/debt_mitm.w	0b92f934f0ddf8684701788489eb4c244badf72ebf4a102022f2fa4e0259e20d
lib/metaflip/strategies/delta_components.w	27ff2419f1430d9dd583bfaaba60a5a4bc516deaa74b3ac76fa3a3ea77922d26
lib/metaflip/strategies/dynamic_syzygy.w	3410b717a555dcab079db96b9f59947a0790413bce1c889115f8f4ea7470b372
lib/metaflip/strategies/escape.w	6d91f22c039899f29062282457151c3b8135951339947bdd26096b4b6c777a05
lib/metaflip/strategies/fixed_rank_pocket.w	4042981533e8e492879a54dc3b4f9526be7945db90cd949da2b4bafa754da019
lib/metaflip/strategies/flatten_gauge.w	e74e630408f38d79d18445cf620c261fc526dd812b8ddbe9df32dc5bc9c8118c
lib/metaflip/strategies/frozen_fringe_sat.w	607bb0dc221fb9331907598d44a2165af96083b09fee44478aed8c4c58269a6f
lib/metaflip/strategies/global_isotropy.w	d8a9ad2f0048f73603338d45ea935df7abb903c5a140c9e72b6aab638685fa90
lib/metaflip/strategies/kernel_shear.w	800c1ecc831d6927fb9f606ab2960c347f50fbe525de8dccfa7c4fdcc648eb6e
lib/metaflip/strategies/kxor_spectator_repair.w	78ae2d254e098c8db449daaa62ee7a4cfe3fcbecbd08f7abf6690a6aa6dac751
lib/metaflip/strategies/low_rank_shear.w	72c1a8dd004d326318b4adc8bf6fa3d94dca82e7934e1c6a272ce4e646b145e2
lib/metaflip/strategies/macro_commutator.w	2962b299cb026c9f6d25aa8644cb70304b0e2b624cbc41508c378f9f9b15052d
lib/metaflip/strategies/macro_core_rewrite.w	b4dade6181116efc581dccedf0adda0e33f4e7179db87a0d6863c2d53fa07bc0
lib/metaflip/strategies/macro_double_annihilation.w	ede76e81436b55a286b10755a0475c30c96d17a8daa001ea5f4318abdecd4c91
lib/metaflip/strategies/macro_goal_beam.w	5296c39510d3c91fe686f01f84f7ca5725b903cb96beae952071a1d762edbfce
lib/metaflip/strategies/macro_holonomy.w	a0be598527ec73a9cf324c35238cac0229a8f90a43f2538fa5a787b33f3930a6
lib/metaflip/strategies/macro_resolved_commutator.w	3f01587dd9c04e52edcd1b0a0ab9e78513abfad9407419c6385f7e629b31df26
lib/metaflip/strategies/matrix_pencil.w	6fd71d0b3d457ef26a695c8b1b1d348982a17f2b3e36014b03605681e3e09aea
lib/metaflip/strategies/mode_locked.w	1e37a7647fbc74d8f6362d2fae107caec16ddf09aef0d7368a586c1b83aa2b18
lib/metaflip/strategies/partial_automorphism.w	0770ebe73d9b1b8793c5a65bb3cf79112e890684d867adb0fd25ff747907bfd7
lib/metaflip/strategies/partial_automorphism_nullspace.w	e6e71b712b7447420467d48ee61f08c9c130a6b1c8d19b1ed5d16fcfe8db841d
lib/metaflip/strategies/pooled_exact.w	6fec86a975d1f308335a2a5d12e51241a7ce6d2c5b5fd333a7d5a762b66f3e49
lib/metaflip/strategies/projective_circuit.w	43873a7fb6ed0167b4ecf6c7e5a41008800f5502e5cbba2250c5b3819fcc6b09
lib/metaflip/strategies/rank_one_completion.w	6c5537fb0645732646267f2bfc528f189aebcac77bf4a329f025e06939b11691
lib/metaflip/strategies/rank_three_completion.w	a251b1562551655e24c06c5754627f0c927bc9e692f9c62a93ad159e3257bc40
lib/metaflip/strategies/rank_two_completion.w	1ce457029dbab50eac283764efaf6e04a342e7bc4ca954e3b44c475630434761
lib/metaflip/strategies/rect_block_interior.w	2aa596249c86447e16f160090c6d67eca7b31f5bd48e9038df53dc23b28f7be2
lib/metaflip/strategies/rect_catalyst_lift.w	545f65a3f6d5b80d7762aa63db706aa2e8ec99b257c1979dffb554d05cfc6ee7
lib/metaflip/strategies/rect_catalyst_lift2.w	facdac4ff529aa0b5a5f27df30aebaa98a00193c97c6a9624c7e731127c8b367
lib/metaflip/strategies/rect_endpoint_path.w	cae2d81047362e9c6b5c506da779553043248250b9a514b551923480c26522e8
lib/metaflip/strategies/rect_endpoint_rankdown.w	2e31b97bfbdd27ba4a8e67a502d02ed2acaec8af87aed2e5f532b273af70ec79
lib/metaflip/strategies/rect_endpoint_rankdown2.w	53e4c3ea1a65b6362fe98999f40050af994ee863cd5ed404919192578057ab9f
lib/metaflip/strategies/sat_repair.w	5046b3c7a360c5679bc5b9df7d038aa6fc46abc1d177c086e853d834f521f219
lib/metaflip/strategies/shear.w	0bb5417d5db3945221f05ad81af7b4a2a0b858e2e1258853c2eb22834092ef16
lib/metaflip/strategies/span_refactor.w	5a1331fbecde05c53bbc31ccabf3dd056d600f64315f072dabbff03328ed9255
lib/metaflip/strategies/syndrome_repair.w	64e2cc9f0651c5192dab2a2c14e3996a5343d8805b18e08994303f1f2f5000f8
lib/metaflip/strategies/tunnel.w	2f5cbed4cef9115f950c84ee3a867c41e2a9bbf9b99f5f786635abf96ab67104
lib/metaflip/tui.w	22f0d709f6c5bcd8472b209e062c7bd9d1e8a29edcc7f723f92053b00f7120d4
lib/metaflip/verify.w	d7797de5ae678fe43741526112f0126b811e4f3030cb8c19956ca007e737497e
